bs,layer,source,x,probability
1,0,predicted,1,0.11907762096774194
1,0,predicted,2,0.7702872983870969
1,0,predicted,3,0.1101310483870968
1,0,predicted,4,0.0005040322580645178
1,0,fixed_actual,1,0.11907762096774194
1,0,fixed_actual,2,0.7702872983870968
1,0,fixed_actual,3,0.11013104838709678
1,0,fixed_actual,4,0.0005040322580645161
1,0,cont_sim,1,0.1177
1,0,cont_sim,2,0.77015
1,0,cont_sim,3,0.11155
1,0,cont_sim,4,0.0006
1,1,predicted,1,0.1498235887096774
1,1,predicted,2,0.724546370967742
1,1,predicted,3,0.12462197580645164
1,1,predicted,4,0.0010080645161290262
1,1,fixed_actual,1,0.1498235887096774
1,1,fixed_actual,2,0.7245463709677419
1,1,fixed_actual,3,0.12462197580645161
1,1,fixed_actual,4,0.0010080645161290322
1,1,cont_sim,1,0.15065
1,1,cont_sim,2,0.7246
1,1,cont_sim,3,0.12325
1,1,cont_sim,4,0.0015
1,2,predicted,1,0.12789818548387094
1,2,predicted,2,0.6628024193548386
1,2,predicted,3,0.2084173387096774
1,2,predicted,4,0.0008820564516129019
1,2,fixed_actual,1,0.12789818548387097
1,2,fixed_actual,2,0.6628024193548387
1,2,fixed_actual,3,0.2084173387096774
1,2,fixed_actual,4,0.0008820564516129032
1,2,cont_sim,1,0.1266
1,2,cont_sim,2,0.66615
1,2,cont_sim,3,0.2063
1,2,cont_sim,4,0.00095
1,3,predicted,1,0.07207661290322581
1,3,predicted,2,0.7123235887096775
1,3,predicted,3,0.2111895161290323
1,3,predicted,4,0.004410282258064522
1,3,fixed_actual,1,0.07207661290322581
1,3,fixed_actual,2,0.7123235887096774
1,3,fixed_actual,3,0.21118951612903225
1,3,fixed_actual,4,0.0044102822580645165
1,3,cont_sim,1,0.07125
1,3,cont_sim,2,0.71325
1,3,cont_sim,3,0.21115
1,3,cont_sim,4,0.00435
1,4,predicted,1,0.15927419354838707
1,4,predicted,2,0.7923387096774193
1,4,predicted,3,0.048387096774193554
1,4,fixed_actual,1,0.1592741935483871
1,4,fixed_actual,2,0.7923387096774194
1,4,fixed_actual,3,0.04838709677419355
1,4,cont_sim,1,0.1597
1,4,cont_sim,2,0.79015
1,4,cont_sim,3,0.05015
1,5,predicted,1,0.23513104838709675
1,5,predicted,2,0.7345010080645161
1,5,predicted,3,0.030367943548387132
1,5,fixed_actual,1,0.23513104838709678
1,5,fixed_actual,2,0.7345010080645161
1,5,fixed_actual,3,0.030367943548387098
1,5,cont_sim,1,0.23505
1,5,cont_sim,2,0.7351
1,5,cont_sim,3,0.02985
1,6,predicted,1,0.20501512096774194
1,6,predicted,2,0.733366935483871
1,6,predicted,3,0.059601814516129024
1,6,predicted,4,0.0020161290322580692
1,6,fixed_actual,1,0.20501512096774194
1,6,fixed_actual,2,0.733366935483871
1,6,fixed_actual,3,0.05960181451612903
1,6,fixed_actual,4,0.0020161290322580645
1,6,cont_sim,1,0.2048
1,6,cont_sim,2,0.7341
1,6,cont_sim,3,0.05905
1,6,cont_sim,4,0.00205
1,7,predicted,1,0.11227318548387093
1,7,predicted,2,0.8500504032258064
1,7,predicted,3,0.037676411290322606
1,7,fixed_actual,1,0.11227318548387097
1,7,fixed_actual,2,0.8500504032258065
1,7,fixed_actual,3,0.03767641129032258
1,7,cont_sim,1,0.1091
1,7,cont_sim,2,0.8522
1,7,cont_sim,3,0.0387
1,8,predicted,1,0.2316028225806452
1,8,predicted,2,0.6706149193548386
1,8,predicted,3,0.09576612903225813
1,8,predicted,4,0.00201612903225806
1,8,fixed_actual,1,0.23160282258064516
1,8,fixed_actual,2,0.6706149193548387
1,8,fixed_actual,3,0.09576612903225806
1,8,fixed_actual,4,0.0020161290322580645
1,8,cont_sim,1,0.23145
1,8,cont_sim,2,0.674
1,8,cont_sim,3,0.0923
1,8,cont_sim,4,0.00225
1,9,predicted,1,0.14490927419354835
1,9,predicted,2,0.8108618951612903
1,9,predicted,3,0.04385080645161294
1,9,predicted,4,0.00037802419354838736
1,9,fixed_actual,1,0.14490927419354838
1,9,fixed_actual,2,0.8108618951612904
1,9,fixed_actual,3,0.043850806451612906
1,9,fixed_actual,4,0.0003780241935483871
1,9,cont_sim,1,0.14455
1,9,cont_sim,2,0.8132
1,9,cont_sim,3,0.04165
1,9,cont_sim,4,0.0006
1,10,predicted,1,0.283266129032258
1,10,predicted,2,0.7096774193548387
1,10,predicted,3,0.007056451612903235
1,10,fixed_actual,1,0.28326612903225806
1,10,fixed_actual,2,0.7096774193548387
1,10,fixed_actual,3,0.007056451612903226
1,10,cont_sim,1,0.2809
1,10,cont_sim,2,0.7118
1,10,cont_sim,3,0.0073
1,11,predicted,1,0.11088709677419356
1,11,predicted,2,0.8205645161290323
1,11,predicted,3,0.06854838709677426
1,11,fixed_actual,1,0.11088709677419355
1,11,fixed_actual,2,0.8205645161290323
1,11,fixed_actual,3,0.06854838709677419
1,11,cont_sim,1,0.1085
1,11,cont_sim,2,0.8244
1,11,cont_sim,3,0.0671
1,12,predicted,1,0.36038306451612917
1,12,predicted,2,0.6043346774193548
1,12,predicted,3,0.035156250000000035
1,12,predicted,4,0.00012600806451613193
1,12,fixed_actual,1,0.36038306451612906
1,12,fixed_actual,2,0.6043346774193549
1,12,fixed_actual,3,0.03515625
1,12,fixed_actual,4,0.00012600806451612903
1,12,cont_sim,1,0.3603
1,12,cont_sim,2,0.60235
1,12,cont_sim,3,0.03725
1,12,cont_sim,4,0.0001
1,13,predicted,1,0.06262600806451611
1,13,predicted,2,0.885836693548387
1,13,predicted,3,0.05153729838709677
1,13,fixed_actual,1,0.06262600806451613
1,13,fixed_actual,2,0.8858366935483871
1,13,fixed_actual,3,0.051537298387096774
1,13,cont_sim,1,0.06185
1,13,cont_sim,2,0.88915
1,13,cont_sim,3,0.049
1,14,predicted,1,0.06363407258064516
1,14,predicted,2,0.7949848790322581
1,14,predicted,3,0.139616935483871
1,14,predicted,4,0.0017641129032257984
1,14,fixed_actual,1,0.06363407258064516
1,14,fixed_actual,2,0.7949848790322581
1,14,fixed_actual,3,0.13961693548387097
1,14,fixed_actual,4,0.0017641129032258064
1,14,cont_sim,1,0.0623
1,14,cont_sim,2,0.7971
1,14,cont_sim,3,0.13855
1,14,cont_sim,4,0.00205
1,15,predicted,1,0.10912298387096772
1,15,predicted,2,0.770665322580645
1,15,predicted,3,0.11554939516129031
1,15,predicted,4,0.004662298387096773
1,15,fixed_actual,1,0.10912298387096774
1,15,fixed_actual,2,0.7706653225806451
1,15,fixed_actual,3,0.11554939516129033
1,15,fixed_actual,4,0.004662298387096774
1,15,cont_sim,1,0.10605
1,15,cont_sim,2,0.77255
1,15,cont_sim,3,0.11655
1,15,cont_sim,4,0.00485
1,16,predicted,1,0.2066532258064516
1,16,predicted,2,0.7632308467741935
1,16,predicted,3,0.030115927419354795
1,16,fixed_actual,1,0.20665322580645162
1,16,fixed_actual,2,0.7632308467741935
1,16,fixed_actual,3,0.03011592741935484
1,16,cont_sim,1,0.20745
1,16,cont_sim,2,0.7624
1,16,cont_sim,3,0.03015
1,17,predicted,1,0.09097782258064516
1,17,predicted,2,0.8515625
1,17,predicted,3,0.05745967741935486
1,17,fixed_actual,1,0.09097782258064516
1,17,fixed_actual,2,0.8515625
1,17,fixed_actual,3,0.057459677419354836
1,17,cont_sim,1,0.09195
1,17,cont_sim,2,0.85325
1,17,cont_sim,3,0.0548
1,18,predicted,1,0.15637600806451615
1,18,predicted,2,0.7894405241935484
1,18,predicted,3,0.0541834677419355
1,18,fixed_actual,1,0.15637600806451613
1,18,fixed_actual,2,0.7894405241935484
1,18,fixed_actual,3,0.054183467741935484
1,18,cont_sim,1,0.1623
1,18,cont_sim,2,0.78315
1,18,cont_sim,3,0.05455
1,19,predicted,1,0.14831149193548387
1,19,predicted,2,0.7837701612903225
1,19,predicted,3,0.06766633064516131
1,19,predicted,4,0.00025201612903225546
1,19,fixed_actual,1,0.14831149193548387
1,19,fixed_actual,2,0.7837701612903226
1,19,fixed_actual,3,0.0676663306451613
1,19,fixed_actual,4,0.00025201612903225806
1,19,cont_sim,1,0.1545
1,19,cont_sim,2,0.7771
1,19,cont_sim,3,0.06825
1,19,cont_sim,4,0.00015
1,20,predicted,1,0.1050907258064516
1,20,predicted,2,0.8529485887096774
1,20,predicted,3,0.04183467741935487
1,20,predicted,4,0.00012600806451612485
1,20,fixed_actual,1,0.10509072580645161
1,20,fixed_actual,2,0.8529485887096774
1,20,fixed_actual,3,0.041834677419354836
1,20,fixed_actual,4,0.00012600806451612903
1,20,cont_sim,1,0.10495
1,20,cont_sim,2,0.8537
1,20,cont_sim,3,0.0413
1,20,cont_sim,4,5e-05
1,21,predicted,1,0.14440524193548387
1,21,predicted,2,0.8274949596774193
1,21,predicted,3,0.028099798387096753
1,21,fixed_actual,1,0.14440524193548387
1,21,fixed_actual,2,0.8274949596774194
1,21,fixed_actual,3,0.028099798387096774
1,21,cont_sim,1,0.14765
1,21,cont_sim,2,0.8245
1,21,cont_sim,3,0.02785
1,22,predicted,1,0.22895665322580644
1,22,predicted,2,0.7626008064516128
1,22,predicted,3,0.008442540322580657
1,22,fixed_actual,1,0.22895665322580644
1,22,fixed_actual,2,0.7626008064516129
1,22,fixed_actual,3,0.008442540322580645
1,22,cont_sim,1,0.2292
1,22,cont_sim,2,0.76215
1,22,cont_sim,3,0.00865
1,23,predicted,1,0.2523941532258065
1,23,predicted,2,0.6861139112903225
1,23,predicted,3,0.06149193548387095
1,23,fixed_actual,1,0.25239415322580644
1,23,fixed_actual,2,0.6861139112903226
1,23,fixed_actual,3,0.06149193548387097
1,23,cont_sim,1,0.25055
1,23,cont_sim,2,0.68785
1,23,cont_sim,3,0.0616
2,0,predicted,2,0.05292505429016811
2,0,predicted,3,0.576293151410884
2,0,predicted,4,0.3105929689278339
2,0,predicted,5,0.05552096967270421
2,0,predicted,6,0.004623301939711257
2,0,predicted,7,4.43949783754048e-05
2,0,predicted,8,1.587803232353266e-07
2,0,fixed_actual,2,0.04158266129032258
2,0,fixed_actual,3,0.4722782258064516
2,0,fixed_actual,4,0.39818548387096775
2,0,fixed_actual,5,0.05216733870967742
2,0,fixed_actual,6,0.03578629032258065
2,0,cont_sim,2,0.0524
2,0,cont_sim,3,0.57885
2,0,cont_sim,4,0.3068
2,0,cont_sim,5,0.0575
2,0,cont_sim,6,0.00445
2,1,predicted,2,0.05170473223794388
2,1,predicted,3,0.5945291668021592
2,1,predicted,4,0.29414489936630134
2,1,predicted,5,0.05350585683451489
2,1,predicted,6,0.006024617682386548
2,1,predicted,7,9.025073572450326e-05
2,1,predicted,8,4.763409696868054e-07
2,1,fixed_actual,2,0.04712701612903226
2,1,fixed_actual,3,0.5040322580645161
2,1,fixed_actual,4,0.3649193548387097
2,1,fixed_actual,5,0.06300403225806452
2,1,fixed_actual,6,0.020917338709677418
2,1,cont_sim,2,0.05265
2,1,cont_sim,3,0.5913
2,1,cont_sim,4,0.2963
2,1,cont_sim,5,0.05395
2,1,cont_sim,6,0.0058
2,2,predicted,2,0.042257652322409925
2,2,predicted,3,0.5025211457283266
2,2,predicted,4,0.31214842860830194
2,2,predicted,5,0.1086958648014763
2,2,predicted,6,0.03405491792200507
2,2,predicted,7,0.00032121259389633286
2,2,predicted,8,7.780235838330551e-07
2,2,fixed_actual,2,0.042086693548387094
2,2,fixed_actual,3,0.40599798387096775
2,2,fixed_actual,4,0.35408266129032256
2,2,fixed_actual,5,0.11617943548387097
2,2,fixed_actual,6,0.08165322580645161
2,2,cont_sim,2,0.04185
2,2,cont_sim,3,0.51065
2,2,cont_sim,4,0.3109
2,2,cont_sim,5,0.10255
2,2,cont_sim,6,0.0336
2,2,cont_sim,7,0.00045
2,3,predicted,2,0.029482679734244916
2,3,predicted,3,0.3626091646478277
2,3,predicted,4,0.38513775844355647
2,3,predicted,5,0.1854248681996293
2,3,predicted,6,0.03581810989935615
2,3,predicted,7,0.0015090481919875073
2,3,predicted,8,1.8370883397827967e-05
2,3,fixed_actual,2,0.03024193548387097
2,3,fixed_actual,3,0.33014112903225806
2,3,fixed_actual,4,0.4188508064516129
2,3,fixed_actual,5,0.11466733870967742
2,3,fixed_actual,6,0.1003024193548387
2,3,fixed_actual,7,0.0057963709677419355
2,3,cont_sim,2,0.02915
2,3,cont_sim,3,0.36185
2,3,cont_sim,4,0.38525
2,3,cont_sim,5,0.1871
2,3,cont_sim,6,0.03515
2,3,cont_sim,7,0.0015
2,4,predicted,2,0.04255338067442766
2,4,predicted,3,0.6405890203787558
2,4,predicted,4,0.28417301872642436
2,4,predicted,5,0.031435518929663155
2,4,predicted,6,0.0012490612907290668
2,4,fixed_actual,2,0.04788306451612903
2,4,fixed_actual,3,0.5546875
2,4,fixed_actual,4,0.35408266129032256
2,4,fixed_actual,5,0.025453629032258066
2,4,fixed_actual,6,0.017893145161290324
2,4,cont_sim,2,0.0434
2,4,cont_sim,3,0.63725
2,4,cont_sim,4,0.28765
2,4,cont_sim,5,0.03075
2,4,cont_sim,6,0.00095
2,5,predicted,2,0.0684189811333409
2,5,predicted,3,0.6757819168773576
2,5,predicted,4,0.24039256783603505
2,5,predicted,5,0.015044149821556333
2,5,predicted,6,0.00036238433171015136
2,5,fixed_actual,2,0.09753024193548387
2,5,fixed_actual,3,0.5425907258064516
2,5,fixed_actual,4,0.3419858870967742
2,5,fixed_actual,5,0.017893145161290324
2,5,cont_sim,2,0.06725
2,5,cont_sim,3,0.6756
2,5,cont_sim,4,0.24115
2,5,cont_sim,5,0.01565
2,5,cont_sim,6,0.00035
2,6,predicted,2,0.0787724585240391
2,6,predicted,3,0.6193693956897112
2,6,predicted,4,0.2725879935146495
2,6,predicted,5,0.02722085402981923
2,6,predicted,6,0.0019182092069215363
2,6,predicted,7,0.00012702425858480786
2,6,predicted,8,4.064776274712479e-06
2,6,fixed_actual,2,0.07787298387096774
2,6,fixed_actual,3,0.5143649193548387
2,6,fixed_actual,4,0.3755040322580645
2,6,fixed_actual,5,0.030493951612903226
2,6,fixed_actual,6,0.0017641129032258064
2,6,cont_sim,2,0.0785
2,6,cont_sim,3,0.62195
2,6,cont_sim,4,0.27095
2,6,cont_sim,5,0.02645
2,6,cont_sim,6,0.00205
2,6,cont_sim,7,0.0001
2,7,predicted,2,0.04887904584966018
2,7,predicted,3,0.6066836417651698
2,7,predicted,4,0.3143218454287526
2,7,predicted,5,0.02926086362269124
2,7,predicted,6,0.0008546033337262668
2,7,fixed_actual,2,0.04359879032258065
2,7,fixed_actual,3,0.5201612903225806
2,7,fixed_actual,4,0.39642137096774194
2,7,fixed_actual,5,0.03654233870967742
2,7,fixed_actual,6,0.003276209677419355
2,7,cont_sim,2,0.0499
2,7,cont_sim,3,0.60835
2,7,cont_sim,4,0.31195
2,7,cont_sim,5,0.02895
2,7,cont_sim,6,0.00085
2,8,predicted,2,0.07650963250357698
2,8,predicted,3,0.592408401536892
2,8,predicted,4,0.2564728386568353
2,8,predicted,5,0.06500695076742974
2,8,predicted,6,0.009241427640885161
2,8,predicted,7,0.00035668411810613497
2,8,predicted,8,4.0647762747102775e-06
2,8,fixed_actual,2,0.109375
2,8,fixed_actual,3,0.4952116935483871
2,8,fixed_actual,4,0.3137600806451613
2,8,fixed_actual,5,0.04662298387096774
2,8,fixed_actual,6,0.03452620967741935
2,8,fixed_actual,7,0.0005040322580645161
2,8,cont_sim,2,0.0738
2,8,cont_sim,3,0.5928
2,8,cont_sim,4,0.25785
2,8,cont_sim,5,0.06635
2,8,cont_sim,6,0.00885
2,8,cont_sim,7,0.00035
2,9,predicted,2,0.03738606559126237
2,9,predicted,3,0.5294319335429404
2,9,predicted,4,0.39518798129491567
2,9,predicted,5,0.036445832029217626
2,9,predicted,6,0.001523370177142945
2,9,predicted,7,2.4674462230099497e-05
2,9,predicted,8,1.4290229090590395e-07
2,9,fixed_actual,2,0.059727822580645164
2,9,fixed_actual,3,0.4412802419354839
2,9,fixed_actual,4,0.4586693548387097
2,9,fixed_actual,5,0.03780241935483871
2,9,fixed_actual,6,0.0022681451612903227
2,9,fixed_actual,7,0.00025201612903225806
2,9,cont_sim,2,0.03455
2,9,cont_sim,3,0.53235
2,9,cont_sim,4,0.395
2,9,cont_sim,5,0.03655
2,9,cont_sim,6,0.00155
2,10,predicted,2,0.09046699452474635
2,10,predicted,3,0.6942597864569784
2,10,predicted,4,0.2120894830011056
2,10,predicted,5,0.0031510590266486853
2,10,predicted,6,3.267699052094563e-05
2,10,fixed_actual,2,0.12172379032258064
2,10,fixed_actual,3,0.5715725806451613
2,10,fixed_actual,4,0.3019153225806452
2,10,fixed_actual,5,0.004788306451612903
2,10,cont_sim,2,0.09175
2,10,cont_sim,3,0.6913
2,10,cont_sim,4,0.2139
2,10,cont_sim,5,0.00305
2,11,predicted,2,0.015660947865179506
2,11,predicted,3,0.4787732937085392
2,11,predicted,4,0.4265124333884786
2,11,predicted,5,0.07464104214766532
2,11,predicted,6,0.0044122828901373284
2,11,fixed_actual,2,0.021169354838709676
2,11,fixed_actual,3,0.4498487903225806
2,11,fixed_actual,4,0.45110887096774194
2,11,fixed_actual,5,0.04586693548387097
2,11,fixed_actual,6,0.032006048387096774
2,11,cont_sim,2,0.0169
2,11,cont_sim,3,0.48085
2,11,cont_sim,4,0.42285
2,11,cont_sim,5,0.07475
2,11,cont_sim,6,0.00465
2,12,predicted,2,0.13688451665745313
2,12,predicted,3,0.6282221608553916
2,12,predicted,4,0.20994366220083246
2,12,predicted,5,0.02390990321767691
2,12,predicted,6,0.0010394236299671776
2,12,predicted,7,3.175606464640297e-07
2,12,predicted,8,1.5878032324176094e-08
2,12,fixed_actual,2,0.1741431451612903
2,12,fixed_actual,3,0.5345262096774194
2,12,fixed_actual,4,0.25151209677419356
2,12,fixed_actual,5,0.038558467741935484
2,12,fixed_actual,6,0.0012600806451612903
2,12,cont_sim,2,0.14205
2,12,cont_sim,3,0.62115
2,12,cont_sim,4,0.211
2,12,cont_sim,5,0.0245
2,12,cont_sim,6,0.00125
2,12,cont_sim,7,5e-05
2,13,predicted,2,0.019056512711571615
2,13,predicted,3,0.5529607957409274
2,13,predicted,4,0.3887748916737124
2,13,predicted,5,0.03802328278445306
2,13,predicted,6,0.00118451708933565
2,13,fixed_actual,2,0.017137096774193547
2,13,fixed_actual,3,0.48689516129032256
2,13,fixed_actual,4,0.4586693548387097
2,13,fixed_actual,5,0.03528225806451613
2,13,fixed_actual,6,0.0020161290322580645
2,13,cont_sim,2,0.01825
2,13,cont_sim,3,0.5394
2,13,cont_sim,4,0.4032
2,13,cont_sim,5,0.0378
2,13,cont_sim,6,0.00135
2,14,predicted,2,0.044065683863041424
2,14,predicted,3,0.56844822846888
2,14,predicted,4,0.3032420750835311
2,14,predicted,5,0.074514144913339
2,14,predicted,6,0.009540792062304944
2,14,predicted,7,0.00018723375715401483
2,14,predicted,8,1.8418517494775806e-06
2,14,fixed_actual,2,0.027721774193548387
2,14,fixed_actual,3,0.4493447580645161
2,14,fixed_actual,4,0.42086693548387094
2,14,fixed_actual,5,0.0793850806451613
2,14,fixed_actual,6,0.02242943548387097
2,14,fixed_actual,7,0.00025201612903225806
2,14,cont_sim,2,0.0455
2,14,cont_sim,3,0.5628
2,14,cont_sim,4,0.30535
2,14,cont_sim,5,0.07715
2,14,cont_sim,6,0.00915
2,14,cont_sim,7,5e-05
2,15,predicted,2,0.048753371223822846
2,15,predicted,3,0.58941424922566
2,15,predicted,4,0.2867975304451744
2,15,predicted,5,0.06400466585506638
2,15,predicted,6,0.010231788150973933
2,15,predicted,7,0.0007766580730521606
2,15,predicted,8,2.1737026250325842e-05
2,15,fixed_actual,2,0.06023185483870968
2,15,fixed_actual,3,0.47454637096774194
2,15,fixed_actual,4,0.34475806451612906
2,15,fixed_actual,5,0.078125
2,15,fixed_actual,6,0.04158266129032258
2,15,fixed_actual,7,0.0005040322580645161
2,15,fixed_actual,8,0.00025201612903225806
2,15,cont_sim,2,0.0477
2,15,cont_sim,3,0.58825
2,15,cont_sim,4,0.28885
2,15,cont_sim,5,0.0639
2,15,cont_sim,6,0.0105
2,15,cont_sim,7,0.0008
2,16,predicted,2,0.08103734868870316
2,16,predicted,3,0.6980601934935126
2,16,predicted,4,0.2097573970036502
2,16,predicted,5,0.01066390880064713
2,16,predicted,6,0.000481152013486926
2,16,fixed_actual,2,0.08644153225806452
2,16,fixed_actual,3,0.5630040322580645
2,16,fixed_actual,4,0.31930443548387094
2,16,fixed_actual,5,0.027973790322580645
2,16,fixed_actual,6,0.003276209677419355
2,16,cont_sim,2,0.08115
2,16,cont_sim,3,0.69835
2,16,cont_sim,4,0.2081
2,16,cont_sim,5,0.01195
2,16,cont_sim,6,0.00045
2,17,predicted,2,0.04564435722676574
2,17,predicted,3,0.5944730538359294
2,17,predicted,4,0.31334229785867584
2,17,predicted,5,0.04367818048419621
2,17,predicted,6,0.0028621105944329032
2,17,fixed_actual,2,0.06602822580645161
2,17,fixed_actual,3,0.4826108870967742
2,17,fixed_actual,4,0.39642137096774194
2,17,fixed_actual,5,0.04813508064516129
2,17,fixed_actual,6,0.006804435483870968
2,17,cont_sim,2,0.0441
2,17,cont_sim,3,0.5957
2,17,cont_sim,4,0.3131
2,17,cont_sim,5,0.0449
2,17,cont_sim,6,0.0022
2,18,predicted,2,0.055644834202856715
2,18,predicted,3,0.6169539023884627
2,18,predicted,4,0.3033204490510779
2,18,predicted,5,0.022565764269397125
2,18,predicted,6,0.0015150500882056407
2,18,fixed_actual,2,0.049647177419354836
2,18,fixed_actual,3,0.5297379032258065
2,18,fixed_actual,4,0.37474798387096775
2,18,fixed_actual,5,0.01663306451612903
2,18,fixed_actual,6,0.029233870967741934
2,18,cont_sim,2,0.0556
2,18,cont_sim,3,0.6166
2,18,cont_sim,4,0.30335
2,18,cont_sim,5,0.02295
2,18,cont_sim,6,0.0015
2,19,predicted,2,0.03860630825332499
2,19,predicted,3,0.5402019075995058
2,19,predicted,4,0.36186273834831867
2,19,predicted,5,0.056508869087782895
2,19,predicted,6,0.002812174182776743
2,19,predicted,7,7.939016161553363e-06
2,19,predicted,8,6.35121292933727e-08
2,19,fixed_actual,2,0.05997983870967742
2,19,fixed_actual,3,0.43850806451612906
2,19,fixed_actual,4,0.4284274193548387
2,19,fixed_actual,5,0.06804435483870967
2,19,fixed_actual,6,0.005040322580645161
2,19,cont_sim,2,0.03935
2,19,cont_sim,3,0.5377
2,19,cont_sim,4,0.36075
2,19,cont_sim,5,0.0584
2,19,cont_sim,6,0.0038
2,20,predicted,2,0.04871135795029592
2,20,predicted,3,0.6525492117382609
2,20,predicted,4,0.2758352257830793
2,20,predicted,5,0.02229339250292665
2,20,predicted,6,0.0006076840530697492
2,20,predicted,7,3.112094335329179e-06
2,20,predicted,8,1.587803232345564e-08
2,20,fixed_actual,2,0.04536290322580645
2,20,fixed_actual,3,0.5493951612903226
2,20,fixed_actual,4,0.3611391129032258
2,20,fixed_actual,5,0.03654233870967742
2,20,fixed_actual,6,0.007560483870967742
2,20,cont_sim,2,0.04665
2,20,cont_sim,3,0.65525
2,20,cont_sim,4,0.27295
2,20,cont_sim,5,0.02455
2,20,cont_sim,6,0.0006
2,21,predicted,2,0.03787596640055932
2,21,predicted,3,0.5937518418517495
2,21,predicted,4,0.3489393061579329
2,21,predicted,5,0.019152050832059724
2,21,predicted,6,0.00028083475769870737
2,21,fixed_actual,2,0.0655241935483871
2,21,fixed_actual,3,0.47505040322580644
2,21,fixed_actual,4,0.4296875
2,21,fixed_actual,5,0.028729838709677418
2,21,fixed_actual,6,0.0010080645161290322
2,21,cont_sim,2,0.03835
2,21,cont_sim,3,0.5954
2,21,cont_sim,4,0.34845
2,21,cont_sim,5,0.01755
2,21,cont_sim,6,0.00025
2,22,predicted,2,0.12788397464494178
2,22,predicted,3,0.6721426718689028
2,22,predicted,4,0.19632139017380992
2,22,predicted,5,0.003629337116285169
2,22,predicted,6,2.2626196060440716e-05
2,22,fixed_actual,2,0.11491935483870967
2,22,fixed_actual,3,0.5572076612903226
2,22,fixed_actual,4,0.3251008064516129
2,22,fixed_actual,5,0.002772177419354839
2,22,cont_sim,2,0.1277
2,22,cont_sim,3,0.6709
2,22,cont_sim,4,0.19775
2,22,cont_sim,5,0.00355
2,22,cont_sim,6,0.0001
2,23,predicted,2,0.06903125393775199
2,23,predicted,3,0.6135861082206037
2,23,predicted,4,0.2772747917056208
2,23,predicted,5,0.03762061588473921
2,23,predicted,6,0.002487230251284444
2,23,fixed_actual,2,0.0950100806451613
2,23,fixed_actual,3,0.5383064516129032
2,23,fixed_actual,4,0.3142641129032258
2,23,fixed_actual,5,0.020917338709677418
2,23,fixed_actual,6,0.03150201612903226
2,23,cont_sim,2,0.0687
2,23,cont_sim,3,0.61785
2,23,cont_sim,4,0.2723
2,23,cont_sim,5,0.0387
2,23,cont_sim,6,0.00245
4,0,predicted,4,0.01765522934230969
4,0,predicted,5,0.32916196878571086
4,0,predicted,6,0.3810829686524275
4,0,predicted,7,0.19122103405896237
4,0,predicted,8,0.06373442137946757
4,0,predicted,9,0.01467799646479713
4,0,predicted,10,0.0022408814842231183
4,0,predicted,11,0.00021386434769426276
4,0,predicted,12,1.1435168167728273e-05
4,0,predicted,13,1.9840254975320003e-07
4,0,predicted,14,1.9038614157325626e-09
4,0,predicted,15,9.808162399245807e-12
4,0,predicted,16,2.0421311253217497e-14
4,0,fixed_actual,4,0.014112903225806451
4,0,fixed_actual,5,0.23840725806451613
4,0,fixed_actual,6,0.30997983870967744
4,0,fixed_actual,7,0.171875
4,0,fixed_actual,8,0.21118951612903225
4,0,fixed_actual,9,0.019153225806451613
4,0,fixed_actual,10,0.0025201612903225806
4,0,fixed_actual,11,0.0005040322580645161
4,0,fixed_actual,12,0.03225806451612903
4,0,cont_sim,4,0.0173
4,0,cont_sim,5,0.3319
4,0,cont_sim,6,0.37885
4,0,cont_sim,7,0.19
4,0,cont_sim,8,0.0636
4,0,cont_sim,9,0.0155
4,0,cont_sim,10,0.0025
4,0,cont_sim,11,0.0003
4,0,cont_sim,12,5e-05
4,1,predicted,4,0.019047650669762013
4,1,predicted,5,0.3436509294133333
4,1,predicted,6,0.38853358327044846
4,1,predicted,7,0.17990549108050818
4,1,predicted,8,0.05451887725704862
4,1,predicted,9,0.01206374418025313
4,1,predicted,10,0.002000837426991268
4,1,predicted,11,0.0002550872115072701
4,1,predicted,12,2.309696576910489e-05
4,1,predicted,13,6.92667850351545e-07
4,1,predicted,14,9.792043745425831e-09
4,1,predicted,15,6.43228284405033e-11
4,1,predicted,16,1.6160441318480822e-13
4,1,fixed_actual,4,0.017641129032258066
4,1,fixed_actual,5,0.2626008064516129
4,1,fixed_actual,6,0.31955645161290325
4,1,fixed_actual,7,0.19506048387096775
4,1,fixed_actual,8,0.1436491935483871
4,1,fixed_actual,9,0.028729838709677418
4,1,fixed_actual,10,0.017137096774193547
4,1,fixed_actual,11,0.01310483870967742
4,1,fixed_actual,12,0.0025201612903225806
4,1,cont_sim,4,0.01925
4,1,cont_sim,5,0.3401
4,1,cont_sim,6,0.39005
4,1,cont_sim,7,0.1797
4,1,cont_sim,8,0.05605
4,1,cont_sim,9,0.0123
4,1,cont_sim,10,0.00215
4,1,cont_sim,11,0.00035
4,1,cont_sim,12,5e-05
4,2,predicted,4,0.01230244748442631
4,2,predicted,5,0.24806040029211182
4,2,predicted,6,0.31998201685264166
4,2,predicted,7,0.20895674233496805
4,2,predicted,8,0.11905623724745147
4,2,predicted,9,0.05975145139244729
4,2,predicted,10,0.023892628496987204
4,2,predicted,11,0.006781326367498506
4,2,predicted,12,0.0011948357521831868
4,2,predicted,13,2.1757773032567627e-05
4,2,predicted,14,1.555058246599815e-07
4,2,predicted,15,4.998219462025951e-10
4,2,predicted,16,6.053204421266941e-13
4,2,fixed_actual,4,0.009072580645161291
4,2,fixed_actual,5,0.19102822580645162
4,2,fixed_actual,6,0.24092741935483872
4,2,fixed_actual,7,0.18850806451612903
4,2,fixed_actual,8,0.1819556451612903
4,2,fixed_actual,9,0.06350806451612903
4,2,fixed_actual,10,0.05090725806451613
4,2,fixed_actual,11,0.03881048387096774
4,2,fixed_actual,12,0.03528225806451613
4,2,cont_sim,4,0.0105
4,2,cont_sim,5,0.25155
4,2,cont_sim,6,0.31855
4,2,cont_sim,7,0.20925
4,2,cont_sim,8,0.1193
4,2,cont_sim,9,0.0593
4,2,cont_sim,10,0.023
4,2,cont_sim,11,0.0072
4,2,cont_sim,12,0.00135
4,3,predicted,4,0.003993839212391527
4,3,predicted,5,0.12468699086486638
4,3,predicted,6,0.25097586972878283
4,3,predicted,7,0.23937434012828035
4,3,predicted,8,0.19168967426290756
4,3,predicted,9,0.12252712749443384
4,3,predicted,10,0.05188557130184837
4,3,predicted,11,0.013002000051333975
4,3,predicted,12,0.0017497787951733462
4,3,predicted,13,0.0001112154758116654
4,3,predicted,14,3.5372133237876563e-06
4,3,predicted,15,5.513394023321992e-08
4,3,predicted,16,3.369062216831177e-10
4,3,fixed_actual,4,0.006048387096774193
4,3,fixed_actual,5,0.16129032258064516
4,3,fixed_actual,6,0.2373991935483871
4,3,fixed_actual,7,0.17540322580645162
4,3,fixed_actual,8,0.20463709677419356
4,3,fixed_actual,9,0.06854838709677419
4,3,fixed_actual,10,0.04284274193548387
4,3,fixed_actual,11,0.02217741935483871
4,3,fixed_actual,12,0.07358870967741936
4,3,fixed_actual,13,0.007560483870967742
4,3,fixed_actual,14,0.0005040322580645161
4,3,cont_sim,4,0.00355
4,3,cont_sim,5,0.1221
4,3,cont_sim,6,0.2498
4,3,cont_sim,7,0.2446
4,3,cont_sim,8,0.19265
4,3,cont_sim,9,0.11945
4,3,cont_sim,10,0.0534
4,3,cont_sim,11,0.0124
4,3,cont_sim,12,0.0019
4,3,cont_sim,13,0.00015
4,4,predicted,4,0.006497136928420688
4,4,predicted,5,0.2543827432057488
4,4,predicted,6,0.45488089329676523
4,4,predicted,7,0.214730479456108
4,4,predicted,8,0.05854478115719415
4,4,predicted,9,0.00991607317873583
4,4,predicted,10,0.0009933569877686444
4,4,predicted,11,5.335419188664002e-05
4,4,predicted,12,1.1815973720646852e-06
4,4,fixed_actual,4,0.014112903225806451
4,4,fixed_actual,5,0.22026209677419356
4,4,fixed_actual,6,0.3755040322580645
4,4,fixed_actual,7,0.2127016129032258
4,4,fixed_actual,8,0.14112903225806453
4,4,fixed_actual,9,0.005544354838709678
4,4,fixed_actual,10,0.007056451612903226
4,4,fixed_actual,11,0.01310483870967742
4,4,fixed_actual,12,0.010584677419354838
4,4,cont_sim,4,0.00725
4,4,cont_sim,5,0.24975
4,4,cont_sim,6,0.4602
4,4,cont_sim,7,0.2082
4,4,cont_sim,8,0.06245
4,4,cont_sim,9,0.0109
4,4,cont_sim,10,0.0012
4,4,cont_sim,11,5e-05
4,5,predicted,4,0.009942922726404476
4,5,predicted,5,0.31459624185768753
4,5,predicted,6,0.4669021781187195
4,5,predicted,7,0.17516147827987877
4,5,predicted,8,0.03051061224019999
4,5,predicted,9,0.0027291214299261556
4,5,predicted,10,0.0001526098949641772
4,5,predicted,11,4.772846720727351e-06
4,5,predicted,12,6.260549880940105e-08
4,5,fixed_actual,4,0.04788306451612903
4,5,fixed_actual,5,0.23538306451612903
4,5,fixed_actual,6,0.3780241935483871
4,5,fixed_actual,7,0.1875
4,5,fixed_actual,8,0.14465725806451613
4,5,fixed_actual,9,0.00655241935483871
4,5,cont_sim,4,0.0104
4,5,cont_sim,5,0.3096
4,5,cont_sim,6,0.47185
4,5,cont_sim,7,0.1763
4,5,cont_sim,8,0.02885
4,5,cont_sim,9,0.0029
4,5,cont_sim,10,5e-05
4,5,cont_sim,11,5e-05
4,6,predicted,4,0.025515965616403655
4,6,predicted,5,0.3920230318049367
4,6,predicted,6,0.37379804036654046
4,6,predicted,7,0.15989845816911805
4,6,predicted,8,0.04236738776764714
4,6,predicted,9,0.005770614222738231
4,6,predicted,10,0.0005626860849242202
4,6,predicted,11,5.7320590862796624e-05
4,6,predicted,12,5.965389026121131e-06
4,6,predicted,13,4.997832951694726e-07
4,6,predicted,14,2.915533465114926e-08
4,6,predicted,15,1.0326503849312908e-09
4,6,predicted,16,1.6522405922453156e-11
4,6,fixed_actual,4,0.029737903225806453
4,6,fixed_actual,5,0.3190524193548387
4,6,fixed_actual,6,0.2963709677419355
4,6,fixed_actual,7,0.13709677419354838
4,6,fixed_actual,8,0.2061491935483871
4,6,fixed_actual,9,0.007560483870967742
4,6,fixed_actual,10,0.004032258064516129
4,6,cont_sim,4,0.0255
4,6,cont_sim,5,0.39475
4,6,cont_sim,6,0.37215
4,6,cont_sim,7,0.15785
4,6,cont_sim,8,0.0426
4,6,cont_sim,9,0.00635
4,6,cont_sim,10,0.00075
4,6,cont_sim,11,5e-05
4,7,predicted,4,0.011704313134271893
4,7,predicted,5,0.2616191222716693
4,7,predicted,6,0.39198383034568895
4,7,predicted,7,0.23830494823753104
4,7,predicted,8,0.08188876504763776
4,7,predicted,9,0.01336754603558447
4,7,predicted,10,0.00108761710647099
4,7,predicted,11,4.318751198399142e-05
4,7,predicted,12,6.703091616188829e-07
4,7,fixed_actual,4,0.010584677419354838
4,7,fixed_actual,5,0.20110887096774194
4,7,fixed_actual,6,0.3432459677419355
4,7,fixed_actual,7,0.2439516129032258
4,7,fixed_actual,8,0.1688508064516129
4,7,fixed_actual,9,0.01965725806451613
4,7,fixed_actual,10,0.008064516129032258
4,7,fixed_actual,11,0.004032258064516129
4,7,fixed_actual,12,0.0005040322580645161
4,7,cont_sim,4,0.0108
4,7,cont_sim,5,0.2647
4,7,cont_sim,6,0.3956
4,7,cont_sim,7,0.2337
4,7,cont_sim,8,0.0803
4,7,cont_sim,9,0.0138
4,7,cont_sim,10,0.00105
4,7,cont_sim,11,5e-05
4,8,predicted,4,0.017335706624067523
4,8,predicted,5,0.32725521915396066
4,8,predicted,6,0.34734379805592597
4,8,predicted,7,0.18423798606644132
4,8,predicted,8,0.08428213991856115
4,8,predicted,9,0.030363615858987492
4,8,predicted,10,0.007743020778313813
4,8,predicted,11,0.0012997880359925927
4,8,predicted,12,0.0001314320154136653
4,8,predicted,13,7.088398159202388e-06
4,8,predicted,14,2.0217797199426935e-07
4,8,predicted,15,2.8996822835592675e-09
4,8,predicted,16,1.6522406520609555e-11
4,8,fixed_actual,4,0.052923387096774195
4,8,fixed_actual,5,0.29485887096774194
4,8,fixed_actual,6,0.2772177419354839
4,8,fixed_actual,7,0.1431451612903226
4,8,fixed_actual,8,0.16481854838709678
4,8,fixed_actual,9,0.021169354838709676
4,8,fixed_actual,10,0.021673387096774195
4,8,fixed_actual,11,0.013608870967741936
4,8,fixed_actual,12,0.010584677419354838
4,8,cont_sim,4,0.01725
4,8,cont_sim,5,0.323
4,8,cont_sim,6,0.34975
4,8,cont_sim,7,0.18245
4,8,cont_sim,8,0.0872
4,8,cont_sim,9,0.0313
4,8,cont_sim,10,0.00755
4,8,cont_sim,11,0.0014
4,8,cont_sim,12,0.0001
4,9,predicted,4,0.004464398496288034
4,9,predicted,5,0.16401620384061233
4,9,predicted,6,0.3873443331166112
4,9,predicted,7,0.31266656291376355
4,9,predicted,8,0.111620688860894
4,9,predicted,9,0.01801493009797323
4,9,predicted,10,0.0017660756363612855
4,9,predicted,11,0.00010306416547190576
4,9,predicted,12,3.6625587986571906e-06
4,9,predicted,13,7.929009637681337e-08
4,9,predicted,14,1.0160568783295556e-09
4,9,predicted,15,7.052071971357596e-12
4,9,predicted,16,2.0420704122752098e-14
4,9,fixed_actual,4,0.02469758064516129
4,9,fixed_actual,5,0.14868951612903225
4,9,fixed_actual,6,0.3175403225806452
4,9,fixed_actual,7,0.2686491935483871
4,9,fixed_actual,8,0.2056451612903226
4,9,fixed_actual,9,0.025705645161290324
4,9,fixed_actual,10,0.008064516129032258
4,9,fixed_actual,11,0.0010080645161290322
4,9,cont_sim,4,0.0044
4,9,cont_sim,5,0.1662
4,9,cont_sim,6,0.386
4,9,cont_sim,7,0.30875
4,9,cont_sim,8,0.11435
4,9,cont_sim,9,0.0179
4,9,cont_sim,10,0.00215
4,9,cont_sim,11,0.00025
4,10,predicted,4,0.012501875918872786
4,10,predicted,5,0.3750865419237489
4,10,predicted,6,0.4396113189341549
4,10,predicted,7,0.14887560166105568
4,10,predicted,8,0.0234547023887359
4,10,predicted,9,0.0004568966435373269
4,10,predicted,10,1.2884713678612024e-05
4,10,predicted,11,1.7686758498222734e-07
4,10,predicted,12,9.486308082179801e-10
4,10,fixed_actual,4,0.05241935483870968
4,10,fixed_actual,5,0.2615927419354839
4,10,fixed_actual,6,0.36643145161290325
4,10,fixed_actual,7,0.20362903225806453
4,10,fixed_actual,8,0.11391129032258064
4,10,fixed_actual,9,0.0020161290322580645
4,10,cont_sim,4,0.0123
4,10,cont_sim,5,0.372
4,10,cont_sim,6,0.4428
4,10,cont_sim,7,0.1507
4,10,cont_sim,8,0.02165
4,10,cont_sim,9,0.0005
4,10,cont_sim,10,5e-05
4,11,predicted,4,0.0010433090745049758
4,11,predicted,5,0.09700480405602274
4,11,predicted,6,0.3237488102887161
4,11,predicted,7,0.3265520728098529
4,11,predicted,8,0.18669352433152567
4,11,predicted,9,0.05569759788324624
4,11,predicted,10,0.00858833855978745
4,11,predicted,11,0.0006520967441381784
4,11,predicted,12,1.9446252205786962e-05
4,11,fixed_actual,4,0.0005040322580645161
4,11,fixed_actual,5,0.1184475806451613
4,11,fixed_actual,6,0.3069556451612903
4,11,fixed_actual,7,0.27318548387096775
4,11,fixed_actual,8,0.23084677419354838
4,11,fixed_actual,9,0.03276209677419355
4,11,fixed_actual,10,0.0045362903225806455
4,11,fixed_actual,11,0.005040322580645161
4,11,fixed_actual,12,0.027721774193548387
4,11,cont_sim,4,0.0012
4,11,cont_sim,5,0.09705
4,11,cont_sim,6,0.3216
4,11,cont_sim,7,0.33215
4,11,cont_sim,8,0.1831
4,11,cont_sim,9,0.05495
4,11,cont_sim,10,0.00915
4,11,cont_sim,11,0.0008
4,12,predicted,4,0.02322760413855776
4,12,predicted,5,0.3475290231293852
4,12,predicted,6,0.3903347333151635
4,12,predicted,7,0.17959874552942467
4,12,predicted,8,0.049871962135512656
4,12,predicted,9,0.008534149612227246
4,12,predicted,10,0.0008567951147855407
4,12,predicted,11,4.596894019592103e-05
4,12,predicted,12,1.0180539605383893e-06
4,12,predicted,13,2.983391831217101e-11
4,12,predicted,14,9.428970297057633e-13
4,12,predicted,15,1.0082976952510575e-14
4,12,fixed_actual,4,0.07661290322580645
4,12,fixed_actual,5,0.2615927419354839
4,12,fixed_actual,6,0.33568548387096775
4,12,fixed_actual,7,0.2006048387096774
4,12,fixed_actual,8,0.08971774193548387
4,12,fixed_actual,9,0.031754032258064516
4,12,fixed_actual,10,0.004032258064516129
4,12,cont_sim,4,0.0239
4,12,cont_sim,5,0.34685
4,12,cont_sim,6,0.3871
4,12,cont_sim,7,0.18225
4,12,cont_sim,8,0.04955
4,12,cont_sim,9,0.0094
4,12,cont_sim,10,0.0009
4,12,cont_sim,11,5e-05
4,13,predicted,4,0.0018489722248923727
4,13,predicted,5,0.15904513864715197
4,13,predicted,6,0.4561312116664973
4,13,predicted,7,0.28426572475966494
4,13,predicted,8,0.08465863820337173
4,13,predicted,9,0.012932916789444306
4,13,predicted,10,0.0010710084535616477
4,13,predicted,11,4.56036604958073e-05
4,13,predicted,12,7.855949199894832e-07
4,13,fixed_actual,4,0.0010080645161290322
4,13,fixed_actual,5,0.13205645161290322
4,13,fixed_actual,6,0.37348790322580644
4,13,fixed_actual,7,0.26411290322580644
4,13,fixed_actual,8,0.21471774193548387
4,13,fixed_actual,9,0.014112903225806451
4,13,fixed_actual,10,0.0005040322580645161
4,13,cont_sim,4,0.002
4,13,cont_sim,5,0.15605
4,13,cont_sim,6,0.4586
4,13,cont_sim,7,0.2862
4,13,cont_sim,8,0.0845
4,13,cont_sim,9,0.0117
4,13,cont_sim,10,0.00095
4,14,predicted,4,0.012508463465520753
4,14,predicted,5,0.2925698722215266
4,14,predicted,6,0.3937280241066945
4,14,predicted,7,0.20417307723906278
4,14,predicted,8,0.07142412225767059
4,14,predicted,9,0.02014404341987889
4,14,predicted,10,0.004632962147206841
4,14,predicted,11,0.0007524068350957275
4,14,predicted,12,6.52730809921226e-05
4,14,predicted,13,1.725899108482663e-06
4,14,predicted,14,2.8948288253691742e-08
4,14,predicted,15,3.7636879954197075e-10
4,14,predicted,16,2.5856615018316523e-12
4,14,fixed_actual,4,0.006048387096774193
4,14,fixed_actual,5,0.17237903225806453
4,14,fixed_actual,6,0.31451612903225806
4,14,fixed_actual,7,0.23790322580645162
4,14,fixed_actual,8,0.21018145161290322
4,14,fixed_actual,9,0.034274193548387094
4,14,fixed_actual,10,0.015625
4,14,fixed_actual,11,0.00655241935483871
4,14,fixed_actual,12,0.0025201612903225806
4,14,cont_sim,4,0.01215
4,14,cont_sim,5,0.2929
4,14,cont_sim,6,0.39395
4,14,cont_sim,7,0.2038
4,14,cont_sim,8,0.0727
4,14,cont_sim,9,0.0185
4,14,cont_sim,10,0.00495
4,14,cont_sim,11,0.001
4,14,cont_sim,12,5e-05
4,15,predicted,4,0.017579602058249214
4,15,predicted,5,0.3332133029660229
4,15,predicted,6,0.3728394039251957
4,15,predicted,7,0.18086687587632191
4,15,predicted,8,0.06742189389414928
4,15,predicted,9,0.021237678755265978
4,15,predicted,10,0.005527258787749351
4,15,predicted,11,0.0011285110634499211
4,15,predicted,12,0.0001677995409473225
4,15,predicted,13,1.6627697521228085e-05
4,15,predicted,14,1.0111981550233425e-06
4,15,predicted,15,3.376447384195758e-08
4,15,predicted,16,4.72498310329789e-10
4,15,fixed_actual,4,0.028729838709677418
4,15,fixed_actual,5,0.2474798387096774
4,15,fixed_actual,6,0.3069556451612903
4,15,fixed_actual,7,0.1819556451612903
4,15,fixed_actual,8,0.13860887096774194
4,15,fixed_actual,9,0.028729838709677418
4,15,fixed_actual,10,0.028729838709677418
4,15,fixed_actual,11,0.02217741935483871
4,15,fixed_actual,12,0.01663306451612903
4,15,cont_sim,4,0.017
4,15,cont_sim,5,0.33235
4,15,cont_sim,6,0.3707
4,15,cont_sim,7,0.18365
4,15,cont_sim,8,0.0673
4,15,cont_sim,9,0.0212
4,15,cont_sim,10,0.00645
4,15,cont_sim,11,0.00115
4,15,cont_sim,12,0.0002
4,16,predicted,4,0.022453076473086794
4,16,predicted,5,0.3961485498261948
4,16,predicted,6,0.42588678240125605
4,16,predicted,7,0.1337568533367386
4,16,predicted,8,0.020187732671208884
4,16,predicted,9,0.001470289333448493
4,16,predicted,10,9.175898547757599e-05
4,16,predicted,11,4.7958190087321586e-06
4,16,predicted,12,1.6115357996467311e-07
4,16,fixed_actual,4,0.046875
4,16,fixed_actual,5,0.26663306451612906
4,16,fixed_actual,6,0.36088709677419356
4,16,fixed_actual,7,0.17086693548387097
4,16,fixed_actual,8,0.11794354838709678
4,16,fixed_actual,9,0.021169354838709676
4,16,fixed_actual,10,0.012096774193548387
4,16,fixed_actual,11,0.0030241935483870967
4,16,fixed_actual,12,0.0005040322580645161
4,16,cont_sim,4,0.02195
4,16,cont_sim,5,0.39885
4,16,cont_sim,6,0.42255
4,16,cont_sim,7,0.134
4,16,cont_sim,8,0.02095
4,16,cont_sim,9,0.0016
4,16,cont_sim,10,5e-05
4,16,cont_sim,11,5e-05
4,17,predicted,4,0.009882394234903731
4,17,predicted,5,0.26886717545697736
4,17,predicted,6,0.41141047903060873
4,17,predicted,7,0.21415870244436117
4,17,predicted,8,0.0741815900089826
4,17,predicted,9,0.018374717961080343
4,17,predicted,10,0.0028770978652363243
4,17,predicted,11,0.00023969484817050604
4,17,predicted,12,8.148149679298889e-06
4,17,fixed_actual,4,0.027721774193548387
4,17,fixed_actual,5,0.20514112903225806
4,17,fixed_actual,6,0.3497983870967742
4,17,fixed_actual,7,0.2001008064516129
4,17,fixed_actual,8,0.1743951612903226
4,17,fixed_actual,9,0.025705645161290324
4,17,fixed_actual,10,0.013608870967741936
4,17,fixed_actual,11,0.003528225806451613
4,17,cont_sim,4,0.0098
4,17,cont_sim,5,0.27
4,17,cont_sim,6,0.4105
4,17,cont_sim,7,0.21265
4,17,cont_sim,8,0.07635
4,17,cont_sim,9,0.0177
4,17,cont_sim,10,0.0028
4,17,cont_sim,11,0.0002
4,18,predicted,4,0.017368698891352386
4,18,predicted,5,0.3360086881078272
4,18,predicted,6,0.4124339005550634
4,18,predicted,7,0.18429680514134963
4,18,predicted,8,0.044652743051442075
4,18,predicted,9,0.004758773848541748
4,18,predicted,10,0.0004410590697085337
4,18,predicted,11,3.733775893547293e-05
4,18,predicted,12,1.993575779499535e-06
4,18,fixed_actual,4,0.011088709677419355
4,18,fixed_actual,5,0.29586693548387094
4,18,fixed_actual,6,0.31401209677419356
4,18,fixed_actual,7,0.1507056451612903
4,18,fixed_actual,8,0.1844758064516129
4,18,fixed_actual,9,0.010080645161290322
4,18,fixed_actual,10,0.0020161290322580645
4,18,fixed_actual,11,0.00655241935483871
4,18,fixed_actual,12,0.025201612903225805
4,18,cont_sim,4,0.01535
4,18,cont_sim,5,0.3389
4,18,cont_sim,6,0.41365
4,18,cont_sim,7,0.18255
4,18,cont_sim,8,0.04425
4,18,cont_sim,9,0.0048
4,18,cont_sim,10,0.0005
4,19,predicted,4,0.005907443373202127
4,19,predicted,5,0.1743435238534204
4,19,predicted,6,0.34597105301021513
4,19,predicted,7,0.2916536214913617
4,19,predicted,8,0.14277944187766192
4,19,predicted,9,0.03476670186894007
4,19,predicted,10,0.004307989557245618
4,19,predicted,11,0.0002637984788721693
4,19,predicted,12,6.421036638377757e-06
4,19,predicted,13,5.3495222925276696e-09
4,19,predicted,14,1.0190766733637816e-10
4,19,predicted,15,1.008445597291146e-12
4,19,fixed_actual,4,0.028225806451612902
4,19,fixed_actual,5,0.16481854838709678
4,19,fixed_actual,6,0.26461693548387094
4,19,fixed_actual,7,0.24344758064516128
4,19,fixed_actual,8,0.22379032258064516
4,19,fixed_actual,9,0.06048387096774194
4,19,fixed_actual,10,0.011592741935483871
4,19,fixed_actual,11,0.0030241935483870967
4,19,cont_sim,4,0.00675
4,19,cont_sim,5,0.18065
4,19,cont_sim,6,0.34305
4,19,cont_sim,7,0.2893
4,19,cont_sim,8,0.14225
4,19,cont_sim,9,0.03345
4,19,cont_sim,10,0.00425
4,19,cont_sim,11,0.0003
4,20,predicted,4,0.01924902731117757
4,20,predicted,5,0.3691631827052524
4,20,predicted,6,0.40245000659634167
4,20,predicted,7,0.1638312344868751
4,20,predicted,8,0.040034412547433854
4,20,predicted,9,0.004943739815093945
4,20,predicted,10,0.00031751932620738006
4,20,predicted,11,1.0696767850156012e-05
4,20,predicted,12,1.7889345725156643e-07
4,20,predicted,13,1.5337117119426122e-09
4,20,predicted,14,1.6500218666956844e-11
4,20,predicted,15,9.882697289275488e-14
4,20,fixed_actual,4,0.014112903225806451
4,20,fixed_actual,5,0.2923387096774194
4,20,fixed_actual,6,0.32560483870967744
4,20,fixed_actual,7,0.18094758064516128
4,20,fixed_actual,8,0.1376008064516129
4,20,fixed_actual,9,0.023689516129032258
4,20,fixed_actual,10,0.015120967741935484
4,20,fixed_actual,11,0.010080645161290322
4,20,fixed_actual,12,0.0005040322580645161
4,20,cont_sim,4,0.0193
4,20,cont_sim,5,0.36415
4,20,cont_sim,6,0.40305
4,20,cont_sim,7,0.1682
4,20,cont_sim,8,0.0392
4,20,cont_sim,9,0.0054
4,20,cont_sim,10,0.0007
4,21,predicted,4,0.0053506157121576605
4,21,predicted,5,0.19251146700417257
4,21,predicted,6,0.4270385917893109
4,21,predicted,7,0.2866427732303131
4,21,predicted,8,0.08093818266416607
4,21,predicted,9,0.007225698773673471
4,21,predicted,10,0.0002872611200579714
4,21,predicted,11,5.37089681073706e-06
4,21,predicted,12,3.880933754692857e-08
4,21,fixed_actual,4,0.031754032258064516
4,21,fixed_actual,5,0.15524193548387097
4,21,fixed_actual,6,0.3472782258064516
4,21,fixed_actual,7,0.23084677419354838
4,21,fixed_actual,8,0.20413306451612903
4,21,fixed_actual,9,0.026713709677419355
4,21,fixed_actual,10,0.003528225806451613
4,21,fixed_actual,11,0.0005040322580645161
4,21,cont_sim,4,0.00465
4,21,cont_sim,5,0.19545
4,21,cont_sim,6,0.4229
4,21,cont_sim,7,0.2904
4,21,cont_sim,8,0.07945
4,21,cont_sim,9,0.00695
4,21,cont_sim,10,0.0002
4,22,predicted,4,0.041082088022726865
4,22,predicted,5,0.48686609614599485
4,22,predicted,6,0.3603553496343249
4,22,predicted,7,0.09771250541034683
4,22,predicted,8,0.013548222634045797
4,22,predicted,9,0.0004285246081236313
4,22,predicted,10,7.147644691121481e-06
4,22,predicted,11,6.564413282165674e-08
4,22,predicted,12,2.5561324592873667e-10
4,22,fixed_actual,4,0.034274193548387094
4,22,fixed_actual,5,0.38205645161290325
4,22,fixed_actual,6,0.3069556451612903
4,22,fixed_actual,7,0.08971774193548387
4,22,fixed_actual,8,0.1849798387096774
4,22,fixed_actual,9,0.0020161290322580645
4,22,cont_sim,4,0.038
4,22,cont_sim,5,0.49005
4,22,cont_sim,6,0.35895
4,22,cont_sim,7,0.09885
4,22,cont_sim,8,0.01385
4,22,cont_sim,9,0.0003
4,23,predicted,4,0.0067293866213808265
4,23,predicted,5,0.2318810205088336
4,23,predicted,6,0.43912462721473605
4,23,predicted,7,0.2388056379611458
4,23,predicted,8,0.06825252035041923
4,23,predicted,9,0.013246026210438277
4,23,predicted,10,0.0018041971115594652
4,23,predicted,11,0.0001508626257746177
4,23,predicted,12,5.721395712157498e-06
4,23,fixed_actual,4,0.023185483870967742
4,23,fixed_actual,5,0.2157258064516129
4,23,fixed_actual,6,0.3855846774193548
4,23,fixed_actual,7,0.2247983870967742
4,23,fixed_actual,8,0.10836693548387097
4,23,fixed_actual,9,0.008568548387096774
4,23,fixed_actual,10,0.0015120967741935483
4,23,fixed_actual,11,0.0015120967741935483
4,23,fixed_actual,12,0.030745967741935484
4,23,cont_sim,4,0.0071
4,23,cont_sim,5,0.23185
4,23,cont_sim,6,0.4452
4,23,cont_sim,7,0.2329
4,23,cont_sim,8,0.06725
4,23,cont_sim,9,0.01345
4,23,cont_sim,10,0.00215
4,23,cont_sim,11,0.0001
8,0,predicted,8,0.005318824441821577
8,0,predicted,9,0.13587751181938257
8,0,predicted,10,0.2756023800116474
8,0,predicted,11,0.2576884503122645
8,0,predicted,12,0.17039300617800332
8,0,predicted,13,0.09134030617097375
8,0,predicted,14,0.04132003221496329
8,0,predicted,15,0.01578177883154154
8,0,predicted,16,0.005026920328871632
8,0,predicted,17,0.0013165922825206268
8,0,predicted,18,0.000279621286194869
8,0,predicted,19,4.749946455897437e-05
8,0,predicted,20,6.36122378418741e-06
8,0,predicted,21,6.603795797076602e-07
8,0,predicted,22,5.194537603590598e-08
8,0,predicted,23,2.9873172466523123e-09
8,0,predicted,24,1.1820853459378816e-10
8,0,predicted,25,2.9437540722916348e-12
8,0,predicted,26,4.660166991413922e-14
8,0,fixed_actual,8,0.004032258064516129
8,0,fixed_actual,9,0.06955645161290322
8,0,fixed_actual,10,0.17842741935483872
8,0,fixed_actual,11,0.19254032258064516
8,0,fixed_actual,12,0.15524193548387097
8,0,fixed_actual,13,0.1159274193548387
8,0,fixed_actual,14,0.08165322580645161
8,0,fixed_actual,15,0.037298387096774195
8,0,fixed_actual,16,0.125
8,0,fixed_actual,17,0.005040322580645161
8,0,fixed_actual,18,0.0030241935483870967
8,0,fixed_actual,24,0.03225806451612903
8,0,cont_sim,8,0.00505
8,0,cont_sim,9,0.13145
8,0,cont_sim,10,0.276
8,0,cont_sim,11,0.2628
8,0,cont_sim,12,0.16905
8,0,cont_sim,13,0.0934
8,0,cont_sim,14,0.04325
8,0,cont_sim,15,0.0137
8,0,cont_sim,16,0.00405
8,0,cont_sim,17,0.001
8,0,cont_sim,18,0.0002
8,0,cont_sim,19,5e-05
8,1,predicted,8,0.006043922688700873
8,1,predicted,9,0.15018765267241996
8,1,predicted,10,0.2948840538510119
8,1,predicted,11,0.26226858135228953
8,1,predicted,12,0.1605330403902579
8,1,predicted,13,0.07847928011607745
8,1,predicted,14,0.03218610928060169
8,1,predicted,15,0.011155300109129466
8,1,predicted,16,0.003256529425774938
8,1,predicted,17,0.0008012339132957548
8,1,predicted,18,0.00016786706460796303
8,1,predicted,19,3.060661540930698e-05
8,1,predicted,20,4.985630624872603e-06
8,1,predicted,21,7.323569475085412e-07
8,1,predicted,22,9.400713363418142e-08
8,1,predicted,23,9.7650267589185e-09
8,1,predicted,24,7.271915671078966e-10
8,1,predicted,25,3.258894166502582e-11
8,1,predicted,26,8.975271246308767e-13
8,1,predicted,27,1.2348114435425045e-14
8,1,fixed_actual,8,0.0030241935483870967
8,1,fixed_actual,9,0.11693548387096774
8,1,fixed_actual,10,0.21471774193548387
8,1,fixed_actual,11,0.2127016129032258
8,1,fixed_actual,12,0.12399193548387097
8,1,fixed_actual,13,0.0907258064516129
8,1,fixed_actual,14,0.055443548387096774
8,1,fixed_actual,15,0.05342741935483871
8,1,fixed_actual,16,0.0655241935483871
8,1,fixed_actual,17,0.025201612903225805
8,1,fixed_actual,18,0.009072580645161291
8,1,fixed_actual,19,0.011088709677419355
8,1,fixed_actual,20,0.007056451612903226
8,1,fixed_actual,21,0.008064516129032258
8,1,fixed_actual,22,0.0030241935483870967
8,1,cont_sim,8,0.006
8,1,cont_sim,9,0.15105
8,1,cont_sim,10,0.2914
8,1,cont_sim,11,0.26315
8,1,cont_sim,12,0.1638
8,1,cont_sim,13,0.07785
8,1,cont_sim,14,0.0311
8,1,cont_sim,15,0.01175
8,1,cont_sim,16,0.0028
8,1,cont_sim,17,0.00075
8,1,cont_sim,18,0.0003
8,1,cont_sim,20,5e-05
8,2,predicted,8,0.0023910670564161697
8,2,predicted,9,0.07126004729522428
8,2,predicted,10,0.17392632585593015
8,2,predicted,11,0.1943413107820717
8,2,predicted,12,0.1675073395115065
8,2,predicted,13,0.13405861475482211
8,2,predicted,14,0.10118618704610126
8,2,predicted,15,0.06999286273821245
8,2,predicted,16,0.04336431774340998
8,2,predicted,17,0.02373339130397008
8,2,predicted,18,0.01134513244254748
8,2,predicted,19,0.004673678449671061
8,2,predicted,20,0.0016285824002127787
8,2,predicted,21,0.0004668351892968499
8,2,predicted,22,0.00010528323354072211
8,2,predicted,23,1.723972907869983e-05
8,2,predicted,24,1.729490669002676e-06
8,2,predicted,25,5.4117548504901275e-08
8,2,predicted,26,8.517563369454649e-10
8,2,predicted,27,7.967269103765029e-12
8,2,predicted,28,4.650175134583917e-14
8,2,fixed_actual,8,0.0020161290322580645
8,2,fixed_actual,9,0.04838709677419355
8,2,fixed_actual,10,0.13004032258064516
8,2,fixed_actual,11,0.12298387096774194
8,2,fixed_actual,12,0.1431451612903226
8,2,fixed_actual,13,0.10987903225806452
8,2,fixed_actual,14,0.08366935483870967
8,2,fixed_actual,15,0.0846774193548387
8,2,fixed_actual,16,0.09778225806451613
8,2,fixed_actual,17,0.028225806451612902
8,2,fixed_actual,18,0.025201612903225805
8,2,fixed_actual,19,0.02217741935483871
8,2,fixed_actual,20,0.03125
8,2,fixed_actual,21,0.029233870967741934
8,2,fixed_actual,22,0.017137096774193547
8,2,fixed_actual,23,0.012096774193548387
8,2,fixed_actual,24,0.012096774193548387
8,2,cont_sim,8,0.0028
8,2,cont_sim,9,0.07155
8,2,cont_sim,10,0.1712
8,2,cont_sim,11,0.1947
8,2,cont_sim,12,0.1657
8,2,cont_sim,13,0.13715
8,2,cont_sim,14,0.1013
8,2,cont_sim,15,0.0704
8,2,cont_sim,16,0.04305
8,2,cont_sim,17,0.02445
8,2,cont_sim,18,0.01075
8,2,cont_sim,19,0.00515
8,2,cont_sim,20,0.00125
8,2,cont_sim,21,0.00045
8,2,cont_sim,22,0.0001
8,3,predicted,8,0.0002207532076036817
8,3,predicted,9,0.013186600051960607
8,3,predicted,10,0.06396385752346945
8,3,predicted,11,0.11182163874887353
8,3,predicted,12,0.1357444542663381
8,3,predicted,13,0.14811343229440116
8,3,predicted,14,0.14934419763455198
8,3,predicted,15,0.1346746185183255
8,3,predicted,16,0.10570958326153305
8,3,predicted,17,0.07080617091045777
8,3,predicted,18,0.03961585184377476
8,3,predicted,19,0.018042213597347
8,3,predicted,20,0.006505940078186794
8,3,predicted,21,0.0018083805159079247
8,3,predicted,22,0.00037767621116325227
8,3,predicted,23,5.779183456894304e-05
8,3,predicted,24,6.325677662650947e-06
8,3,predicted,25,4.866042634717914e-07
8,3,predicted,26,2.6204913315854775e-08
8,3,predicted,27,9.882758109717947e-10
8,3,predicted,28,2.5951815884070414e-11
8,3,predicted,29,4.649602865468674e-13
8,3,fixed_actual,9,0.03528225806451613
8,3,fixed_actual,10,0.12399193548387097
8,3,fixed_actual,11,0.1461693548387097
8,3,fixed_actual,12,0.14919354838709678
8,3,fixed_actual,13,0.08971774193548387
8,3,fixed_actual,14,0.08266129032258064
8,3,fixed_actual,15,0.05141129032258065
8,3,fixed_actual,16,0.125
8,3,fixed_actual,17,0.03326612903225806
8,3,fixed_actual,18,0.017137096774193547
8,3,fixed_actual,19,0.016129032258064516
8,3,fixed_actual,20,0.016129032258064516
8,3,fixed_actual,21,0.015120967741935484
8,3,fixed_actual,22,0.01310483870967742
8,3,fixed_actual,23,0.015120967741935484
8,3,fixed_actual,24,0.06048387096774194
8,3,fixed_actual,25,0.009072580645161291
8,3,fixed_actual,26,0.0010080645161290322
8,3,cont_sim,8,0.00025
8,3,cont_sim,9,0.01305
8,3,cont_sim,10,0.0665
8,3,cont_sim,11,0.11385
8,3,cont_sim,12,0.13325
8,3,cont_sim,13,0.1505
8,3,cont_sim,14,0.1516
8,3,cont_sim,15,0.13585
8,3,cont_sim,16,0.10205
8,3,cont_sim,17,0.0688
8,3,cont_sim,18,0.0372
8,3,cont_sim,19,0.0192
8,3,cont_sim,20,0.00565
8,3,cont_sim,21,0.0015
8,3,cont_sim,22,0.00065
8,3,cont_sim,23,0.0001
8,4,predicted,8,0.00040896760819488436
8,4,predicted,9,0.030617486618520172
8,4,predicted,10,0.18986061701280252
8,4,predicted,11,0.31874221311173934
8,4,predicted,12,0.24874855159647
8,4,predicted,13,0.1311731140631021
8,4,predicted,14,0.05527323096692333
8,4,predicted,15,0.01882250813218877
8,4,predicted,16,0.0050886525023439355
8,4,predicted,17,0.0010702723592255832
8,4,predicted,18,0.0001718009679567669
8,4,predicted,19,2.0650525523931816e-05
8,4,predicted,20,1.8166104688876913e-06
8,4,predicted,21,1.1309645068459355e-07
8,4,predicted,22,4.7092542081696735e-09
8,4,predicted,23,1.175103245179891e-10
8,4,predicted,24,1.3245453670521924e-12
8,4,fixed_actual,8,0.0030241935483870967
8,4,fixed_actual,9,0.04133064516129032
8,4,fixed_actual,10,0.15524193548387097
8,4,fixed_actual,11,0.24495967741935484
8,4,fixed_actual,12,0.21471774193548387
8,4,fixed_actual,13,0.10987903225806452
8,4,fixed_actual,14,0.07358870967741936
8,4,fixed_actual,15,0.046370967741935484
8,4,fixed_actual,16,0.07661290322580645
8,4,fixed_actual,17,0.0020161290322580645
8,4,fixed_actual,19,0.0020161290322580645
8,4,fixed_actual,20,0.0020161290322580645
8,4,fixed_actual,21,0.005040322580645161
8,4,fixed_actual,22,0.010080645161290322
8,4,fixed_actual,23,0.009072580645161291
8,4,fixed_actual,24,0.004032258064516129
8,4,cont_sim,8,0.00025
8,4,cont_sim,9,0.03195
8,4,cont_sim,10,0.1888
8,4,cont_sim,11,0.32015
8,4,cont_sim,12,0.2491
8,4,cont_sim,13,0.13165
8,4,cont_sim,14,0.05365
8,4,cont_sim,15,0.0188
8,4,cont_sim,16,0.00455
8,4,cont_sim,17,0.0009
8,4,cont_sim,18,0.00015
8,4,cont_sim,19,5e-05
8,5,predicted,8,0.000622380767690273
8,5,predicted,9,0.04400653992971618
8,5,predicted,10,0.2503162684693153
8,5,predicted,11,0.35527414356077064
8,5,predicted,12,0.2272929849459413
8,5,predicted,13,0.09090229843290654
8,5,predicted,14,0.025493404395331352
8,5,predicted,15,0.005204892992561661
8,5,predicted,16,0.000787802125429767
8,5,predicted,17,9.063744521570489e-05
8,5,predicted,18,8.074055784102189e-06
8,5,predicted,19,5.449011484314038e-07
8,5,predicted,20,2.700710775157926e-08
8,5,predicted,21,9.484471887773702e-10
8,5,predicted,22,2.2326171190249814e-11
8,5,predicted,23,3.075997947268457e-13
8,5,fixed_actual,8,0.03225806451612903
8,5,fixed_actual,9,0.03326612903225806
8,5,fixed_actual,10,0.16834677419354838
8,5,fixed_actual,11,0.26310483870967744
8,5,fixed_actual,12,0.21370967741935484
8,5,fixed_actual,13,0.11290322580645161
8,5,fixed_actual,14,0.046370967741935484
8,5,fixed_actual,15,0.03326612903225806
8,5,fixed_actual,16,0.09375
8,5,fixed_actual,17,0.0030241935483870967
8,5,cont_sim,8,0.00055
8,5,cont_sim,9,0.0444
8,5,cont_sim,10,0.25125
8,5,cont_sim,11,0.351
8,5,cont_sim,12,0.23315
8,5,cont_sim,13,0.0895
8,5,cont_sim,14,0.0246
8,5,cont_sim,15,0.005
8,5,cont_sim,16,0.0005
8,5,cont_sim,17,5e-05
8,6,predicted,8,0.0079817280214508
8,6,predicted,9,0.1816795433387167
8,6,predicted,10,0.3093546521350477
8,6,predicted,11,0.2479765140365849
8,6,predicted,12,0.1457625268553629
8,6,predicted,13,0.06968945038446182
8,6,predicted,14,0.02709452506787869
8,6,predicted,15,0.008249663263176672
8,6,predicted,16,0.001866960094891953
8,6,predicted,17,0.0003023643978591214
8,6,predicted,18,3.730796323502758e-05
8,6,predicted,19,4.17091737734033e-06
8,6,predicted,20,5.13388772972278e-07
8,6,predicted,21,6.973867407829686e-08
8,6,predicted,22,9.19133177464918e-09
8,6,predicted,23,1.0838074389538099e-09
8,6,predicted,24,1.1092221496552179e-10
8,6,predicted,25,9.697024228873921e-12
8,6,predicted,26,7.111031968097605e-13
8,6,predicted,27,3.975164063364555e-14
8,6,fixed_actual,8,0.012096774193548387
8,6,fixed_actual,9,0.1622983870967742
8,6,fixed_actual,10,0.23387096774193547
8,6,fixed_actual,11,0.17943548387096775
8,6,fixed_actual,12,0.10987903225806452
8,6,fixed_actual,13,0.06854838709677419
8,6,fixed_actual,14,0.04233870967741935
8,6,fixed_actual,15,0.03326612903225806
8,6,fixed_actual,16,0.15524193548387097
8,6,fixed_actual,17,0.0030241935483870967
8,6,cont_sim,8,0.008
8,6,cont_sim,9,0.18165
8,6,cont_sim,10,0.30475
8,6,cont_sim,11,0.25465
8,6,cont_sim,12,0.1463
8,6,cont_sim,13,0.0686
8,6,cont_sim,14,0.026
8,6,cont_sim,15,0.00755
8,6,cont_sim,16,0.0021
8,6,cont_sim,17,0.00025
8,6,cont_sim,18,0.0001
8,6,cont_sim,19,5e-05
8,7,predicted,8,0.001695102494510964
8,7,predicted,9,0.05547029819640273
8,7,predicted,10,0.16298146180387413
8,7,predicted,11,0.2284671368360395
8,7,predicted,12,0.22488677285679118
8,7,predicted,13,0.17090460715961245
8,7,predicted,14,0.09864751848377952
8,7,predicted,15,0.04159937392306346
8,7,predicted,16,0.012396843094000614
8,7,predicted,17,0.002551066538140476
8,7,predicted,18,0.00036178298816265733
8,7,predicted,19,3.551390297521319e-05
8,7,predicted,20,2.407633409842761e-06
8,7,predicted,21,1.107292551760737e-07
8,7,predicted,22,3.3018796367284066e-09
8,7,predicted,23,5.7657651160477484e-11
8,7,predicted,24,4.4483340592754293e-13
8,7,fixed_actual,8,0.0010080645161290322
8,7,fixed_actual,9,0.04032258064516129
8,7,fixed_actual,10,0.1280241935483871
8,7,fixed_actual,11,0.19858870967741934
8,7,fixed_actual,12,0.17943548387096775
8,7,fixed_actual,13,0.17338709677419356
8,7,fixed_actual,14,0.11491935483870967
8,7,fixed_actual,15,0.055443548387096774
8,7,fixed_actual,16,0.07459677419354839
8,7,fixed_actual,17,0.008064516129032258
8,7,fixed_actual,18,0.009072580645161291
8,7,fixed_actual,19,0.012096774193548387
8,7,fixed_actual,20,0.0030241935483870967
8,7,fixed_actual,22,0.0020161290322580645
8,7,cont_sim,8,0.0019
8,7,cont_sim,9,0.0568
8,7,cont_sim,10,0.16205
8,7,cont_sim,11,0.23155
8,7,cont_sim,12,0.22405
8,7,cont_sim,13,0.16945
8,7,cont_sim,14,0.0988
8,7,cont_sim,15,0.0408
8,7,cont_sim,16,0.01165
8,7,cont_sim,17,0.00245
8,7,cont_sim,18,0.0005
8,8,predicted,8,0.002652640781437793
8,8,predicted,9,0.08935430630635101
8,8,predicted,10,0.2286018946744608
8,8,predicted,11,0.23159373362565927
8,8,predicted,12,0.17396747230109866
8,8,predicted,13,0.12161969601991296
8,8,predicted,14,0.07751864847352803
8,8,predicted,15,0.04291958558375981
8,8,predicted,16,0.020200529383516144
8,8,predicted,17,0.008002832892882438
8,8,predicted,18,0.002647630861397367
8,8,predicted,19,0.0007247745209679565
8,8,predicted,20,0.0001622741434354113
8,8,predicted,21,2.9288473439475505e-05
8,8,predicted,22,4.186320050117361e-06
8,8,predicted,23,4.6408040052827865e-07
8,8,predicted,24,3.900804211984291e-08
8,8,predicted,25,2.434721981192024e-09
8,8,predicted,26,1.1118212967439391e-10
8,8,predicted,27,3.6693257363234665e-12
8,8,predicted,28,8.573464890310725e-14
8,8,fixed_actual,8,0.03326612903225806
8,8,fixed_actual,9,0.09274193548387097
8,8,fixed_actual,10,0.2127016129032258
8,8,fixed_actual,11,0.19455645161290322
8,8,fixed_actual,12,0.13608870967741934
8,8,fixed_actual,13,0.07762096774193548
8,8,fixed_actual,14,0.04536290322580645
8,8,fixed_actual,15,0.03225806451612903
8,8,fixed_actual,16,0.10685483870967742
8,8,fixed_actual,17,0.015120967741935484
8,8,fixed_actual,18,0.012096774193548387
8,8,fixed_actual,19,0.006048387096774193
8,8,fixed_actual,20,0.010080645161290322
8,8,fixed_actual,21,0.017137096774193547
8,8,fixed_actual,22,0.004032258064516129
8,8,fixed_actual,23,0.004032258064516129
8,8,cont_sim,8,0.00295
8,8,cont_sim,9,0.0926
8,8,cont_sim,10,0.2279
8,8,cont_sim,11,0.2298
8,8,cont_sim,12,0.1753
8,8,cont_sim,13,0.12265
8,8,cont_sim,14,0.07615
8,8,cont_sim,15,0.04195
8,8,cont_sim,16,0.01945
8,8,cont_sim,17,0.0079
8,8,cont_sim,18,0.0023
8,8,cont_sim,19,0.00095
8,8,cont_sim,20,0.0001
8,9,predicted,8,0.0001745314253817052
8,9,predicted,9,0.01311716975639034
8,9,predicted,10,0.08178348942037018
8,9,predicted,11,0.193087353018345
8,9,predicted,12,0.26158117752388255
8,9,predicted,13,0.22885100362123864
8,9,predicted,14,0.13812741803273423
8,9,predicted,15,0.05970863369103777
8,9,predicted,16,0.018621453316439527
8,9,predicted,17,0.0041780597316353136
8,9,predicted,18,0.0006804362099587515
8,9,predicted,19,8.14473770466174e-05
8,9,predicted,20,7.3017278550127265e-06
8,9,predicted,21,4.979425127916856e-07
8,9,predicted,22,2.6111433152994635e-08
8,9,predicted,23,1.0595707733652476e-09
8,9,predicted,24,3.334366751986647e-11
8,9,predicted,25,8.105732562001208e-13
8,9,predicted,26,1.3387102288830652e-14
8,9,fixed_actual,8,0.016129032258064516
8,9,fixed_actual,9,0.03528225806451613
8,9,fixed_actual,10,0.0846774193548387
8,9,fixed_actual,11,0.16834677419354838
8,9,fixed_actual,12,0.19556451612903225
8,9,fixed_actual,13,0.18548387096774194
8,9,fixed_actual,14,0.10181451612903226
8,9,fixed_actual,15,0.0625
8,9,fixed_actual,16,0.11693548387096774
8,9,fixed_actual,17,0.011088709677419355
8,9,fixed_actual,18,0.010080645161290322
8,9,fixed_actual,19,0.010080645161290322
8,9,fixed_actual,20,0.0020161290322580645
8,9,cont_sim,8,0.00015
8,9,cont_sim,9,0.01215
8,9,cont_sim,10,0.08455
8,9,cont_sim,11,0.1973
8,9,cont_sim,12,0.25785
8,9,cont_sim,13,0.2276
8,9,cont_sim,14,0.13445
8,9,cont_sim,15,0.0587
8,9,cont_sim,16,0.02045
8,9,cont_sim,17,0.0058
8,9,cont_sim,18,0.0009
8,9,cont_sim,19,0.0001
8,10,predicted,8,0.0005093879267937838
8,10,predicted,9,0.05754457482296965
8,10,predicted,10,0.2937991873844257
8,10,predicted,11,0.3479818703287821
8,10,predicted,12,0.198978426803653
8,10,predicted,13,0.07620196359554517
8,10,predicted,14,0.020861204706960387
8,10,predicted,15,0.003757345801226439
8,10,predicted,16,0.0003571173902998842
8,10,predicted,17,8.487734773297792e-06
8,10,predicted,18,4.1890092810008007e-07
8,10,predicted,19,1.4263382905787857e-08
8,10,predicted,20,3.3488350816224023e-10
8,10,predicted,21,5.326076443979876e-12
8,10,predicted,22,4.995949505295627e-14
8,10,fixed_actual,8,0.03528225806451613
8,10,fixed_actual,9,0.055443548387096774
8,10,fixed_actual,10,0.18951612903225806
8,10,fixed_actual,11,0.22782258064516128
8,10,fixed_actual,12,0.19153225806451613
8,10,fixed_actual,13,0.11693548387096774
8,10,fixed_actual,14,0.07358870967741936
8,10,fixed_actual,15,0.05241935483870968
8,10,fixed_actual,16,0.056451612903225805
8,10,fixed_actual,17,0.0010080645161290322
8,10,cont_sim,8,0.0001
8,10,cont_sim,9,0.06085
8,10,cont_sim,10,0.2984
8,10,cont_sim,11,0.3434
8,10,cont_sim,12,0.1976
8,10,cont_sim,13,0.07465
8,10,cont_sim,14,0.0211
8,10,cont_sim,15,0.0037
8,10,cont_sim,16,0.0002
8,11,predicted,8,1.2783547568296668e-05
8,11,predicted,9,0.0023713668027923805
8,11,predicted,10,0.03615434492390517
8,11,predicted,11,0.11674238266693703
8,11,predicted,12,0.18847115201640444
8,11,predicted,13,0.21833540428549245
8,11,predicted,14,0.1973694510205507
8,11,predicted,15,0.13699161424822412
8,11,predicted,16,0.06999595422960024
8,11,predicted,17,0.02557328902538144
8,11,predicted,18,0.006610355858577404
8,11,predicted,19,0.0012043549150520412
8,11,predicted,20,0.0001533972525475276
8,11,predicted,21,1.3364232180913304e-05
8,11,predicted,22,7.59235026875754e-07
8,11,predicted,23,2.5361604311361845e-08
8,11,predicted,24,3.7815473385850914e-10
8,11,fixed_actual,9,0.0020161290322580645
8,11,fixed_actual,10,0.06754032258064516
8,11,fixed_actual,11,0.14112903225806453
8,11,fixed_actual,12,0.18649193548387097
8,11,fixed_actual,13,0.2056451612903226
8,11,fixed_actual,14,0.1310483870967742
8,11,fixed_actual,15,0.08971774193548387
8,11,fixed_actual,16,0.10987903225806452
8,11,fixed_actual,17,0.02620967741935484
8,11,fixed_actual,18,0.005040322580645161
8,11,fixed_actual,19,0.0030241935483870967
8,11,fixed_actual,21,0.0010080645161290322
8,11,fixed_actual,22,0.0030241935483870967
8,11,fixed_actual,23,0.0020161290322580645
8,11,fixed_actual,24,0.02620967741935484
8,11,cont_sim,8,5e-05
8,11,cont_sim,9,0.0024
8,11,cont_sim,10,0.0394
8,11,cont_sim,11,0.11745
8,11,cont_sim,12,0.1838
8,11,cont_sim,13,0.21865
8,11,cont_sim,14,0.1974
8,11,cont_sim,15,0.13835
8,11,cont_sim,16,0.06835
8,11,cont_sim,17,0.0271
8,11,cont_sim,18,0.006
8,11,cont_sim,19,0.00095
8,11,cont_sim,20,0.0001
8,12,predicted,8,0.0011568832400675891
8,12,predicted,9,0.05716725135150505
8,12,predicted,10,0.2050263254844101
8,12,predicted,11,0.2793774400427609
8,12,predicted,12,0.22989871899718936
8,12,predicted,13,0.13703046318996065
8,12,predicted,14,0.06202633258159057
8,12,predicted,15,0.021388384191254127
8,12,predicted,16,0.005615966191673866
8,12,predicted,17,0.001121630013125736
8,12,predicted,18,0.00016965412248808474
8,12,predicted,19,1.9243571900355173e-05
8,12,predicted,20,1.6073082753269883e-06
8,12,predicted,21,9.577108714902273e-08
8,12,predicted,22,3.848287924925503e-09
8,12,predicted,23,9.339222285172512e-11
8,12,predicted,24,1.0310018449550164e-12
8,12,fixed_actual,8,0.04536290322580645
8,12,fixed_actual,9,0.06048387096774194
8,12,fixed_actual,10,0.14012096774193547
8,12,fixed_actual,11,0.20665322580645162
8,12,fixed_actual,12,0.21169354838709678
8,12,fixed_actual,13,0.16129032258064516
8,12,fixed_actual,14,0.07963709677419355
8,12,fixed_actual,15,0.03931451612903226
8,12,fixed_actual,16,0.017137096774193547
8,12,fixed_actual,17,0.028225806451612902
8,12,fixed_actual,18,0.008064516129032258
8,12,fixed_actual,19,0.0020161290322580645
8,12,cont_sim,8,0.00105
8,12,cont_sim,9,0.05905
8,12,cont_sim,10,0.20515
8,12,cont_sim,11,0.2812
8,12,cont_sim,12,0.2223
8,12,cont_sim,13,0.13695
8,12,cont_sim,14,0.06555
8,12,cont_sim,15,0.02185
8,12,cont_sim,16,0.0059
8,12,cont_sim,17,0.00075
8,12,cont_sim,18,0.00015
8,12,cont_sim,19,0.0001
8,13,predicted,8,4.844105940164485e-05
8,13,predicted,9,0.008252252489111319
8,13,predicted,10,0.11822361745976251
8,13,predicted,11,0.2980140448460407
8,13,predicted,12,0.2884287170042348
8,13,predicted,13,0.17487894134210175
8,13,predicted,14,0.07759363768378055
8,13,predicted,15,0.026298272643350853
8,13,predicted,16,0.00676375130282804
8,13,predicted,17,0.0012955458474767849
8,13,predicted,18,0.0001825739949707281
8,13,predicted,19,1.8748307538278034e-05
8,13,predicted,20,1.382369600554461e-06
8,13,predicted,21,7.117343522892144e-08
8,13,predicted,22,2.426727299894669e-09
8,13,predicted,23,4.919447220523692e-11
8,13,predicted,24,4.4439154330231325e-13
8,13,fixed_actual,9,0.011088709677419355
8,13,fixed_actual,10,0.08366935483870967
8,13,fixed_actual,11,0.22379032258064516
8,13,fixed_actual,12,0.21169354838709678
8,13,fixed_actual,13,0.17338709677419356
8,13,fixed_actual,14,0.09274193548387097
8,13,fixed_actual,15,0.06754032258064516
8,13,fixed_actual,16,0.12903225806451613
8,13,fixed_actual,17,0.005040322580645161
8,13,fixed_actual,18,0.0010080645161290322
8,13,fixed_actual,19,0.0010080645161290322
8,13,cont_sim,8,5e-05
8,13,cont_sim,9,0.00845
8,13,cont_sim,10,0.11615
8,13,cont_sim,11,0.301
8,13,cont_sim,12,0.2837
8,13,cont_sim,13,0.17685
8,13,cont_sim,14,0.0804
8,13,cont_sim,15,0.025
8,13,cont_sim,16,0.00735
8,13,cont_sim,17,0.00095
8,13,cont_sim,18,0.0001
8,14,predicted,8,0.002514061405506296
8,14,predicted,9,0.08748718255391696
8,14,predicted,10,0.25200902408186576
8,14,predicted,11,0.28228901008046875
8,14,predicted,12,0.19674770774049935
8,14,predicted,13,0.10455070912289936
8,14,predicted,14,0.046718536573280206
8,14,predicted,15,0.01835619379902595
8,14,predicted,16,0.0064731941520724005
8,14,predicted,17,0.0020669690628028715
8,14,predicted,18,0.0005953477205615997
8,14,predicted,19,0.0001519399050129293
8,14,predicted,20,3.3267603687695175e-05
8,14,predicted,21,5.9561870278165096e-06
8,14,predicted,22,8.16558838732914e-07
8,14,predicted,23,7.857283718565423e-08
8,14,predicted,24,4.721046275282555e-09
8,14,predicted,25,1.5528630606238548e-10
8,14,predicted,26,3.3102501484286497e-12
8,14,predicted,27,5.3164330010187887e-14
8,14,fixed_actual,9,0.03225806451612903
8,14,fixed_actual,10,0.16129032258064516
8,14,fixed_actual,11,0.21169354838709678
8,14,fixed_actual,12,0.16431451612903225
8,14,fixed_actual,13,0.13004032258064516
8,14,fixed_actual,14,0.06955645161290322
8,14,fixed_actual,15,0.06854838709677419
8,14,fixed_actual,16,0.12600806451612903
8,14,fixed_actual,17,0.014112903225806451
8,14,fixed_actual,18,0.015120967741935484
8,14,fixed_actual,19,0.0020161290322580645
8,14,fixed_actual,20,0.0020161290322580645
8,14,fixed_actual,21,0.0030241935483870967
8,14,cont_sim,8,0.00325
8,14,cont_sim,9,0.0882
8,14,cont_sim,10,0.2532
8,14,cont_sim,11,0.2782
8,14,cont_sim,12,0.20075
8,14,cont_sim,13,0.10275
8,14,cont_sim,14,0.0454
8,14,cont_sim,15,0.01895
8,14,cont_sim,16,0.00645
8,14,cont_sim,17,0.00155
8,14,cont_sim,18,0.0012
8,14,cont_sim,19,0.0001
8,15,predicted,8,0.004791517437700476
8,15,predicted,9,0.13036421830595335
8,15,predicted,10,0.2777129416162537
8,15,predicted,11,0.25436634599745106
8,15,predicted,12,0.1635312663290914
8,15,predicted,13,0.09030194329620912
8,15,predicted,14,0.04516137781217143
8,15,predicted,15,0.02056313754186576
8,15,predicted,16,0.008512911055746641
8,15,predicted,17,0.003191898411420655
8,15,predicted,18,0.0010747169384321398
8,15,predicted,19,0.00032087677450252006
8,15,predicted,20,8.374908470187298e-05
8,15,predicted,21,1.8837488013606477e-05
8,15,predicted,22,3.6005130220978455e-06
8,15,predicted,23,5.764089256621636e-07
8,15,predicted,24,7.61005956293924e-08
8,15,predicted,25,8.145971726889342e-09
8,15,predicted,26,6.936321731312299e-10
8,15,predicted,27,4.59526026091972e-11
8,15,predicted,28,2.3032529884239305e-12
8,15,predicted,29,8.319624038633286e-14
8,15,fixed_actual,8,0.01310483870967742
8,15,fixed_actual,9,0.09274193548387097
8,15,fixed_actual,10,0.19858870967741934
8,15,fixed_actual,11,0.1905241935483871
8,15,fixed_actual,12,0.1502016129032258
8,15,fixed_actual,13,0.0967741935483871
8,15,fixed_actual,14,0.06350806451612903
8,15,fixed_actual,15,0.04435483870967742
8,15,fixed_actual,16,0.07056451612903226
8,15,fixed_actual,17,0.009072580645161291
8,15,fixed_actual,18,0.004032258064516129
8,15,fixed_actual,19,0.007056451612903226
8,15,fixed_actual,20,0.015120967741935484
8,15,fixed_actual,21,0.014112903225806451
8,15,fixed_actual,22,0.015120967741935484
8,15,fixed_actual,23,0.011088709677419355
8,15,fixed_actual,24,0.004032258064516129
8,15,cont_sim,8,0.00465
8,15,cont_sim,9,0.1277
8,15,cont_sim,10,0.27565
8,15,cont_sim,11,0.25365
8,15,cont_sim,12,0.1688
8,15,cont_sim,13,0.0869
8,15,cont_sim,14,0.0475
8,15,cont_sim,15,0.0219
8,15,cont_sim,16,0.0093
8,15,cont_sim,17,0.00275
8,15,cont_sim,18,0.00075
8,15,cont_sim,19,0.0004
8,15,cont_sim,20,5e-05
8,16,predicted,8,0.004615120558955507
8,16,predicted,9,0.12522083220098904
8,16,predicted,10,0.3107791121829035
8,16,predicted,11,0.31180204479586326
8,16,predicted,12,0.16824031727284736
8,16,predicted,13,0.06034439306443768
8,16,predicted,14,0.015642918196768187
8,16,predicted,15,0.002920926768361611
8,16,predicted,16,0.00039232394981038245
8,16,predicted,17,3.886287343591253e-05
8,16,predicted,18,2.9605195110536477e-06
8,16,predicted,19,1.773554294700649e-07
8,16,predicted,20,9.677727367184936e-09
8,16,predicted,21,5.518429555756918e-10
8,16,predicted,22,2.992209448070339e-11
8,16,predicted,23,1.1744100842233184e-12
8,16,predicted,24,2.027187375359348e-14
8,16,fixed_actual,8,0.03225806451612903
8,16,fixed_actual,9,0.06048387096774194
8,16,fixed_actual,10,0.2006048387096774
8,16,fixed_actual,11,0.2288306451612903
8,16,fixed_actual,12,0.16532258064516128
8,16,fixed_actual,13,0.10584677419354839
8,16,fixed_actual,14,0.04536290322580645
8,16,fixed_actual,15,0.05342741935483871
8,16,fixed_actual,16,0.0625
8,16,fixed_actual,17,0.016129032258064516
8,16,fixed_actual,18,0.011088709677419355
8,16,fixed_actual,19,0.008064516129032258
8,16,fixed_actual,20,0.008064516129032258
8,16,fixed_actual,21,0.0010080645161290322
8,16,fixed_actual,22,0.0010080645161290322
8,16,cont_sim,8,0.0046
8,16,cont_sim,9,0.12535
8,16,cont_sim,10,0.31075
8,16,cont_sim,11,0.3102
8,16,cont_sim,12,0.1702
8,16,cont_sim,13,0.05965
8,16,cont_sim,14,0.01465
8,16,cont_sim,15,0.00415
8,16,cont_sim,16,0.00045
8,17,predicted,8,0.0012821569416066854
8,17,predicted,9,0.05471790024943035
8,17,predicted,10,0.20376620641544674
8,17,predicted,11,0.2807574418575951
8,17,predicted,12,0.21956156694660808
8,17,predicted,13,0.12877328937128552
8,17,predicted,14,0.0660137184219725
8,17,predicted,15,0.029675139442939442
8,17,predicted,16,0.011154816645007275
8,17,predicted,17,0.0033561910320875623
8,17,predicted,18,0.0007833490892613696
8,17,predicted,19,0.00013840280834081988
8,17,predicted,20,1.803891470920179e-05
8,17,predicted,21,1.6736067990627894e-06
8,17,predicted,22,1.0428468740630936e-07
8,17,predicted,23,3.905833807415601e-09
8,17,predicted,24,6.638905183290605e-11
8,17,fixed_actual,8,0.017137096774193547
8,17,fixed_actual,9,0.04133064516129032
8,17,fixed_actual,10,0.13608870967741934
8,17,fixed_actual,11,0.22681451612903225
8,17,fixed_actual,12,0.1975806451612903
8,17,fixed_actual,13,0.13911290322580644
8,17,fixed_actual,14,0.06451612903225806
8,17,fixed_actual,15,0.04334677419354839
8,17,fixed_actual,16,0.09778225806451613
8,17,fixed_actual,17,0.007056451612903226
8,17,fixed_actual,18,0.008064516129032258
8,17,fixed_actual,19,0.007056451612903226
8,17,fixed_actual,20,0.010080645161290322
8,17,fixed_actual,21,0.0020161290322580645
8,17,fixed_actual,22,0.0020161290322580645
8,17,cont_sim,8,0.00155
8,17,cont_sim,9,0.05585
8,17,cont_sim,10,0.2067
8,17,cont_sim,11,0.2804
8,17,cont_sim,12,0.2147
8,17,cont_sim,13,0.13005
8,17,cont_sim,14,0.0626
8,17,cont_sim,15,0.0317
8,17,cont_sim,16,0.012
8,17,cont_sim,17,0.00355
8,17,cont_sim,18,0.0009
8,18,predicted,8,0.0039377392397959435
8,18,predicted,9,0.11164775257779237
8,18,predicted,10,0.28098887385850546
8,18,predicted,11,0.2927875553110766
8,18,predicted,12,0.1844239177364575
8,18,predicted,13,0.08535402166981576
8,18,predicted,14,0.030664602504696284
8,18,predicted,15,0.008338432944591096
8,18,predicted,16,0.0016114494577367468
8,18,predicted,17,0.00021643623939490754
8,18,predicted,18,2.564961996458877e-05
8,18,predicted,19,3.156002330096454e-06
8,18,predicted,20,3.729055177207278e-07
8,18,predicted,21,3.6984426434129974e-08
8,18,predicted,22,2.799413542281438e-09
8,18,predicted,23,1.4453227070288902e-10
8,18,predicted,24,3.952662204404501e-12
8,18,fixed_actual,8,0.0020161290322580645
8,18,fixed_actual,9,0.07459677419354839
8,18,fixed_actual,10,0.2318548387096774
8,18,fixed_actual,11,0.2247983870967742
8,18,fixed_actual,12,0.15725806451612903
8,18,fixed_actual,13,0.08266129032258064
8,18,fixed_actual,14,0.02721774193548387
8,18,fixed_actual,15,0.025201612903225805
8,18,fixed_actual,16,0.13004032258064516
8,18,fixed_actual,17,0.006048387096774193
8,18,fixed_actual,18,0.005040322580645161
8,18,fixed_actual,19,0.0010080645161290322
8,18,fixed_actual,22,0.0030241935483870967
8,18,fixed_actual,23,0.008064516129032258
8,18,fixed_actual,24,0.021169354838709676
8,18,cont_sim,8,0.00405
8,18,cont_sim,9,0.11165
8,18,cont_sim,10,0.28235
8,18,cont_sim,11,0.29175
8,18,cont_sim,12,0.1847
8,18,cont_sim,13,0.0815
8,18,cont_sim,14,0.0329
8,18,cont_sim,15,0.00915
8,18,cont_sim,16,0.00175
8,18,cont_sim,17,0.0002
8,19,predicted,8,0.00034806092085636373
8,19,predicted,9,0.017690962496806833
8,19,predicted,10,0.07816456629464993
8,19,predicted,11,0.15369206082795925
8,19,predicted,12,0.20766683974297007
8,19,predicted,13,0.21640684803920834
8,19,predicted,14,0.1706978464167986
8,19,predicted,15,0.09895683507381503
8,19,predicted,16,0.041252922987696804
8,19,predicted,17,0.01217719930165856
8,19,predicted,18,0.0025338598722546538
8,19,predicted,19,0.00037120145010762715
8,19,predicted,20,3.800902954671506e-05
8,19,predicted,21,2.6625739656644995e-06
8,19,predicted,22,1.2166229486313862e-07
8,19,predicted,23,3.270131633136836e-09
8,19,predicted,24,3.92789668028548e-11
8,19,fixed_actual,8,0.019153225806451613
8,19,fixed_actual,9,0.03225806451612903
8,19,fixed_actual,10,0.0846774193548387
8,19,fixed_actual,11,0.15423387096774194
8,19,fixed_actual,12,0.17237903225806453
8,19,fixed_actual,13,0.12399193548387097
8,19,fixed_actual,14,0.11895161290322581
8,19,fixed_actual,15,0.10181451612903226
8,19,fixed_actual,16,0.10786290322580645
8,19,fixed_actual,17,0.05141129032258065
8,19,fixed_actual,18,0.019153225806451613
8,19,fixed_actual,19,0.011088709677419355
8,19,fixed_actual,20,0.0030241935483870967
8,19,cont_sim,8,0.0005
8,19,cont_sim,9,0.01755
8,19,cont_sim,10,0.0781
8,19,cont_sim,11,0.1535
8,19,cont_sim,12,0.2129
8,19,cont_sim,13,0.2189
8,19,cont_sim,14,0.167
8,19,cont_sim,15,0.09745
8,19,cont_sim,16,0.04085
8,19,cont_sim,17,0.0108
8,19,cont_sim,18,0.00215
8,19,cont_sim,19,0.0003
8,20,predicted,8,0.005473195183094897
8,20,predicted,9,0.1454513597872834
8,20,predicted,10,0.30670487974744887
8,20,predicted,11,0.2739995745643709
8,20,predicted,12,0.16001706885381292
8,20,predicted,13,0.07224772737106712
8,20,predicted,14,0.02644740024290588
8,20,predicted,15,0.007678733347624608
8,20,predicted,16,0.0016845836296220573
8,20,predicted,17,0.00026418348001359113
8,20,predicted,18,2.8957467649563755e-05
8,20,predicted,19,2.213797512927194e-06
8,20,predicted,20,1.1805074997713547e-07
8,20,predicted,21,4.364273200647107e-09
8,20,predicted,22,1.1062731119257955e-10
8,20,predicted,23,1.9268119159171245e-12
8,20,predicted,24,1.598232559654889e-14
8,20,fixed_actual,8,0.006048387096774193
8,20,fixed_actual,9,0.11995967741935484
8,20,fixed_actual,10,0.21975806451612903
8,20,fixed_actual,11,0.2127016129032258
8,20,fixed_actual,12,0.1431451612903226
8,20,fixed_actual,13,0.0655241935483871
8,20,fixed_actual,14,0.04838709677419355
8,20,fixed_actual,15,0.059475806451612906
8,20,fixed_actual,16,0.06451612903225806
8,20,fixed_actual,17,0.012096774193548387
8,20,fixed_actual,18,0.020161290322580645
8,20,fixed_actual,19,0.010080645161290322
8,20,fixed_actual,20,0.010080645161290322
8,20,fixed_actual,21,0.005040322580645161
8,20,fixed_actual,22,0.0030241935483870967
8,20,cont_sim,8,0.0061
8,20,cont_sim,9,0.1454
8,20,cont_sim,10,0.3088
8,20,cont_sim,11,0.2719
8,20,cont_sim,12,0.16085
8,20,cont_sim,13,0.0724
8,20,cont_sim,14,0.0247
8,20,cont_sim,15,0.0076
8,20,cont_sim,16,0.00195
8,20,cont_sim,17,0.00025
8,20,cont_sim,18,5e-05
8,21,predicted,8,0.0002943578105476709
8,21,predicted,9,0.01748085557415016
8,21,predicted,10,0.09908677652239462
8,21,predicted,11,0.22720967467983688
8,21,predicted,12,0.28047009651828875
8,21,predicted,13,0.2157488879438805
8,21,predicted,14,0.11190479375220191
8,21,predicted,15,0.03848154064794165
8,21,predicted,16,0.008222795282206999
8,21,predicted,17,0.001018940575645679
8,21,predicted,18,7.736472918770989e-05
8,21,predicted,19,3.7903341605375756e-06
8,21,predicted,20,1.2295680622515646e-07
8,21,predicted,21,2.6364212148519384e-09
8,21,predicted,22,3.605039286969194e-11
8,21,predicted,23,2.7911786699264743e-13
8,21,fixed_actual,8,0.006048387096774193
8,21,fixed_actual,9,0.03931451612903226
8,21,fixed_actual,10,0.0907258064516129
8,21,fixed_actual,11,0.17842741935483872
8,21,fixed_actual,12,0.17036290322580644
8,21,fixed_actual,13,0.17842741935483872
8,21,fixed_actual,14,0.10887096774193548
8,21,fixed_actual,15,0.07862903225806452
8,21,fixed_actual,16,0.10383064516129033
8,21,fixed_actual,17,0.03326612903225806
8,21,fixed_actual,18,0.010080645161290322
8,21,fixed_actual,19,0.0020161290322580645
8,21,cont_sim,8,0.0002
8,21,cont_sim,9,0.01925
8,21,cont_sim,10,0.09725
8,21,cont_sim,11,0.22735
8,21,cont_sim,12,0.27975
8,21,cont_sim,13,0.21755
8,21,cont_sim,14,0.11365
8,21,cont_sim,15,0.0363
8,21,cont_sim,16,0.00775
8,21,cont_sim,17,0.00095
8,22,predicted,8,0.008856164740114613
8,22,predicted,9,0.2139372472202187
8,22,predicted,10,0.3745770519462323
8,22,predicted,11,0.2568194620508087
8,22,predicted,12,0.10690036162604187
8,22,predicted,13,0.031244696847216882
8,22,predicted,14,0.006593211884612098
8,22,predicted,15,0.0009751514853200138
8,22,predicted,16,9.204036185523984e-05
8,22,predicted,17,4.465142624774515e-06
8,22,predicted,18,1.4329510445054685e-07
8,22,predicted,19,3.3422162635285692e-09
8,22,predicted,20,5.695839235090414e-11
8,22,predicted,21,6.755564678036421e-13
8,22,fixed_actual,8,0.011088709677419355
8,22,fixed_actual,9,0.14818548387096775
8,22,fixed_actual,10,0.29838709677419356
8,22,fixed_actual,11,0.19959677419354838
8,22,fixed_actual,12,0.10483870967741936
8,22,fixed_actual,13,0.03125
8,22,fixed_actual,14,0.03528225806451613
8,22,fixed_actual,15,0.034274193548387094
8,22,fixed_actual,16,0.13407258064516128
8,22,fixed_actual,17,0.0020161290322580645
8,22,fixed_actual,18,0.0010080645161290322
8,22,cont_sim,8,0.00785
8,22,cont_sim,9,0.2182
8,22,cont_sim,10,0.37835
8,22,cont_sim,11,0.2551
8,22,cont_sim,12,0.10095
8,22,cont_sim,13,0.0328
8,22,cont_sim,14,0.00565
8,22,cont_sim,15,0.001
8,22,cont_sim,16,0.0001
8,23,predicted,8,0.0001488101160281324
8,23,predicted,9,0.016779134326111583
8,23,predicted,10,0.12413136542285498
8,23,predicted,11,0.28140642700731744
8,23,predicted,12,0.29072681772442294
8,23,predicted,13,0.17430883716024426
8,23,predicted,14,0.07573963996335122
8,23,predicted,15,0.026631790690980074
8,23,predicted,16,0.007792301180695787
8,23,predicted,17,0.0018926673213023031
8,23,predicted,18,0.0003750485634259912
8,23,predicted,19,5.921069762737508e-05
8,23,predicted,20,7.244014547399596e-06
8,23,predicted,21,6.615864647128858e-07
8,23,predicted,22,4.2479534451022364e-08
8,23,predicted,23,1.712447490104372e-09
8,23,predicted,24,3.2643821650840426e-11
8,23,fixed_actual,8,0.005040322580645161
8,23,fixed_actual,9,0.046370967741935484
8,23,fixed_actual,10,0.12903225806451613
8,23,fixed_actual,11,0.2560483870967742
8,23,fixed_actual,12,0.21673387096774194
8,23,fixed_actual,13,0.1532258064516129
8,23,fixed_actual,14,0.057459677419354836
8,23,fixed_actual,15,0.04334677419354839
8,23,fixed_actual,16,0.05241935483870968
8,23,fixed_actual,17,0.005040322580645161
8,23,fixed_actual,18,0.0010080645161290322
8,23,fixed_actual,19,0.0020161290322580645
8,23,fixed_actual,23,0.0020161290322580645
8,23,fixed_actual,24,0.03024193548387097
8,23,cont_sim,8,0.0001
8,23,cont_sim,9,0.01775
8,23,cont_sim,10,0.1213
8,23,cont_sim,11,0.28315
8,23,cont_sim,12,0.29145
8,23,cont_sim,13,0.17835
8,23,cont_sim,14,0.0727
8,23,cont_sim,15,0.02505
8,23,cont_sim,16,0.0081
8,23,cont_sim,17,0.00165
8,23,cont_sim,18,0.0003
8,23,cont_sim,19,0.0001
16,0,predicted,16,0.0012419061297763289
16,0,predicted,17,0.03860145557295463
16,0,predicted,18,0.11617945975949076
16,0,predicted,19,0.17390029112974414
16,0,predicted,20,0.18468139452942217
16,0,predicted,21,0.16070086972236491
16,0,predicted,22,0.12252419494104606
16,0,predicted,23,0.08465145343508529
16,0,predicted,24,0.05381744967397333
16,0,predicted,25,0.03161332355504786
16,0,predicted,26,0.0171309852169629
16,0,predicted,27,0.008533197429652112
16,0,predicted,28,0.00389215938601268
16,0,predicted,29,0.0016197075756979283
16,0,predicted,30,0.0006128694228349662
16,0,predicted,31,0.00021017258450252112
16,0,predicted,32,6.511731826582368e-05
16,0,predicted,33,1.8171237891033674e-05
16,0,predicted,34,4.55297338259779e-06
16,0,predicted,35,1.0210952792350074e-06
16,0,predicted,36,2.043164048634996e-07
16,0,predicted,37,3.6354827072704495e-08
16,0,predicted,38,5.732311790733376e-09
16,0,predicted,39,7.979740746497941e-10
16,0,predicted,40,9.766410607819042e-11
16,0,predicted,41,1.0437071921457063e-11
16,0,predicted,42,9.394319175046447e-13
16,0,predicted,43,5.421637839462164e-14
16,0,fixed_actual,17,0.012096774193548387
16,0,fixed_actual,18,0.024193548387096774
16,0,fixed_actual,19,0.08669354838709678
16,0,fixed_actual,20,0.11088709677419355
16,0,fixed_actual,21,0.1532258064516129
16,0,fixed_actual,22,0.10685483870967742
16,0,fixed_actual,23,0.09274193548387097
16,0,fixed_actual,24,0.08870967741935484
16,0,fixed_actual,25,0.05040322580645161
16,0,fixed_actual,26,0.04435483870967742
16,0,fixed_actual,27,0.02620967741935484
16,0,fixed_actual,28,0.028225806451612902
16,0,fixed_actual,29,0.012096774193548387
16,0,fixed_actual,30,0.02217741935483871
16,0,fixed_actual,32,0.10887096774193548
16,0,fixed_actual,48,0.03225806451612903
16,0,cont_sim,16,0.0008
16,0,cont_sim,17,0.0373
16,0,cont_sim,18,0.1182
16,0,cont_sim,19,0.1768
16,0,cont_sim,20,0.18025
16,0,cont_sim,21,0.16155
16,0,cont_sim,22,0.12455
16,0,cont_sim,23,0.08575
16,0,cont_sim,24,0.0529
16,0,cont_sim,25,0.0319
16,0,cont_sim,26,0.0153
16,0,cont_sim,27,0.0087
16,0,cont_sim,28,0.0035
16,0,cont_sim,29,0.00155
16,0,cont_sim,30,0.0005
16,0,cont_sim,31,0.00025
16,0,cont_sim,32,0.00015
16,0,cont_sim,33,5e-05
16,1,predicted,16,0.001624429136472352
16,1,predicted,17,0.04876005329361395
16,1,predicted,18,0.137727441139106
16,1,predicted,19,0.19280323399089327
16,1,predicted,20,0.19195630312902037
16,1,predicted,21,0.15645637068632273
16,1,predicted,22,0.11179235203330731
16,1,predicted,23,0.07235431760832595
16,1,predicted,24,0.042922163538295866
16,1,predicted,25,0.023357231497523733
16,1,predicted,26,0.01162105983491038
16,1,predicted,27,0.005265943607763815
16,1,predicted,28,0.0021663975079111043
16,1,predicted,29,0.0008073316344923946
16,1,predicted,30,0.0002721565330457444
16,1,predicted,31,8.295617930993666e-05
16,1,predicted,32,2.2881947833790546e-05
16,1,predicted,33,5.726913329833852e-06
16,1,predicted,34,1.3078921508658363e-06
16,1,predicted,35,2.7525952546012276e-07
16,1,predicted,36,5.420052172057477e-08
16,1,predicted,37,1.017927393747181e-08
16,1,predicted,38,1.8566728360624464e-09
16,1,predicted,39,3.316383961908541e-10
16,1,predicted,40,5.7595081810730204e-11
16,1,predicted,41,9.515966804508935e-12
16,1,predicted,42,1.4378225567913486e-12
16,1,predicted,43,1.850834522048949e-13
16,1,fixed_actual,17,0.02620967741935484
16,1,fixed_actual,18,0.09475806451612903
16,1,fixed_actual,19,0.1310483870967742
16,1,fixed_actual,20,0.13709677419354838
16,1,fixed_actual,21,0.125
16,1,fixed_actual,22,0.09274193548387097
16,1,fixed_actual,23,0.05846774193548387
16,1,fixed_actual,24,0.04032258064516129
16,1,fixed_actual,25,0.04838709677419355
16,1,fixed_actual,26,0.03225806451612903
16,1,fixed_actual,27,0.03024193548387097
16,1,fixed_actual,28,0.010080645161290322
16,1,fixed_actual,29,0.020161290322580645
16,1,fixed_actual,30,0.018145161290322582
16,1,fixed_actual,31,0.02217741935483871
16,1,fixed_actual,32,0.04233870967741935
16,1,fixed_actual,33,0.02217741935483871
16,1,fixed_actual,35,0.006048387096774193
16,1,fixed_actual,36,0.008064516129032258
16,1,fixed_actual,37,0.006048387096774193
16,1,fixed_actual,38,0.008064516129032258
16,1,fixed_actual,39,0.008064516129032258
16,1,fixed_actual,40,0.0020161290322580645
16,1,fixed_actual,42,0.008064516129032258
16,1,fixed_actual,44,0.0020161290322580645
16,1,cont_sim,16,0.00165
16,1,cont_sim,17,0.0483
16,1,cont_sim,18,0.1363
16,1,cont_sim,19,0.1957
16,1,cont_sim,20,0.19015
16,1,cont_sim,21,0.15635
16,1,cont_sim,22,0.11335
16,1,cont_sim,23,0.0731
16,1,cont_sim,24,0.043
16,1,cont_sim,25,0.02285
16,1,cont_sim,26,0.0115
16,1,cont_sim,27,0.00485
16,1,cont_sim,28,0.0018
16,1,cont_sim,29,0.0007
16,1,cont_sim,30,0.0003
16,1,cont_sim,31,0.0001
16,2,predicted,16,0.00022999653030878752
16,2,predicted,17,0.008810266440893354
16,2,predicted,18,0.036130462721073446
16,2,predicted,19,0.07075234246520375
16,2,predicted,20,0.09371192985458225
16,2,predicted,21,0.1031461770249694
16,2,predicted,22,0.10563089784238658
16,2,predicted,23,0.10455074455951588
16,2,predicted,24,0.09984171395051777
16,2,predicted,25,0.09103820107216799
16,2,predicted,26,0.07865343557123665
16,2,predicted,27,0.06412019901039576
16,2,predicted,28,0.04922193985045084
16,2,predicted,29,0.03553685502094227
16,2,predicted,30,0.02410488026659387
16,2,predicted,31,0.015343944244296333
16,2,predicted,32,0.009153091928293727
16,2,predicted,33,0.005107975761742105
16,2,predicted,34,0.0026611054853359147
16,2,predicted,35,0.0012908913283503195
16,2,predicted,36,0.00058126694905355
16,2,predicted,37,0.0002420339103900589
16,2,predicted,38,9.276699142055398e-05
16,2,predicted,39,3.254499884856122e-05
16,2,predicted,40,1.037847285585536e-05
16,2,predicted,41,2.982445504225337e-06
16,2,predicted,42,7.638576453845786e-07
16,2,predicted,43,1.718845480496337e-07
16,2,predicted,44,3.333934389813046e-08
16,2,predicted,45,5.429277516776923e-09
16,2,predicted,46,7.147533813348856e-10
16,2,predicted,47,7.184471844706197e-11
16,2,predicted,48,5.039944668306967e-12
16,2,predicted,49,2.1430501710550206e-13
16,2,fixed_actual,16,0.0020161290322580645
16,2,fixed_actual,18,0.028225806451612902
16,2,fixed_actual,19,0.038306451612903226
16,2,fixed_actual,20,0.07056451612903226
16,2,fixed_actual,21,0.07862903225806452
16,2,fixed_actual,22,0.07459677419354839
16,2,fixed_actual,23,0.08870967741935484
16,2,fixed_actual,24,0.07258064516129033
16,2,fixed_actual,25,0.06653225806451613
16,2,fixed_actual,26,0.056451612903225805
16,2,fixed_actual,27,0.04838709677419355
16,2,fixed_actual,28,0.04838709677419355
16,2,fixed_actual,29,0.03225806451612903
16,2,fixed_actual,30,0.03024193548387097
16,2,fixed_actual,31,0.05040322580645161
16,2,fixed_actual,32,0.046370967741935484
16,2,fixed_actual,33,0.008064516129032258
16,2,fixed_actual,34,0.006048387096774193
16,2,fixed_actual,35,0.006048387096774193
16,2,fixed_actual,36,0.010080645161290322
16,2,fixed_actual,37,0.012096774193548387
16,2,fixed_actual,38,0.014112903225806451
16,2,fixed_actual,39,0.018145161290322582
16,2,fixed_actual,40,0.012096774193548387
16,2,fixed_actual,41,0.014112903225806451
16,2,fixed_actual,42,0.010080645161290322
16,2,fixed_actual,43,0.020161290322580645
16,2,fixed_actual,44,0.014112903225806451
16,2,fixed_actual,45,0.006048387096774193
16,2,fixed_actual,46,0.006048387096774193
16,2,fixed_actual,47,0.008064516129032258
16,2,fixed_actual,48,0.0020161290322580645
16,2,cont_sim,16,5e-05
16,2,cont_sim,17,0.0082
16,2,cont_sim,18,0.0373
16,2,cont_sim,19,0.0702
16,2,cont_sim,20,0.09275
16,2,cont_sim,21,0.09915
16,2,cont_sim,22,0.1036
16,2,cont_sim,23,0.10755
16,2,cont_sim,24,0.10065
16,2,cont_sim,25,0.0925
16,2,cont_sim,26,0.07995
16,2,cont_sim,27,0.0645
16,2,cont_sim,28,0.0505
16,2,cont_sim,29,0.0346
16,2,cont_sim,30,0.0234
16,2,cont_sim,31,0.01585
16,2,cont_sim,32,0.0085
16,2,cont_sim,33,0.0057
16,2,cont_sim,34,0.0027
16,2,cont_sim,35,0.0012
16,2,cont_sim,36,0.00085
16,2,cont_sim,37,0.00015
16,2,cont_sim,38,0.00015
16,3,predicted,16,1.867941147377445e-06
16,3,predicted,17,0.00016610966794562986
16,3,predicted,18,0.002010391361965071
16,3,predicted,19,0.008875944152023767
16,3,predicted,20,0.019862272346682332
16,3,predicted,21,0.03155857344700163
16,3,predicted,22,0.04379030685998153
16,3,predicted,23,0.057520839211202796
16,3,predicted,24,0.07251410596849232
16,3,predicted,25,0.08698495662923454
16,3,predicted,26,0.09840423028081328
16,3,predicted,27,0.1044387327410206
16,3,predicted,28,0.10366354243319582
16,3,predicted,29,0.09598523071567583
16,3,predicted,30,0.0826915732938503
16,3,predicted,31,0.06608784713888913
16,3,predicted,32,0.048834769056974515
16,3,predicted,33,0.0332371959135322
16,3,predicted,34,0.020745832463572107
16,3,predicted,35,0.011818120350958578
16,3,predicted,36,0.006111618183810699
16,3,predicted,37,0.002852530161747105
16,3,predicted,38,0.0011942012512731425
16,3,predicted,39,0.00044553826407291684
16,3,predicted,40,0.00014715485334938788
16,3,predicted,41,4.274185855262245e-05
16,3,predicted,42,1.0845569408978522e-05
16,3,predicted,43,2.3886535444823926e-06
16,3,predicted,44,4.5374474787215483e-07
16,3,predicted,45,7.389064010248465e-08
16,3,predicted,46,1.0256671224160675e-08
16,3,predicted,47,1.2073020793248053e-09
16,3,predicted,48,1.1997471309694322e-10
16,3,predicted,49,1.0023436093766336e-11
16,3,predicted,50,6.953693472598656e-13
16,3,predicted,51,2.6495921168856055e-14
16,3,fixed_actual,18,0.03225806451612903
16,3,fixed_actual,19,0.04032258064516129
16,3,fixed_actual,20,0.07459677419354839
16,3,fixed_actual,21,0.07056451612903226
16,3,fixed_actual,22,0.07862903225806452
16,3,fixed_actual,23,0.07056451612903226
16,3,fixed_actual,24,0.06653225806451613
16,3,fixed_actual,25,0.05846774193548387
16,3,fixed_actual,26,0.06451612903225806
16,3,fixed_actual,27,0.046370967741935484
16,3,fixed_actual,28,0.03024193548387097
16,3,fixed_actual,29,0.02620967741935484
16,3,fixed_actual,30,0.03024193548387097
16,3,fixed_actual,31,0.02620967741935484
16,3,fixed_actual,32,0.08266129032258064
16,3,fixed_actual,33,0.03024193548387097
16,3,fixed_actual,34,0.008064516129032258
16,3,fixed_actual,35,0.004032258064516129
16,3,fixed_actual,36,0.012096774193548387
16,3,fixed_actual,37,0.008064516129032258
16,3,fixed_actual,38,0.0020161290322580645
16,3,fixed_actual,39,0.014112903225806451
16,3,fixed_actual,40,0.010080645161290322
16,3,fixed_actual,41,0.008064516129032258
16,3,fixed_actual,42,0.0020161290322580645
16,3,fixed_actual,43,0.0020161290322580645
16,3,fixed_actual,44,0.012096774193548387
16,3,fixed_actual,45,0.004032258064516129
16,3,fixed_actual,46,0.012096774193548387
16,3,fixed_actual,47,0.010080645161290322
16,3,fixed_actual,48,0.04435483870967742
16,3,fixed_actual,49,0.014112903225806451
16,3,fixed_actual,50,0.004032258064516129
16,3,cont_sim,17,0.0001
16,3,cont_sim,18,0.0017
16,3,cont_sim,19,0.00955
16,3,cont_sim,20,0.0191
16,3,cont_sim,21,0.02945
16,3,cont_sim,22,0.0467
16,3,cont_sim,23,0.05845
16,3,cont_sim,24,0.07505
16,3,cont_sim,25,0.0888
16,3,cont_sim,26,0.09955
16,3,cont_sim,27,0.1028
16,3,cont_sim,28,0.09975
16,3,cont_sim,29,0.0996
16,3,cont_sim,30,0.07835
16,3,cont_sim,31,0.0639
16,3,cont_sim,32,0.0488
16,3,cont_sim,33,0.03275
16,3,cont_sim,34,0.02075
16,3,cont_sim,35,0.01275
16,3,cont_sim,36,0.00745
16,3,cont_sim,37,0.0026
16,3,cont_sim,38,0.0011
16,3,cont_sim,39,0.00065
16,3,cont_sim,40,0.0003
16,4,predicted,16,4.597275576127831e-06
16,4,predicted,17,0.0004968393105406702
16,4,predicted,18,0.008274737789779706
16,4,predicted,19,0.04975445904429108
16,4,predicted,20,0.13328750423470467
16,4,predicted,21,0.2025749497542657
16,4,predicted,22,0.20824820973005048
16,4,predicted,23,0.16323746388241786
16,4,predicted,24,0.1080775008584503
16,4,predicted,25,0.06396429130842002
16,4,predicted,26,0.034258517437956125
16,4,predicted,27,0.01655337963157108
16,4,predicted,28,0.0071719524310556665
16,4,predicted,29,0.0027681086008335644
16,4,predicted,30,0.000946018694464778
16,4,predicted,31,0.00028478014728482246
16,4,predicted,32,7.517261829394032e-05
16,4,predicted,33,1.7331219546435865e-05
16,4,predicted,34,3.4771298326647704e-06
16,4,predicted,35,6.048553310825367e-07
16,4,predicted,36,9.087446029377004e-08
16,4,predicted,37,1.1740889471293905e-08
16,4,predicted,38,1.2977455605050728e-09
16,4,predicted,39,1.2192981714035906e-10
16,4,predicted,40,9.656925065835689e-12
16,4,predicted,41,6.282812238699854e-13
16,4,predicted,42,2.277904204928336e-14
16,4,fixed_actual,17,0.0020161290322580645
16,4,fixed_actual,18,0.02217741935483871
16,4,fixed_actual,19,0.034274193548387094
16,4,fixed_actual,20,0.11491935483870967
16,4,fixed_actual,21,0.14112903225806453
16,4,fixed_actual,22,0.1975806451612903
16,4,fixed_actual,23,0.12298387096774194
16,4,fixed_actual,24,0.07056451612903226
16,4,fixed_actual,25,0.046370967741935484
16,4,fixed_actual,26,0.03024193548387097
16,4,fixed_actual,27,0.03225806451612903
16,4,fixed_actual,28,0.02217741935483871
16,4,fixed_actual,29,0.024193548387096774
16,4,fixed_actual,30,0.02217741935483871
16,4,fixed_actual,31,0.028225806451612902
16,4,fixed_actual,32,0.05443548387096774
16,4,fixed_actual,33,0.0020161290322580645
16,4,fixed_actual,41,0.0020161290322580645
16,4,fixed_actual,42,0.004032258064516129
16,4,fixed_actual,43,0.006048387096774193
16,4,fixed_actual,44,0.008064516129032258
16,4,fixed_actual,45,0.004032258064516129
16,4,fixed_actual,46,0.006048387096774193
16,4,fixed_actual,47,0.0020161290322580645
16,4,cont_sim,17,0.0008
16,4,cont_sim,18,0.00885
16,4,cont_sim,19,0.05185
16,4,cont_sim,20,0.1345
16,4,cont_sim,21,0.19635
16,4,cont_sim,22,0.2094
16,4,cont_sim,23,0.15945
16,4,cont_sim,24,0.10875
16,4,cont_sim,25,0.067
16,4,cont_sim,26,0.03565
16,4,cont_sim,27,0.0163
16,4,cont_sim,28,0.00795
16,4,cont_sim,29,0.00225
16,4,cont_sim,30,0.00065
16,4,cont_sim,31,0.0002
16,4,cont_sim,33,5e-05
16,5,predicted,16,7.745057181707975e-06
16,5,predicted,17,0.0008373020993843463
16,5,predicted,18,0.014505757059293294
16,5,predicted,19,0.08446196275263693
16,5,predicted,20,0.19891341635365942
16,5,predicted,21,0.24779977618356866
16,5,predicted,22,0.207625647292745
16,5,predicted,23,0.13266858113318142
16,5,predicted,24,0.06845421107896613
16,5,predicted,25,0.029450155881920285
16,5,predicted,26,0.010751143127891624
16,5,predicted,27,0.0033596062677908995
16,5,predicted,28,0.0009034649663562878
16,5,predicted,29,0.0002100621979305428
16,5,predicted,30,4.240409825202765e-05
16,5,predicted,31,7.452469148044155e-06
16,5,predicted,32,1.1408207283610092e-06
16,5,predicted,33,1.5178318559669822e-07
16,5,predicted,34,1.7481887076220936e-08
16,5,predicted,35,1.735160705478669e-09
16,5,predicted,36,1.4775336046761648e-10
16,5,predicted,37,1.072917966101099e-11
16,5,predicted,38,6.346832937638255e-13
16,5,predicted,39,1.4421843073813146e-14
16,5,fixed_actual,16,0.03225806451612903
16,5,fixed_actual,17,0.0020161290322580645
16,5,fixed_actual,18,0.0020161290322580645
16,5,fixed_actual,19,0.04838709677419355
16,5,fixed_actual,20,0.1350806451612903
16,5,fixed_actual,21,0.1592741935483871
16,5,fixed_actual,22,0.15725806451612903
16,5,fixed_actual,23,0.12903225806451613
16,5,fixed_actual,24,0.07862903225806452
16,5,fixed_actual,25,0.056451612903225805
16,5,fixed_actual,26,0.03225806451612903
16,5,fixed_actual,27,0.020161290322580645
16,5,fixed_actual,28,0.020161290322580645
16,5,fixed_actual,29,0.010080645161290322
16,5,fixed_actual,30,0.010080645161290322
16,5,fixed_actual,31,0.02217741935483871
16,5,fixed_actual,32,0.08266129032258064
16,5,fixed_actual,33,0.0020161290322580645
16,5,cont_sim,17,0.00085
16,5,cont_sim,18,0.01445
16,5,cont_sim,19,0.0833
16,5,cont_sim,20,0.197
16,5,cont_sim,21,0.24545
16,5,cont_sim,22,0.2053
16,5,cont_sim,23,0.13685
16,5,cont_sim,24,0.07035
16,5,cont_sim,25,0.0307
16,5,cont_sim,26,0.0108
16,5,cont_sim,27,0.0038
16,5,cont_sim,28,0.00085
16,5,cont_sim,29,0.00025
16,5,cont_sim,30,5e-05
16,6,predicted,16,0.002217672625073571
16,6,predicted,17,0.06276514848233879
16,6,predicted,18,0.1586452457601888
16,6,predicted,19,0.19823817806406302
16,6,predicted,20,0.1834920105455912
16,6,predicted,21,0.14528459116630218
16,6,predicted,22,0.10346022831679257
16,6,predicted,23,0.0672416456610479
16,6,predicted,24,0.039899680326766156
16,6,predicted,25,0.021475728930879675
16,6,predicted,26,0.010383043734134163
16,6,predicted,27,0.004460119776005679
16,6,predicted,28,0.0016832680805481998
16,6,predicted,29,0.0005518804084576118
16,6,predicted,30,0.000155416658798095
16,6,predicted,31,3.718409011631163e-05
16,6,predicted,32,7.489003939452235e-06
16,6,predicted,33,1.2638292767587767e-06
16,6,predicted,34,1.7965052478979233e-07
16,6,predicted,35,2.2058078808170632e-08
16,6,predicted,36,2.493608998605144e-09
16,6,predicted,37,2.912946606101726e-10
16,6,predicted,38,3.9149293218831226e-11
16,6,predicted,39,5.973523388843928e-12
16,6,predicted,40,9.213182984395316e-13
16,6,predicted,41,1.2750439401177898e-13
16,6,fixed_actual,16,0.006048387096774193
16,6,fixed_actual,17,0.05040322580645161
16,6,fixed_actual,18,0.14717741935483872
16,6,fixed_actual,19,0.16532258064516128
16,6,fixed_actual,20,0.14112903225806453
16,6,fixed_actual,21,0.08266129032258064
16,6,fixed_actual,22,0.07258064516129033
16,6,fixed_actual,23,0.04435483870967742
16,6,fixed_actual,24,0.02217741935483871
16,6,fixed_actual,25,0.02217741935483871
16,6,fixed_actual,26,0.028225806451612902
16,6,fixed_actual,27,0.014112903225806451
16,6,fixed_actual,28,0.018145161290322582
16,6,fixed_actual,29,0.010080645161290322
16,6,fixed_actual,30,0.010080645161290322
16,6,fixed_actual,31,0.020161290322580645
16,6,fixed_actual,32,0.1431451612903226
16,6,fixed_actual,33,0.0020161290322580645
16,6,cont_sim,16,0.0016
16,6,cont_sim,17,0.0628
16,6,cont_sim,18,0.1587
16,6,cont_sim,19,0.19845
16,6,cont_sim,20,0.1808
16,6,cont_sim,21,0.14535
16,6,cont_sim,22,0.10625
16,6,cont_sim,23,0.06555
16,6,cont_sim,24,0.04145
16,6,cont_sim,25,0.02135
16,6,cont_sim,26,0.0108
16,6,cont_sim,27,0.005
16,6,cont_sim,28,0.00125
16,6,cont_sim,29,0.00035
16,6,cont_sim,30,0.00015
16,6,cont_sim,31,0.0001
16,6,cont_sim,32,5e-05
16,7,predicted,16,9.362292816040512e-05
16,7,predicted,17,0.0038479278893439736
16,7,predicted,18,0.01757881454356766
16,7,predicted,19,0.0423194755626213
16,7,predicted,20,0.07428408455964587
16,7,predicted,21,0.10801772072902385
16,7,predicted,22,0.13646985786708285
16,7,predicted,23,0.151306552826346
16,7,predicted,24,0.14661928206161298
16,7,predicted,25,0.12335312618818058
16,7,predicted,26,0.08958056864581461
16,7,predicted,27,0.05586866007976964
16,7,predicted,28,0.029772999861828187
16,7,predicted,29,0.013486473151392488
16,7,predicted,30,0.005165000364514467
16,7,predicted,31,0.0016637899850973986
16,7,predicted,32,0.0004487574195891936
16,7,predicted,33,0.0001009915364535684
16,7,predicted,34,1.8920229505190868e-05
16,7,predicted,35,2.9471716762883725e-06
16,7,predicted,36,3.8145933488336213e-07
16,7,predicted,37,4.099866414704777e-08
16,7,predicted,38,3.6542361298578423e-09
16,7,predicted,39,2.693901150333101e-10
16,7,predicted,40,1.63367078792588e-11
16,7,predicted,41,7.955306023537885e-13
16,7,predicted,42,1.6089673546269456e-14
16,7,fixed_actual,17,0.004032258064516129
16,7,fixed_actual,18,0.024193548387096774
16,7,fixed_actual,19,0.046370967741935484
16,7,fixed_actual,20,0.07258064516129033
16,7,fixed_actual,21,0.08266129032258064
16,7,fixed_actual,22,0.11693548387096774
16,7,fixed_actual,23,0.09274193548387097
16,7,fixed_actual,24,0.11290322580645161
16,7,fixed_actual,25,0.09475806451612903
16,7,fixed_actual,26,0.0907258064516129
16,7,fixed_actual,27,0.06048387096774194
16,7,fixed_actual,28,0.05040322580645161
16,7,fixed_actual,29,0.028225806451612902
16,7,fixed_actual,30,0.016129032258064516
16,7,fixed_actual,31,0.010080645161290322
16,7,fixed_actual,32,0.06048387096774194
16,7,fixed_actual,33,0.006048387096774193
16,7,fixed_actual,34,0.0020161290322580645
16,7,fixed_actual,35,0.0020161290322580645
16,7,fixed_actual,36,0.004032258064516129
16,7,fixed_actual,37,0.010080645161290322
16,7,fixed_actual,38,0.006048387096774193
16,7,fixed_actual,39,0.006048387096774193
16,7,cont_sim,16,0.00015
16,7,cont_sim,17,0.0039
16,7,cont_sim,18,0.01585
16,7,cont_sim,19,0.04125
16,7,cont_sim,20,0.07545
16,7,cont_sim,21,0.10895
16,7,cont_sim,22,0.1355
16,7,cont_sim,23,0.14755
16,7,cont_sim,24,0.1489
16,7,cont_sim,25,0.1183
16,7,cont_sim,26,0.09015
16,7,cont_sim,27,0.05845
16,7,cont_sim,28,0.03245
16,7,cont_sim,29,0.0149
16,7,cont_sim,30,0.0056
16,7,cont_sim,31,0.0018
16,7,cont_sim,32,0.0007
16,7,cont_sim,33,5e-05
16,7,cont_sim,34,5e-05
16,7,cont_sim,35,5e-05
16,8,predicted,16,0.00018379405649665095
16,8,predicted,17,0.00847544643531576
16,8,predicted,18,0.044992243830234084
16,8,predicted,19,0.1003644639603934
16,8,predicted,20,0.1329824970023056
16,8,predicted,21,0.13665622835967375
16,8,predicted,22,0.12782475576949356
16,8,predicted,23,0.11520912431691753
16,8,predicted,24,0.09905416775296709
16,8,predicted,25,0.07960689915298376
16,8,predicted,26,0.059177957929422965
16,8,predicted,27,0.040536560503166265
16,8,predicted,28,0.025551413100431995
16,8,predicted,29,0.014809190585140491
16,8,predicted,30,0.007886248855420141
16,8,predicted,31,0.0038551315831434545
16,8,predicted,32,0.001728043436412574
16,8,predicted,33,0.0007093091979651272
16,8,predicted,34,0.0002661928172616687
16,8,predicted,35,9.116761317633386e-05
16,8,predicted,36,2.8435091388423465e-05
16,8,predicted,37,8.057491670397403e-06
16,8,predicted,38,2.068735729334242e-06
16,8,predicted,39,4.797980357158417e-07
16,8,predicted,40,1.0018473849171473e-07
16,8,predicted,41,1.8763938721970434e-08
16,8,predicted,42,3.139518430899983e-09
16,8,predicted,43,4.67203958246801e-10
16,8,predicted,44,6.154415274911554e-11
16,8,predicted,45,7.1352661150856676e-12
16,8,predicted,46,7.183888188076885e-13
16,8,predicted,47,5.6428167784923304e-14
16,8,fixed_actual,16,0.03024193548387097
16,8,fixed_actual,17,0.024193548387096774
16,8,fixed_actual,18,0.06048387096774194
16,8,fixed_actual,19,0.1028225806451613
16,8,fixed_actual,20,0.14919354838709678
16,8,fixed_actual,21,0.11290322580645161
16,8,fixed_actual,22,0.07862903225806452
16,8,fixed_actual,23,0.07056451612903226
16,8,fixed_actual,24,0.07258064516129033
16,8,fixed_actual,25,0.034274193548387094
16,8,fixed_actual,26,0.03225806451612903
16,8,fixed_actual,27,0.018145161290322582
16,8,fixed_actual,28,0.010080645161290322
16,8,fixed_actual,29,0.03024193548387097
16,8,fixed_actual,30,0.008064516129032258
16,8,fixed_actual,31,0.010080645161290322
16,8,fixed_actual,32,0.0846774193548387
16,8,fixed_actual,33,0.010080645161290322
16,8,fixed_actual,34,0.006048387096774193
16,8,fixed_actual,35,0.004032258064516129
16,8,fixed_actual,36,0.0020161290322580645
16,8,fixed_actual,37,0.004032258064516129
16,8,fixed_actual,38,0.008064516129032258
16,8,fixed_actual,39,0.008064516129032258
16,8,fixed_actual,40,0.004032258064516129
16,8,fixed_actual,41,0.006048387096774193
16,8,fixed_actual,42,0.0020161290322580645
16,8,fixed_actual,43,0.012096774193548387
16,8,fixed_actual,44,0.0020161290322580645
16,8,fixed_actual,46,0.0020161290322580645
16,8,cont_sim,16,0.0002
16,8,cont_sim,17,0.0083
16,8,cont_sim,18,0.0492
16,8,cont_sim,19,0.1012
16,8,cont_sim,20,0.13585
16,8,cont_sim,21,0.1382
16,8,cont_sim,22,0.12805
16,8,cont_sim,23,0.11465
16,8,cont_sim,24,0.1001
16,8,cont_sim,25,0.07655
16,8,cont_sim,26,0.05615
16,8,cont_sim,27,0.0395
16,8,cont_sim,28,0.02445
16,8,cont_sim,29,0.0146
16,8,cont_sim,30,0.00655
16,8,cont_sim,31,0.0037
16,8,cont_sim,32,0.0016
16,8,cont_sim,33,0.00075
16,8,cont_sim,34,0.00015
16,8,cont_sim,35,0.00025
16,9,predicted,16,7.622774660625702e-07
16,9,predicted,17,9.066561300995103e-05
16,9,predicted,18,0.0014140998368595693
16,9,predicted,19,0.008277654624026541
16,9,predicted,20,0.027240857929368444
16,9,predicted,21,0.06321580683795
16,9,predicted,22,0.11139911353230685
16,9,predicted,23,0.15426615060890606
16,9,predicted,24,0.17295173832614066
16,9,predicted,25,0.16113436038301193
16,9,predicted,26,0.12702819643609306
16,9,predicted,27,0.08541245475535347
16,9,predicted,28,0.048995850531908566
16,9,predicted,29,0.023901282906571213
16,9,predicted,30,0.009880442978465527
16,9,predicted,31,0.0034526614409714795
16,9,predicted,32,0.0010188815280761426
16,9,predicted,33,0.00025406319918567393
16,9,predicted,34,5.364377822512282e-05
16,9,predicted,35,9.622734683199059e-06
16,9,predicted,36,1.4725354093376355e-06
16,9,predicted,37,1.9309143909677986e-07
16,9,predicted,38,2.1794050465542638e-08
16,9,predicted,39,2.1263611664097803e-09
16,9,predicted,40,1.8002256861301068e-10
16,9,predicted,41,1.3263086649373916e-11
16,9,predicted,42,8.415966137648221e-13
16,9,predicted,43,3.308161520237553e-14
16,9,fixed_actual,16,0.012096774193548387
16,9,fixed_actual,17,0.012096774193548387
16,9,fixed_actual,18,0.008064516129032258
16,9,fixed_actual,19,0.014112903225806451
16,9,fixed_actual,20,0.04233870967741935
16,9,fixed_actual,21,0.06854838709677419
16,9,fixed_actual,22,0.12096774193548387
16,9,fixed_actual,23,0.11290322580645161
16,9,fixed_actual,24,0.1310483870967742
16,9,fixed_actual,25,0.10483870967741936
16,9,fixed_actual,26,0.07056451612903226
16,9,fixed_actual,27,0.056451612903225805
16,9,fixed_actual,28,0.04838709677419355
16,9,fixed_actual,29,0.034274193548387094
16,9,fixed_actual,30,0.016129032258064516
16,9,fixed_actual,31,0.014112903225806451
16,9,fixed_actual,32,0.10483870967741936
16,9,fixed_actual,34,0.006048387096774193
16,9,fixed_actual,35,0.0020161290322580645
16,9,fixed_actual,36,0.0020161290322580645
16,9,fixed_actual,37,0.008064516129032258
16,9,fixed_actual,38,0.008064516129032258
16,9,fixed_actual,39,0.0020161290322580645
16,9,cont_sim,17,5e-05
16,9,cont_sim,18,0.0016
16,9,cont_sim,19,0.00935
16,9,cont_sim,20,0.02525
16,9,cont_sim,21,0.0628
16,9,cont_sim,22,0.11455
16,9,cont_sim,23,0.15345
16,9,cont_sim,24,0.1762
16,9,cont_sim,25,0.1623
16,9,cont_sim,26,0.1257
16,9,cont_sim,27,0.08425
16,9,cont_sim,28,0.0482
16,9,cont_sim,29,0.0215
16,9,cont_sim,30,0.00985
16,9,cont_sim,31,0.00335
16,9,cont_sim,32,0.0013
16,9,cont_sim,33,0.00025
16,9,cont_sim,34,5e-05
16,10,predicted,16,2.671596606488892e-06
16,10,predicted,17,0.0007127839064695411
16,10,predicted,18,0.01838687465659617
16,10,predicted,19,0.1041233990304976
16,10,predicted,20,0.21775828895444618
16,10,predicted,21,0.2518416571589079
16,10,predicted,22,0.19684759448399589
16,10,predicted,23,0.11717492739546213
16,10,predicted,24,0.05749333050476635
16,10,predicted,25,0.023930726428762174
16,10,predicted,26,0.008462247591087635
16,10,predicted,27,0.0025144731794080797
16,10,predicted,28,0.000613663182691135
16,10,predicted,29,0.00011849637043213858
16,10,predicted,30,1.7086950780026086e-05
16,10,predicted,31,1.6784004591659108e-06
16,10,predicted,32,9.684487609782375e-08
16,10,predicted,33,3.145017355566403e-09
16,10,predicted,34,2.0698982109041045e-10
16,10,predicted,35,1.1259108010306852e-11
16,10,predicted,36,4.890706645622301e-13
16,10,fixed_actual,16,0.028225806451612902
16,10,fixed_actual,17,0.010080645161290322
16,10,fixed_actual,18,0.016129032258064516
16,10,fixed_actual,19,0.05846774193548387
16,10,fixed_actual,20,0.10887096774193548
16,10,fixed_actual,21,0.16330645161290322
16,10,fixed_actual,22,0.1350806451612903
16,10,fixed_actual,23,0.10080645161290322
16,10,fixed_actual,24,0.09475806451612903
16,10,fixed_actual,25,0.06653225806451613
16,10,fixed_actual,26,0.04435483870967742
16,10,fixed_actual,27,0.03024193548387097
16,10,fixed_actual,28,0.02217741935483871
16,10,fixed_actual,29,0.03225806451612903
16,10,fixed_actual,30,0.03225806451612903
16,10,fixed_actual,31,0.02620967741935484
16,10,fixed_actual,32,0.03024193548387097
16,10,cont_sim,17,0.0005
16,10,cont_sim,18,0.01965
16,10,cont_sim,19,0.10405
16,10,cont_sim,20,0.21735
16,10,cont_sim,21,0.2505
16,10,cont_sim,22,0.19405
16,10,cont_sim,23,0.1171
16,10,cont_sim,24,0.0599
16,10,cont_sim,25,0.02425
16,10,cont_sim,26,0.00925
16,10,cont_sim,27,0.0031
16,10,cont_sim,28,0.0002
16,10,cont_sim,29,0.0001
16,11,predicted,16,4.516966556829498e-09
16,11,predicted,17,1.343275258371902e-06
16,11,predicted,18,7.232654740489474e-05
16,11,predicted,19,0.0012057672843873513
16,11,predicted,20,0.007090077433667307
16,11,predicted,21,0.020670687183571353
16,11,predicted,22,0.04262266614783919
16,11,predicted,23,0.0715562725302194
16,11,predicted,24,0.10302750591354057
16,11,predicted,25,0.13073850742440785
16,11,predicted,26,0.14679927071525786
16,11,predicted,27,0.14474265119743296
16,11,predicted,28,0.12428451636398041
16,11,predicted,29,0.09232402675155194
16,11,predicted,30,0.05899258909148704
16,11,predicted,31,0.03225043832695054
16,11,predicted,32,0.015010071737906687
16,11,predicted,33,0.005922030724015505
16,11,predicted,34,0.0019736562629129
16,11,predicted,35,0.0005540771605411426
16,11,predicted,36,0.00013071971051619057
16,11,predicted,37,2.5855798783184686e-05
16,11,predicted,38,4.2753427954591205e-06
16,11,predicted,39,5.886581948448533e-07
16,11,predicted,40,6.710894428550809e-08
16,11,predicted,41,6.283477317403337e-09
16,11,predicted,42,4.776085305459311e-10
16,11,predicted,43,2.8976396185645635e-11
16,11,predicted,44,1.3619566726069858e-12
16,11,predicted,45,4.22347543763267e-14
16,11,fixed_actual,19,0.010080645161290322
16,11,fixed_actual,20,0.02217741935483871
16,11,fixed_actual,21,0.04233870967741935
16,11,fixed_actual,22,0.10685483870967742
16,11,fixed_actual,23,0.09475806451612903
16,11,fixed_actual,24,0.09879032258064516
16,11,fixed_actual,25,0.12096774193548387
16,11,fixed_actual,26,0.08266129032258064
16,11,fixed_actual,27,0.09274193548387097
16,11,fixed_actual,28,0.06653225806451613
16,11,fixed_actual,29,0.06451612903225806
16,11,fixed_actual,30,0.018145161290322582
16,11,fixed_actual,31,0.03024193548387097
16,11,fixed_actual,32,0.07862903225806452
16,11,fixed_actual,33,0.02620967741935484
16,11,fixed_actual,34,0.008064516129032258
16,11,fixed_actual,36,0.004032258064516129
16,11,fixed_actual,43,0.0020161290322580645
16,11,fixed_actual,45,0.0020161290322580645
16,11,fixed_actual,46,0.0020161290322580645
16,11,fixed_actual,47,0.008064516129032258
16,11,fixed_actual,48,0.018145161290322582
16,11,cont_sim,18,5e-05
16,11,cont_sim,19,0.00105
16,11,cont_sim,20,0.00755
16,11,cont_sim,21,0.0193
16,11,cont_sim,22,0.045
16,11,cont_sim,23,0.07205
16,11,cont_sim,24,0.10425
16,11,cont_sim,25,0.12715
16,11,cont_sim,26,0.1491
16,11,cont_sim,27,0.1409
16,11,cont_sim,28,0.12565
16,11,cont_sim,29,0.0927
16,11,cont_sim,30,0.0597
16,11,cont_sim,31,0.0319
16,11,cont_sim,32,0.01455
16,11,cont_sim,33,0.0061
16,11,cont_sim,34,0.00235
16,11,cont_sim,35,0.00055
16,11,cont_sim,36,5e-05
16,11,cont_sim,37,5e-05
16,12,predicted,16,8.790284140701328e-06
16,12,predicted,17,0.0009991562749723049
16,12,predicted,18,0.010702050009448663
16,12,predicted,19,0.04356876261454638
16,12,predicted,20,0.099040600821957
16,12,predicted,21,0.15239090412842493
16,12,predicted,22,0.17920760252443133
16,12,predicted,23,0.17265553532850794
16,12,predicted,24,0.14009912231440305
16,12,predicted,25,0.09657702439302561
16,12,predicted,26,0.056829512102477386
16,12,predicted,27,0.02867934717382126
16,12,predicted,28,0.012466509052101643
16,12,predicted,29,0.0046843469493207815
16,12,predicted,30,0.001525607143544768
16,12,predicted,31,0.00043143097696499237
16,12,predicted,32,0.00010604459561815188
16,12,predicted,33,2.2660640502955615e-05
16,12,predicted,34,4.2075243100194956e-06
16,12,predicted,35,6.779055787617097e-07
16,12,predicted,36,9.456667820835524e-08
16,12,predicted,37,1.1385139263966441e-08
16,12,predicted,38,1.1777592406696164e-09
16,12,predicted,39,1.0406693652615453e-10
16,12,predicted,40,7.77929726960319e-12
16,12,predicted,41,4.726698487353677e-13
16,12,fixed_actual,16,0.03225806451612903
16,12,fixed_actual,17,0.020161290322580645
16,12,fixed_actual,18,0.02620967741935484
16,12,fixed_actual,19,0.05040322580645161
16,12,fixed_actual,20,0.07661290322580645
16,12,fixed_actual,21,0.11088709677419355
16,12,fixed_actual,22,0.11693548387096774
16,12,fixed_actual,23,0.12298387096774194
16,12,fixed_actual,24,0.09879032258064516
16,12,fixed_actual,25,0.08266129032258064
16,12,fixed_actual,26,0.08266129032258064
16,12,fixed_actual,27,0.05846774193548387
16,12,fixed_actual,28,0.038306451612903226
16,12,fixed_actual,29,0.024193548387096774
16,12,fixed_actual,30,0.012096774193548387
16,12,fixed_actual,31,0.0020161290322580645
16,12,fixed_actual,32,0.008064516129032258
16,12,fixed_actual,33,0.010080645161290322
16,12,fixed_actual,34,0.010080645161290322
16,12,fixed_actual,35,0.016129032258064516
16,12,cont_sim,17,0.00095
16,12,cont_sim,18,0.0115
16,12,cont_sim,19,0.0439
16,12,cont_sim,20,0.1009
16,12,cont_sim,21,0.14855
16,12,cont_sim,22,0.17665
16,12,cont_sim,23,0.17725
16,12,cont_sim,24,0.137
16,12,cont_sim,25,0.1
16,12,cont_sim,26,0.0573
16,12,cont_sim,27,0.0285
16,12,cont_sim,28,0.01205
16,12,cont_sim,29,0.0033
16,12,cont_sim,30,0.0015
16,12,cont_sim,31,0.0004
16,12,cont_sim,32,0.00025
16,13,predicted,16,8.847983429866665e-08
16,13,predicted,17,2.2088540225964345e-05
16,13,predicted,18,0.0011156764320978307
16,13,predicted,19,0.017672884574885445
16,13,predicted,20,0.08925322779148093
16,13,predicted,21,0.1805127607592137
16,13,predicted,22,0.21389632078062643
16,13,predicted,23,0.1899434258267581
16,13,predicted,24,0.1384753701202502
16,13,predicted,25,0.08617237393352194
16,13,predicted,26,0.04668239451111622
16,13,predicted,27,0.022174412857605297
16,13,predicted,28,0.009238923964884817
16,13,predicted,29,0.003371569989322585
16,13,predicted,30,0.0010762987371476873
16,13,predicted,31,0.00030023734938422166
16,13,predicted,32,7.308501791460003e-05
16,13,predicted,33,1.54897280741167e-05
16,13,predicted,34,2.848497405580609e-06
16,13,predicted,35,4.5242355091888377e-07
16,13,predicted,36,6.172250021201149e-08
16,13,predicted,37,7.188804841554774e-09
16,13,predicted,38,7.100691609987082e-10
16,13,predicted,39,5.902760982617124e-11
16,13,predicted,40,4.075437495652768e-12
16,13,predicted,41,2.2189077504300851e-13
16,13,fixed_actual,18,0.0020161290322580645
16,13,fixed_actual,19,0.012096774193548387
16,13,fixed_actual,20,0.04032258064516129
16,13,fixed_actual,21,0.12298387096774194
16,13,fixed_actual,22,0.1310483870967742
16,13,fixed_actual,23,0.14516129032258066
16,13,fixed_actual,24,0.125
16,13,fixed_actual,25,0.0846774193548387
16,13,fixed_actual,26,0.05846774193548387
16,13,fixed_actual,27,0.04233870967741935
16,13,fixed_actual,28,0.04233870967741935
16,13,fixed_actual,29,0.020161290322580645
16,13,fixed_actual,30,0.02217741935483871
16,13,fixed_actual,31,0.04032258064516129
16,13,fixed_actual,32,0.10483870967741936
16,13,fixed_actual,33,0.006048387096774193
16,13,cont_sim,18,0.00125
16,13,cont_sim,19,0.0167
16,13,cont_sim,20,0.089
16,13,cont_sim,21,0.1821
16,13,cont_sim,22,0.2173
16,13,cont_sim,23,0.1909
16,13,cont_sim,24,0.134
16,13,cont_sim,25,0.0861
16,13,cont_sim,26,0.0485
16,13,cont_sim,27,0.02075
16,13,cont_sim,28,0.00865
16,13,cont_sim,29,0.0033
16,13,cont_sim,30,0.00105
16,13,cont_sim,31,0.00025
16,13,cont_sim,32,0.00015
16,14,predicted,16,0.000259479428911365
16,14,predicted,17,0.011603708960951972
16,14,predicted,18,0.06164864842456505
16,14,predicted,19,0.14433228111845814
16,14,predicted,20,0.1969473376058369
16,14,predicted,21,0.19308981563773492
16,14,predicted,22,0.15322727221242693
16,14,predicted,23,0.10481176081387548
16,14,predicted,24,0.06413116074097051
16,14,predicted,25,0.03584477472471102
16,14,predicted,26,0.01850359719916206
16,14,predicted,27,0.00887934224050608
16,14,predicted,28,0.003982426872780556
16,14,predicted,29,0.0016786723985551552
16,14,predicted,30,0.0006688074051396094
16,14,predicted,31,0.00025316533483304185
16,14,predicted,32,9.138802271279296e-05
16,14,predicted,33,3.14992035418072e-05
16,14,predicted,34,1.034773009802726e-05
16,14,predicted,35,3.224221243443677e-06
16,14,predicted,36,9.460050298758766e-07
16,14,predicted,37,2.590658713987885e-07
16,14,predicted,38,6.557050299579943e-08
16,14,predicted,39,1.5177774173546697e-08
16,14,predicted,40,3.1767004385895006e-09
16,14,predicted,41,5.937033741716714e-10
16,14,predicted,42,9.767521611034231e-11
16,14,predicted,43,1.389848201071497e-11
16,14,predicted,44,1.6672067597761236e-12
16,14,predicted,45,1.586505661994828e-13
16,14,fixed_actual,18,0.014112903225806451
16,14,fixed_actual,19,0.06048387096774194
16,14,fixed_actual,20,0.13306451612903225
16,14,fixed_actual,21,0.14112903225806453
16,14,fixed_actual,22,0.11693548387096774
16,14,fixed_actual,23,0.0967741935483871
16,14,fixed_actual,24,0.07661290322580645
16,14,fixed_actual,25,0.05443548387096774
16,14,fixed_actual,26,0.038306451612903226
16,14,fixed_actual,27,0.024193548387096774
16,14,fixed_actual,28,0.024193548387096774
16,14,fixed_actual,29,0.012096774193548387
16,14,fixed_actual,30,0.02217741935483871
16,14,fixed_actual,31,0.056451612903225805
16,14,fixed_actual,32,0.0967741935483871
16,14,fixed_actual,33,0.008064516129032258
16,14,fixed_actual,34,0.006048387096774193
16,14,fixed_actual,35,0.010080645161290322
16,14,fixed_actual,36,0.0020161290322580645
16,14,fixed_actual,37,0.004032258064516129
16,14,fixed_actual,38,0.0020161290322580645
16,14,cont_sim,16,0.0003
16,14,cont_sim,17,0.01145
16,14,cont_sim,18,0.06345
16,14,cont_sim,19,0.146
16,14,cont_sim,20,0.19605
16,14,cont_sim,21,0.18925
16,14,cont_sim,22,0.15465
16,14,cont_sim,23,0.10325
16,14,cont_sim,24,0.0651
16,14,cont_sim,25,0.0365
16,14,cont_sim,26,0.0182
16,14,cont_sim,27,0.009
16,14,cont_sim,28,0.0037
16,14,cont_sim,29,0.00195
16,14,cont_sim,30,0.0007
16,14,cont_sim,31,0.0003
16,14,cont_sim,32,0.0001
16,14,cont_sim,33,5e-05
16,15,predicted,16,0.0009147026579605652
16,15,predicted,17,0.03115438224880235
16,15,predicted,18,0.10708905952299283
16,15,predicted,19,0.17550329848629256
16,15,predicted,20,0.19003190651290755
16,15,predicted,21,0.16159415625787787
16,15,predicted,22,0.12043145759819295
16,15,predicted,23,0.08318846216936693
16,15,predicted,24,0.05426771338327415
16,15,predicted,25,0.033585241165276225
16,15,predicted,26,0.019753998913435513
16,15,predicted,27,0.011056078487903616
16,15,predicted,28,0.005890704283538735
16,15,predicted,29,0.00298552150353832
16,15,predicted,30,0.001436622350074288
16,15,predicted,31,0.0006546343873750632
16,15,predicted,32,0.00028166499681569996
16,15,predicted,33,0.00011410889456812201
16,15,predicted,34,4.341499138543165e-05
16,15,predicted,35,1.547718607097511e-05
16,15,predicted,36,5.158981483564929e-06
16,15,predicted,37,1.6046808258806346e-06
16,15,predicted,38,4.648374198021853e-07
16,15,predicted,39,1.2514182160779387e-07
16,15,predicted,40,3.124165914453363e-08
16,15,predicted,41,7.215382631111183e-09
16,15,predicted,42,1.537632337065369e-09
16,15,predicted,43,3.0149481159413863e-10
16,15,predicted,44,5.422304794941205e-11
16,15,predicted,45,8.908698755275948e-12
16,15,predicted,46,1.3224835214437036e-12
16,15,predicted,47,1.687459818423161e-13
16,15,fixed_actual,16,0.0020161290322580645
16,15,fixed_actual,17,0.024193548387096774
16,15,fixed_actual,18,0.05443548387096774
16,15,fixed_actual,19,0.12701612903225806
16,15,fixed_actual,20,0.11895161290322581
16,15,fixed_actual,21,0.11895161290322581
16,15,fixed_actual,22,0.07862903225806452
16,15,fixed_actual,23,0.09274193548387097
16,15,fixed_actual,24,0.0625
16,15,fixed_actual,25,0.056451612903225805
16,15,fixed_actual,26,0.04435483870967742
16,15,fixed_actual,27,0.024193548387096774
16,15,fixed_actual,28,0.02217741935483871
16,15,fixed_actual,29,0.012096774193548387
16,15,fixed_actual,30,0.012096774193548387
16,15,fixed_actual,31,0.016129032258064516
16,15,fixed_actual,32,0.05443548387096774
16,15,fixed_actual,33,0.010080645161290322
16,15,fixed_actual,34,0.0020161290322580645
16,15,fixed_actual,36,0.0020161290322580645
16,15,fixed_actual,37,0.0020161290322580645
16,15,fixed_actual,39,0.0020161290322580645
16,15,fixed_actual,40,0.004032258064516129
16,15,fixed_actual,41,0.012096774193548387
16,15,fixed_actual,42,0.010080645161290322
16,15,fixed_actual,43,0.010080645161290322
16,15,fixed_actual,44,0.008064516129032258
16,15,fixed_actual,45,0.014112903225806451
16,15,fixed_actual,46,0.0020161290322580645
16,15,cont_sim,16,0.0009
16,15,cont_sim,17,0.0326
16,15,cont_sim,18,0.1057
16,15,cont_sim,19,0.1774
16,15,cont_sim,20,0.1933
16,15,cont_sim,21,0.15765
16,15,cont_sim,22,0.11755
16,15,cont_sim,23,0.0868
16,15,cont_sim,24,0.0543
16,15,cont_sim,25,0.0334
16,15,cont_sim,26,0.01925
16,15,cont_sim,27,0.00975
16,15,cont_sim,28,0.00585
16,15,cont_sim,29,0.00305
16,15,cont_sim,30,0.0012
16,15,cont_sim,31,0.00065
16,15,cont_sim,32,0.00045
16,15,cont_sim,33,0.00015
16,15,cont_sim,34,5e-05
16,16,predicted,16,0.0005456672972823971
16,16,predicted,17,0.018797853245619296
16,16,predicted,18,0.07557349399610702
16,16,predicted,19,0.1632461641101988
16,16,predicted,20,0.2248947245626901
16,16,predicted,21,0.21321956884019821
16,16,predicted,22,0.15129241615261038
16,16,predicted,23,0.0861658450187003
16,16,predicted,24,0.04120787301445453
16,16,predicted,25,0.01683727440625561
16,16,predicted,26,0.005888677306801979
16,16,predicted,27,0.0017611019767563066
16,16,predicted,28,0.00044986896155144895
16,16,predicted,29,9.801243534090185e-05
16,16,predicted,30,1.8172933897619866e-05
16,16,predicted,31,2.8587938857870577e-06
16,16,predicted,32,3.80080248452044e-07
16,16,predicted,33,4.253551710373382e-08
16,16,predicted,34,3.995060556152647e-09
16,16,predicted,35,3.1477589528093885e-10
16,16,predicted,36,2.0858641016892353e-11
16,16,predicted,37,1.153544046974607e-12
16,16,predicted,38,3.5135649455557425e-14
16,16,fixed_actual,16,0.03225806451612903
16,16,fixed_actual,17,0.004032258064516129
16,16,fixed_actual,18,0.020161290322580645
16,16,fixed_actual,19,0.07862903225806452
16,16,fixed_actual,20,0.10887096774193548
16,16,fixed_actual,21,0.16532258064516128
16,16,fixed_actual,22,0.14516129032258066
16,16,fixed_actual,23,0.0967741935483871
16,16,fixed_actual,24,0.06048387096774194
16,16,fixed_actual,25,0.046370967741935484
16,16,fixed_actual,26,0.03225806451612903
16,16,fixed_actual,27,0.02217741935483871
16,16,fixed_actual,28,0.02217741935483871
16,16,fixed_actual,29,0.016129032258064516
16,16,fixed_actual,30,0.034274193548387094
16,16,fixed_actual,31,0.036290322580645164
16,16,fixed_actual,32,0.034274193548387094
16,16,fixed_actual,33,0.006048387096774193
16,16,fixed_actual,34,0.006048387096774193
16,16,fixed_actual,35,0.0020161290322580645
16,16,fixed_actual,36,0.010080645161290322
16,16,fixed_actual,37,0.006048387096774193
16,16,fixed_actual,39,0.010080645161290322
16,16,fixed_actual,40,0.0020161290322580645
16,16,fixed_actual,43,0.0020161290322580645
16,16,cont_sim,16,0.0005
16,16,cont_sim,17,0.01835
16,16,cont_sim,18,0.074
16,16,cont_sim,19,0.16045
16,16,cont_sim,20,0.2254
16,16,cont_sim,21,0.21305
16,16,cont_sim,22,0.15265
16,16,cont_sim,23,0.0856
16,16,cont_sim,24,0.04255
16,16,cont_sim,25,0.01815
16,16,cont_sim,26,0.00685
16,16,cont_sim,27,0.0015
16,16,cont_sim,28,0.00075
16,16,cont_sim,29,0.00015
16,16,cont_sim,31,5e-05
16,17,predicted,16,5.573246957940727e-05
16,17,predicted,17,0.003146147558355276
16,17,predicted,18,0.02281055711371796
16,17,predicted,19,0.07400082228213826
16,17,predicted,20,0.13941142760271938
16,17,predicted,21,0.1797299138277599
16,17,predicted,22,0.17482890444381316
16,17,predicted,23,0.140248728066415
16,17,predicted,24,0.10106567940534963
16,17,predicted,25,0.06851413344952298
16,17,predicted,26,0.04382694784623044
16,17,predicted,27,0.02607691667794292
16,17,predicted,28,0.01422348443765168
16,17,predicted,29,0.00703724533584072
16,17,predicted,30,0.0031354114442403054
16,17,predicted,31,0.001251174932373919
16,17,predicted,32,0.0004450590968569679
16,17,predicted,33,0.00014047094601764916
16,17,predicted,34,3.915162352487776e-05
16,17,predicted,35,9.587649939985467e-06
16,17,predicted,36,2.0517129855904495e-06
16,17,predicted,37,3.814049754532635e-07
16,17,predicted,38,6.118350985917582e-08
16,17,predicted,39,8.404804275110976e-09
16,17,predicted,40,9.796853366186861e-10
16,17,predicted,41,9.580046715970879e-11
16,17,predicted,42,7.738098864294162e-12
16,17,predicted,43,4.976845503798293e-13
16,17,predicted,44,1.2765850247891788e-14
16,17,fixed_actual,16,0.012096774193548387
16,17,fixed_actual,17,0.020161290322580645
16,17,fixed_actual,18,0.012096774193548387
16,17,fixed_actual,19,0.04838709677419355
16,17,fixed_actual,20,0.07056451612903226
16,17,fixed_actual,21,0.14717741935483872
16,17,fixed_actual,22,0.15524193548387097
16,17,fixed_actual,23,0.09475806451612903
16,17,fixed_actual,24,0.10685483870967742
16,17,fixed_actual,25,0.0625
16,17,fixed_actual,26,0.04838709677419355
16,17,fixed_actual,27,0.038306451612903226
16,17,fixed_actual,28,0.024193548387096774
16,17,fixed_actual,29,0.010080645161290322
16,17,fixed_actual,30,0.018145161290322582
16,17,fixed_actual,31,0.020161290322580645
16,17,fixed_actual,32,0.07459677419354839
16,17,fixed_actual,33,0.004032258064516129
16,17,fixed_actual,35,0.0020161290322580645
16,17,fixed_actual,36,0.004032258064516129
16,17,fixed_actual,37,0.006048387096774193
16,17,fixed_actual,38,0.012096774193548387
16,17,fixed_actual,39,0.006048387096774193
16,17,fixed_actual,40,0.0020161290322580645
16,17,cont_sim,16,0.0001
16,17,cont_sim,17,0.00305
16,17,cont_sim,18,0.0224
16,17,cont_sim,19,0.0764
16,17,cont_sim,20,0.13775
16,17,cont_sim,21,0.1802
16,17,cont_sim,22,0.1758
16,17,cont_sim,23,0.13975
16,17,cont_sim,24,0.09885
16,17,cont_sim,25,0.06895
16,17,cont_sim,26,0.045
16,17,cont_sim,27,0.02625
16,17,cont_sim,28,0.01385
16,17,cont_sim,29,0.007
16,17,cont_sim,30,0.0029
16,17,cont_sim,31,0.00105
16,17,cont_sim,32,0.00065
16,17,cont_sim,33,5e-05
16,18,predicted,16,0.0005420974116211848
16,18,predicted,17,0.019249849134044362
16,18,predicted,18,0.07885449932812881
16,18,predicted,19,0.16367520755650164
16,18,predicted,20,0.21196473209575298
16,18,predicted,21,0.19558157873868004
16,18,predicted,22,0.14416943877076313
16,18,predicted,23,0.09106710792072481
16,18,predicted,24,0.051024156210851365
16,18,predicted,25,0.025644883730094124
16,18,predicted,26,0.011511399254881313
16,18,predicted,27,0.004555560577560963
16,18,predicted,28,0.0015633773216651593
16,18,predicted,29,0.00045709689446848977
16,18,predicted,30,0.00011192618971485278
16,18,predicted,31,2.2659148467506736e-05
16,18,predicted,32,3.797603653058235e-06
16,18,predicted,33,5.462536412474762e-07
16,18,predicted,34,7.371802033053262e-08
16,18,predicted,35,1.0332887779033224e-08
16,18,predicted,36,1.540313306546128e-09
16,18,predicted,37,2.3039705174511828e-10
16,18,predicted,38,3.249614947056443e-11
16,18,predicted,39,4.168176673262581e-12
16,18,predicted,40,4.659442804143311e-13
16,18,predicted,41,3.6366844151300966e-14
16,18,fixed_actual,17,0.014112903225806451
16,18,fixed_actual,18,0.046370967741935484
16,18,fixed_actual,19,0.08870967741935484
16,18,fixed_actual,20,0.17540322580645162
16,18,fixed_actual,21,0.14717741935483872
16,18,fixed_actual,22,0.13306451612903225
16,18,fixed_actual,23,0.08064516129032258
16,18,fixed_actual,24,0.05241935483870968
16,18,fixed_actual,25,0.02217741935483871
16,18,fixed_actual,26,0.018145161290322582
16,18,fixed_actual,27,0.006048387096774193
16,18,fixed_actual,28,0.016129032258064516
16,18,fixed_actual,29,0.010080645161290322
16,18,fixed_actual,30,0.008064516129032258
16,18,fixed_actual,31,0.020161290322580645
16,18,fixed_actual,32,0.11088709677419355
16,18,fixed_actual,33,0.008064516129032258
16,18,fixed_actual,34,0.004032258064516129
16,18,fixed_actual,35,0.004032258064516129
16,18,fixed_actual,36,0.0020161290322580645
16,18,fixed_actual,46,0.010080645161290322
16,18,fixed_actual,47,0.012096774193548387
16,18,fixed_actual,48,0.010080645161290322
16,18,cont_sim,16,0.00055
16,18,cont_sim,17,0.01845
16,18,cont_sim,18,0.0791
16,18,cont_sim,19,0.16675
16,18,cont_sim,20,0.2154
16,18,cont_sim,21,0.19285
16,18,cont_sim,22,0.1407
16,18,cont_sim,23,0.0894
16,18,cont_sim,24,0.0504
16,18,cont_sim,25,0.0285
16,18,cont_sim,26,0.0105
16,18,cont_sim,27,0.0049
16,18,cont_sim,28,0.0018
16,18,cont_sim,29,0.00065
16,18,cont_sim,30,5e-05
16,19,predicted,16,3.3127511834604754e-06
16,19,predicted,17,0.00023962967983927571
16,19,predicted,18,0.002005086503290952
16,19,predicted,19,0.007686365571968932
16,19,predicted,20,0.019593858838837033
16,19,predicted,21,0.03944606453595991
16,19,predicted,22,0.06779185193340799
16,19,predicted,23,0.10187338657218979
16,19,predicted,24,0.13358845021938529
16,19,predicted,25,0.1519753170217318
16,19,predicted,26,0.14938191216642513
16,19,predicted,27,0.12643989723901944
16,19,predicted,28,0.09184186895564088
16,19,predicted,29,0.057040630971388374
16,19,predicted,30,0.030177621965873654
16,19,predicted,31,0.013550475134432402
16,19,predicted,32,0.005146937510964871
16,19,predicted,33,0.0016491279850439466
16,19,predicted,34,0.00044475199052591385
16,19,predicted,35,0.00010078493362965218
16,19,predicted,36,1.9161263763563994e-05
16,19,predicted,37,3.0509967097633367e-06
16,19,predicted,38,4.058664396632031e-07
16,19,predicted,39,4.494240143550847e-08
16,19,predicted,40,4.119912077515535e-09
16,19,predicted,41,3.1016700376172776e-10
16,19,predicted,42,1.8944497735042902e-11
16,19,predicted,43,9.05632216682403e-13
16,19,predicted,44,1.7658444127023307e-14
16,19,fixed_actual,16,0.008064516129032258
16,19,fixed_actual,17,0.016129032258064516
16,19,fixed_actual,18,0.008064516129032258
16,19,fixed_actual,19,0.012096774193548387
16,19,fixed_actual,20,0.034274193548387094
16,19,fixed_actual,21,0.0625
16,19,fixed_actual,22,0.07862903225806452
16,19,fixed_actual,23,0.0967741935483871
16,19,fixed_actual,24,0.1028225806451613
16,19,fixed_actual,25,0.06854838709677419
16,19,fixed_actual,26,0.08870967741935484
16,19,fixed_actual,27,0.07862903225806452
16,19,fixed_actual,28,0.046370967741935484
16,19,fixed_actual,29,0.05846774193548387
16,19,fixed_actual,30,0.034274193548387094
16,19,fixed_actual,31,0.046370967741935484
16,19,fixed_actual,32,0.07258064516129033
16,19,fixed_actual,33,0.018145161290322582
16,19,fixed_actual,34,0.03225806451612903
16,19,fixed_actual,35,0.016129032258064516
16,19,fixed_actual,36,0.010080645161290322
16,19,fixed_actual,37,0.008064516129032258
16,19,fixed_actual,38,0.0020161290322580645
16,19,cont_sim,17,0.0002
16,19,cont_sim,18,0.00225
16,19,cont_sim,19,0.00725
16,19,cont_sim,20,0.01945
16,19,cont_sim,21,0.03795
16,19,cont_sim,22,0.0671
16,19,cont_sim,23,0.10115
16,19,cont_sim,24,0.1364
16,19,cont_sim,25,0.14845
16,19,cont_sim,26,0.1525
16,19,cont_sim,27,0.12505
16,19,cont_sim,28,0.09255
16,19,cont_sim,29,0.05795
16,19,cont_sim,30,0.03085
16,19,cont_sim,31,0.0136
16,19,cont_sim,32,0.00505
16,19,cont_sim,33,0.00155
16,19,cont_sim,34,0.00045
16,19,cont_sim,35,0.0002
16,19,cont_sim,36,5e-05
16,20,predicted,16,0.0011361546631961966
16,20,predicted,17,0.03676986266525961
16,20,predicted,18,0.12058468275687592
16,20,predicted,19,0.19310115410277537
16,20,predicted,20,0.20652560481724833
16,20,predicted,21,0.17156544217019254
16,20,predicted,22,0.11986567542852951
16,20,predicted,23,0.07369157406406329
16,20,predicted,24,0.040868116969198544
16,20,predicted,25,0.020596001920740608
16,20,predicted,26,0.009403087030541523
16,20,predicted,27,0.003860195033229473
16,20,predicted,28,0.0014114849204511038
16,20,predicted,29,0.00045479328015711706
16,20,predicted,30,0.00012766463030542573
16,20,predicted,31,3.0863170278815115e-05
16,20,predicted,32,6.355695137049035e-06
16,20,predicted,33,1.104324400526189e-06
16,20,predicted,34,1.6071900806165945e-07
16,20,predicted,35,1.949653790421175e-08
16,20,predicted,36,1.9655504666534174e-09
16,20,predicted,37,1.6433369256551477e-10
16,20,predicted,38,1.1345364204431526e-11
16,20,predicted,39,6.262970385240378e-13
16,20,predicted,40,1.7231505961001547e-14
16,20,fixed_actual,16,0.0020161290322580645
16,20,fixed_actual,17,0.04032258064516129
16,20,fixed_actual,18,0.08064516129032258
16,20,fixed_actual,19,0.0967741935483871
16,20,fixed_actual,20,0.17540322580645162
16,20,fixed_actual,21,0.13306451612903225
16,20,fixed_actual,22,0.11491935483870967
16,20,fixed_actual,23,0.06048387096774194
16,20,fixed_actual,24,0.036290322580645164
16,20,fixed_actual,25,0.036290322580645164
16,20,fixed_actual,26,0.008064516129032258
16,20,fixed_actual,27,0.006048387096774193
16,20,fixed_actual,28,0.02217741935483871
16,20,fixed_actual,29,0.014112903225806451
16,20,fixed_actual,30,0.03225806451612903
16,20,fixed_actual,31,0.04032258064516129
16,20,fixed_actual,32,0.03024193548387097
16,20,fixed_actual,33,0.008064516129032258
16,20,fixed_actual,34,0.014112903225806451
16,20,fixed_actual,35,0.006048387096774193
16,20,fixed_actual,36,0.008064516129032258
16,20,fixed_actual,37,0.006048387096774193
16,20,fixed_actual,38,0.006048387096774193
16,20,fixed_actual,39,0.010080645161290322
16,20,fixed_actual,40,0.0020161290322580645
16,20,fixed_actual,41,0.006048387096774193
16,20,fixed_actual,42,0.0020161290322580645
16,20,fixed_actual,43,0.0020161290322580645
16,20,cont_sim,16,0.00095
16,20,cont_sim,17,0.038
16,20,cont_sim,18,0.1176
16,20,cont_sim,19,0.1945
16,20,cont_sim,20,0.20045
16,20,cont_sim,21,0.17915
16,20,cont_sim,22,0.12005
16,20,cont_sim,23,0.07305
16,20,cont_sim,24,0.0416
16,20,cont_sim,25,0.0196
16,20,cont_sim,26,0.0093
16,20,cont_sim,27,0.0037
16,20,cont_sim,28,0.0016
16,20,cont_sim,29,0.00035
16,20,cont_sim,30,0.0001
16,21,predicted,16,2.5461823162920634e-06
16,21,predicted,17,0.0001965587579107714
16,21,predicted,18,0.0019947438912766846
16,21,predicted,19,0.010246263636661375
16,21,predicted,20,0.034090576088310655
16,21,predicted,21,0.0793991313251049
16,21,predicted,22,0.13497263236501977
16,21,predicted,23,0.17568340450803493
16,21,predicted,24,0.18328158746575715
16,21,predicted,25,0.15721716410007067
16,21,predicted,26,0.11135091847271829
16,21,predicted,27,0.0647301929415444
16,21,predicted,28,0.030613568583740078
16,21,predicted,29,0.01166001910614094
16,21,predicted,30,0.003535620577145898
16,21,predicted,31,0.000843262837898467
16,21,predicted,32,0.0001565511968094142
16,21,predicted,33,2.2508029011216364e-05
16,21,predicted,34,2.5138544632669275e-06
16,21,predicted,35,2.1996678862630707e-07
16,21,predicted,36,1.5232192404296256e-08
16,21,predicted,37,8.423293697461937e-10
16,21,predicted,38,3.741481003020548e-11
16,21,predicted,39,1.322412787816175e-12
16,21,predicted,40,1.721816477648402e-14
16,21,fixed_actual,17,0.010080645161290322
16,21,fixed_actual,18,0.012096774193548387
16,21,fixed_actual,19,0.02217741935483871
16,21,fixed_actual,20,0.04838709677419355
16,21,fixed_actual,21,0.0625
16,21,fixed_actual,22,0.07459677419354839
16,21,fixed_actual,23,0.12096774193548387
16,21,fixed_actual,24,0.13306451612903225
16,21,fixed_actual,25,0.12298387096774194
16,21,fixed_actual,26,0.0967741935483871
16,21,fixed_actual,27,0.06653225806451613
16,21,fixed_actual,28,0.028225806451612902
16,21,fixed_actual,29,0.024193548387096774
16,21,fixed_actual,30,0.016129032258064516
16,21,fixed_actual,31,0.036290322580645164
16,21,fixed_actual,32,0.07258064516129033
16,21,fixed_actual,33,0.03225806451612903
16,21,fixed_actual,34,0.008064516129032258
16,21,fixed_actual,35,0.008064516129032258
16,21,fixed_actual,36,0.004032258064516129
16,21,cont_sim,17,0.0002
16,21,cont_sim,18,0.002
16,21,cont_sim,19,0.01
16,21,cont_sim,20,0.0337
16,21,cont_sim,21,0.07715
16,21,cont_sim,22,0.13545
16,21,cont_sim,23,0.1759
16,21,cont_sim,24,0.1843
16,21,cont_sim,25,0.1583
16,21,cont_sim,26,0.1121
16,21,cont_sim,27,0.0645
16,21,cont_sim,28,0.02975
16,21,cont_sim,29,0.01155
16,21,cont_sim,30,0.0037
16,21,cont_sim,31,0.00105
16,21,cont_sim,32,0.0003
16,21,cont_sim,34,5e-05
16,22,predicted,16,0.0012186550551376515
16,22,predicted,17,0.045324355506560436
16,22,predicted,18,0.1586258282332145
16,22,predicted,19,0.24330204480859915
16,22,predicted,20,0.2330592478034497
16,22,predicted,21,0.16388426618578142
16,22,predicted,22,0.09115020781066754
16,22,predicted,23,0.041392044952218
16,22,predicted,24,0.015556943079169785
16,22,predicted,25,0.004871176045403632
16,22,predicted,26,0.0012753814972992642
16,22,predicted,27,0.0002796573223355623
16,22,predicted,28,5.128700195848942e-05
16,22,predicted,29,7.819406323877188e-06
16,22,predicted,30,9.785411513473294e-07
16,22,predicted,31,9.847202760254303e-08
16,22,predicted,32,7.777631372610161e-09
16,22,predicted,33,4.768144982777814e-10
16,22,predicted,34,2.3344995301427848e-11
16,22,predicted,35,9.091370870600797e-13
16,22,fixed_actual,16,0.0020161290322580645
16,22,fixed_actual,17,0.034274193548387094
16,22,fixed_actual,18,0.0846774193548387
16,22,fixed_actual,19,0.16733870967741934
16,22,fixed_actual,20,0.14516129032258066
16,22,fixed_actual,21,0.14516129032258066
16,22,fixed_actual,22,0.08669354838709678
16,22,fixed_actual,23,0.0625
16,22,fixed_actual,24,0.036290322580645164
16,22,fixed_actual,25,0.03024193548387097
16,22,fixed_actual,26,0.008064516129032258
16,22,fixed_actual,27,0.004032258064516129
16,22,fixed_actual,28,0.012096774193548387
16,22,fixed_actual,29,0.014112903225806451
16,22,fixed_actual,30,0.024193548387096774
16,22,fixed_actual,31,0.02217741935483871
16,22,fixed_actual,32,0.11491935483870967
16,22,fixed_actual,33,0.006048387096774193
16,22,cont_sim,16,0.00125
16,22,cont_sim,17,0.04515
16,22,cont_sim,18,0.15615
16,22,cont_sim,19,0.24275
16,22,cont_sim,20,0.2341
16,22,cont_sim,21,0.1671
16,22,cont_sim,22,0.0924
16,22,cont_sim,23,0.0396
16,22,cont_sim,24,0.01515
16,22,cont_sim,25,0.0049
16,22,cont_sim,26,0.00115
16,22,cont_sim,27,0.0003
16,23,predicted,16,2.701459563422031e-07
16,23,predicted,17,6.064225723620271e-05
16,23,predicted,18,0.001500551265417824
16,23,predicted,19,0.012546191138102996
16,23,predicted,20,0.052940445220508114
16,23,predicted,21,0.13127994121637573
16,23,predicted,22,0.20423212504039376
16,23,predicted,23,0.2144524788100888
16,23,predicted,24,0.16697142344756172
16,23,predicted,25,0.10613234656505467
16,23,predicted,26,0.058892169935401195
16,23,predicted,27,0.02937154333740238
16,23,predicted,28,0.013264888349286361
16,23,predicted,29,0.005423103805442024
16,23,predicted,30,0.0020013099901753473
16,23,predicted,31,0.0006643759479904882
16,23,predicted,32,0.00019778380916434156
16,23,predicted,33,5.266169326395601e-05
16,23,predicted,34,1.2510681149557296e-05
16,23,predicted,35,2.645130789129103e-06
16,23,predicted,36,4.962207027994839e-07
16,23,predicted,37,8.227896423396263e-08
16,23,predicted,38,1.1998465169225308e-08
16,23,predicted,39,1.528945956708182e-09
16,23,predicted,40,1.688343538632585e-10
16,23,predicted,41,1.5977421672429838e-11
16,23,predicted,42,1.2722886573201232e-12
16,23,predicted,43,7.681631984916749e-14
16,23,fixed_actual,16,0.0020161290322580645
16,23,fixed_actual,17,0.010080645161290322
16,23,fixed_actual,18,0.014112903225806451
16,23,fixed_actual,19,0.02217741935483871
16,23,fixed_actual,20,0.06653225806451613
16,23,fixed_actual,21,0.12903225806451613
16,23,fixed_actual,22,0.16129032258064516
16,23,fixed_actual,23,0.1774193548387097
16,23,fixed_actual,24,0.125
16,23,fixed_actual,25,0.06653225806451613
16,23,fixed_actual,26,0.05040322580645161
16,23,fixed_actual,27,0.02620967741935484
16,23,fixed_actual,28,0.016129032258064516
16,23,fixed_actual,29,0.018145161290322582
16,23,fixed_actual,30,0.02217741935483871
16,23,fixed_actual,31,0.010080645161290322
16,23,fixed_actual,32,0.04233870967741935
16,23,fixed_actual,33,0.0020161290322580645
16,23,fixed_actual,34,0.0020161290322580645
16,23,fixed_actual,35,0.004032258064516129
16,23,fixed_actual,47,0.004032258064516129
16,23,fixed_actual,48,0.028225806451612902
16,23,cont_sim,17,5e-05
16,23,cont_sim,18,0.00135
16,23,cont_sim,19,0.01065
16,23,cont_sim,20,0.0537
16,23,cont_sim,21,0.13095
16,23,cont_sim,22,0.20715
16,23,cont_sim,23,0.21605
16,23,cont_sim,24,0.16475
16,23,cont_sim,25,0.1043
16,23,cont_sim,26,0.0578
16,23,cont_sim,27,0.0307
16,23,cont_sim,28,0.0134
16,23,cont_sim,29,0.00605
16,23,cont_sim,30,0.00215
16,23,cont_sim,31,0.0006
16,23,cont_sim,32,0.0001
16,23,cont_sim,33,0.0002
16,23,cont_sim,36,5e-05
32,0,predicted,32,0.00018415927102776453
32,0,predicted,33,0.0063915181345161505
32,0,predicted,34,0.024860687849735903
32,0,predicted,35,0.05333293716264018
32,0,predicted,36,0.0833450825372551
32,0,predicted,37,0.10576367777215671
32,0,predicted,38,0.11648402698614375
32,0,predicted,39,0.11607738290128815
32,0,predicted,40,0.10736598132913171
32,0,predicted,41,0.09369749531608049
32,0,predicted,42,0.07796231368493646
32,0,predicted,43,0.06222118592949078
32,0,predicted,44,0.04775363682880885
32,0,predicted,45,0.03525606611852269
32,0,predicted,46,0.02501826424557147
32,0,predicted,47,0.01704241628145536
32,0,predicted,48,0.011130216822007134
32,0,predicted,49,0.006961185375555537
32,0,predicted,50,0.0041653454548503995
32,0,predicted,51,0.002382596253206381
32,0,predicted,52,0.0013018824954273396
32,0,predicted,53,0.0006791070823331946
32,0,predicted,54,0.0003379829519387978
32,0,predicted,55,0.000160398185461198
32,0,predicted,56,7.254660013179847e-05
32,0,predicted,57,3.125464686046415e-05
32,0,predicted,58,1.2819106847828298e-05
32,0,predicted,59,5.0027481981581945e-06
32,0,predicted,60,1.8566238471590617e-06
32,0,predicted,61,6.54867928525298e-07
32,0,predicted,62,2.1940205691051334e-07
32,0,predicted,63,6.977811374668948e-08
32,0,predicted,64,2.1053025576423094e-08
32,0,predicted,65,6.0220089412289826e-09
32,0,predicted,66,1.631921303628063e-09
32,0,predicted,67,4.186305753714763e-10
32,0,predicted,68,1.0153331723954654e-10
32,0,predicted,69,2.3235357494438907e-11
32,0,predicted,70,4.993709022082584e-12
32,0,predicted,71,9.800887007864401e-13
32,0,predicted,72,1.4494991002816343e-13
32,0,fixed_actual,33,0.004032258064516129
32,0,fixed_actual,34,0.012096774193548387
32,0,fixed_actual,35,0.004032258064516129
32,0,fixed_actual,36,0.024193548387096774
32,0,fixed_actual,37,0.04032258064516129
32,0,fixed_actual,38,0.04435483870967742
32,0,fixed_actual,39,0.056451612903225805
32,0,fixed_actual,40,0.07661290322580645
32,0,fixed_actual,41,0.06048387096774194
32,0,fixed_actual,42,0.06048387096774194
32,0,fixed_actual,43,0.07661290322580645
32,0,fixed_actual,44,0.06048387096774194
32,0,fixed_actual,45,0.04838709677419355
32,0,fixed_actual,46,0.03225806451612903
32,0,fixed_actual,47,0.05241935483870968
32,0,fixed_actual,48,0.04032258064516129
32,0,fixed_actual,49,0.04032258064516129
32,0,fixed_actual,50,0.008064516129032258
32,0,fixed_actual,51,0.028225806451612902
32,0,fixed_actual,52,0.008064516129032258
32,0,fixed_actual,53,0.016129032258064516
32,0,fixed_actual,54,0.012096774193548387
32,0,fixed_actual,55,0.004032258064516129
32,0,fixed_actual,56,0.024193548387096774
32,0,fixed_actual,57,0.004032258064516129
32,0,fixed_actual,58,0.012096774193548387
32,0,fixed_actual,62,0.016129032258064516
32,0,fixed_actual,64,0.10080645161290322
32,0,fixed_actual,96,0.03225806451612903
32,0,cont_sim,32,0.00025
32,0,cont_sim,33,0.00705
32,0,cont_sim,34,0.0249
32,0,cont_sim,35,0.0555
32,0,cont_sim,36,0.0815
32,0,cont_sim,37,0.10765
32,0,cont_sim,38,0.12145
32,0,cont_sim,39,0.1125
32,0,cont_sim,40,0.1045
32,0,cont_sim,41,0.09075
32,0,cont_sim,42,0.0772
32,0,cont_sim,43,0.0643
32,0,cont_sim,44,0.0483
32,0,cont_sim,45,0.0343
32,0,cont_sim,46,0.024
32,0,cont_sim,47,0.0159
32,0,cont_sim,48,0.01145
32,0,cont_sim,49,0.0074
32,0,cont_sim,50,0.0051
32,0,cont_sim,51,0.0032
32,0,cont_sim,52,0.00165
32,0,cont_sim,53,0.0006
32,0,cont_sim,54,0.0002
32,0,cont_sim,55,0.0002
32,0,cont_sim,56,0.00015
32,1,predicted,32,0.00032325538066271375
32,1,predicted,33,0.010755421246208983
32,1,predicted,34,0.03801396684664244
32,1,predicted,35,0.07229738670475147
32,1,predicted,36,0.10137300563265743
32,1,predicted,37,0.11815437975123363
32,1,predicted,38,0.12176939927271935
32,1,predicted,39,0.11504814475905897
32,1,predicted,40,0.10189682258594915
32,1,predicted,41,0.08571284265677527
32,1,predicted,42,0.06890834306222192
32,1,predicted,43,0.05304229499214694
32,1,predicted,44,0.03906834365726473
32,1,predicted,45,0.027492257462668604
32,1,predicted,46,0.018453519201440116
32,1,predicted,47,0.01179907182228027
32,1,predicted,48,0.007179162807846534
32,1,predicted,49,0.0041536806907666105
32,1,predicted,50,0.0022839538249900576
32,1,predicted,51,0.0011930379739122274
32,1,predicted,52,0.0005918151567102528
32,1,predicted,53,0.00027871089094986076
32,1,predicted,54,0.00012457700856036375
32,1,predicted,55,5.283484265832096e-05
32,1,predicted,56,2.1256045770126646e-05
32,1,predicted,57,8.109641785323119e-06
32,1,predicted,58,2.9332701396892093e-06
32,1,predicted,59,1.005554918052236e-06
32,1,predicted,60,3.266156452315257e-07
32,1,predicted,61,1.0049138823995236e-07
32,1,predicted,62,2.928093177840718e-08
32,1,predicted,63,8.078808967439662e-09
32,1,predicted,64,2.1106751483031243e-09
32,1,predicted,65,5.22306921045437e-10
32,1,predicted,66,1.2247013529903414e-10
32,1,predicted,67,2.7202355194325095e-11
32,1,predicted,68,5.683747820624888e-12
32,1,predicted,69,1.0691286491650033e-12
32,1,predicted,70,1.289055335476994e-13
32,1,fixed_actual,34,0.008064516129032258
32,1,fixed_actual,35,0.036290322580645164
32,1,fixed_actual,36,0.06048387096774194
32,1,fixed_actual,37,0.06451612903225806
32,1,fixed_actual,38,0.10080645161290322
32,1,fixed_actual,39,0.08870967741935484
32,1,fixed_actual,40,0.0846774193548387
32,1,fixed_actual,41,0.06451612903225806
32,1,fixed_actual,42,0.09274193548387097
32,1,fixed_actual,43,0.04435483870967742
32,1,fixed_actual,44,0.020161290322580645
32,1,fixed_actual,45,0.03225806451612903
32,1,fixed_actual,46,0.020161290322580645
32,1,fixed_actual,47,0.012096774193548387
32,1,fixed_actual,48,0.016129032258064516
32,1,fixed_actual,49,0.004032258064516129
32,1,fixed_actual,50,0.008064516129032258
32,1,fixed_actual,51,0.016129032258064516
32,1,fixed_actual,52,0.012096774193548387
32,1,fixed_actual,53,0.012096774193548387
32,1,fixed_actual,54,0.004032258064516129
32,1,fixed_actual,55,0.012096774193548387
32,1,fixed_actual,56,0.012096774193548387
32,1,fixed_actual,57,0.004032258064516129
32,1,fixed_actual,58,0.012096774193548387
32,1,fixed_actual,60,0.012096774193548387
32,1,fixed_actual,61,0.008064516129032258
32,1,fixed_actual,62,0.008064516129032258
32,1,fixed_actual,63,0.03225806451612903
32,1,fixed_actual,64,0.028225806451612902
32,1,fixed_actual,65,0.020161290322580645
32,1,fixed_actual,68,0.004032258064516129
32,1,fixed_actual,69,0.004032258064516129
32,1,fixed_actual,74,0.004032258064516129
32,1,fixed_actual,75,0.004032258064516129
32,1,fixed_actual,76,0.012096774193548387
32,1,fixed_actual,78,0.004032258064516129
32,1,fixed_actual,79,0.008064516129032258
32,1,fixed_actual,80,0.004032258064516129
32,1,fixed_actual,82,0.004032258064516129
32,1,cont_sim,32,0.00025
32,1,cont_sim,33,0.0117
32,1,cont_sim,34,0.03685
32,1,cont_sim,35,0.07415
32,1,cont_sim,36,0.1032
32,1,cont_sim,37,0.1157
32,1,cont_sim,38,0.12235
32,1,cont_sim,39,0.11285
32,1,cont_sim,40,0.10185
32,1,cont_sim,41,0.088
32,1,cont_sim,42,0.06715
32,1,cont_sim,43,0.05465
32,1,cont_sim,44,0.0392
32,1,cont_sim,45,0.0282
32,1,cont_sim,46,0.01795
32,1,cont_sim,47,0.01195
32,1,cont_sim,48,0.00645
32,1,cont_sim,49,0.00325
32,1,cont_sim,50,0.0023
32,1,cont_sim,51,0.00105
32,1,cont_sim,52,0.0004
32,1,cont_sim,53,0.0003
32,1,cont_sim,54,0.00015
32,1,cont_sim,57,0.0001
32,2,predicted,32,5.784930072507256e-06
32,2,predicted,33,0.0002552355237764337
32,2,predicted,34,0.0014986652479685785
32,2,predicted,35,0.004901213456818708
32,2,predicted,36,0.010936540643812394
32,2,predicted,37,0.018549837335070957
32,2,predicted,38,0.026255149121062037
32,2,predicted,39,0.033369484824301576
32,2,predicted,40,0.04004533234460524
32,2,predicted,41,0.04665376467836459
32,2,predicted,42,0.0532581105406583
32,2,predicted,43,0.059516313748555705
32,2,predicted,44,0.0648698586555313
32,2,predicted,45,0.06875635896381657
32,2,predicted,46,0.07074463938533383
32,2,predicted,47,0.07060235835257647
32,2,predicted,48,0.06831847967754691
32,2,predicted,49,0.06409155233878253
32,2,predicted,50,0.058290548749117
32,2,predicted,51,0.0513963219427938
32,2,predicted,52,0.043934028816644564
32,2,predicted,53,0.03640779116185643
32,2,predicted,54,0.029247528894990615
32,2,predicted,55,0.022774538796843123
32,2,predicted,56,0.01718801307529165
32,2,predicted,57,0.012570516036484711
32,2,predicted,58,0.008907434137751018
32,2,predicted,59,0.0061140566292568884
32,2,predicted,60,0.004064178037792248
32,2,predicted,61,0.0026154995670226236
32,2,predicted,62,0.0016290324277516172
32,2,predicted,63,0.0009815980961443698
32,2,predicted,64,0.0005719821170656338
32,2,predicted,65,0.000322159258525298
32,2,predicted,66,0.0001752952465188342
32,2,predicted,67,9.209339628175731e-05
32,2,predicted,68,4.6683851705215564e-05
32,2,predicted,69,2.2817968623125832e-05
32,2,predicted,70,1.074534250985137e-05
32,2,predicted,71,4.8710545312819546e-06
32,2,predicted,72,2.123604732534474e-06
32,2,predicted,73,8.894444912446928e-07
32,2,predicted,74,3.574853468599078e-07
32,2,predicted,75,1.3770170671752094e-07
32,2,predicted,76,5.076339789660273e-08
32,2,predicted,77,1.7881930790627625e-08
32,2,predicted,78,6.008646655949937e-09
32,2,predicted,79,1.922188642131524e-09
32,2,predicted,80,5.841493264282866e-10
32,2,predicted,81,1.6822249072700265e-10
32,2,predicted,82,4.5774793710093147e-11
32,2,predicted,83,1.1720254313628654e-11
32,2,predicted,84,2.8018560681249203e-12
32,2,predicted,85,6.143676867980338e-13
32,2,predicted,86,1.1485275531284787e-13
32,2,fixed_actual,33,0.004032258064516129
32,2,fixed_actual,35,0.004032258064516129
32,2,fixed_actual,36,0.004032258064516129
32,2,fixed_actual,37,0.008064516129032258
32,2,fixed_actual,38,0.012096774193548387
32,2,fixed_actual,39,0.012096774193548387
32,2,fixed_actual,40,0.04032258064516129
32,2,fixed_actual,41,0.016129032258064516
32,2,fixed_actual,42,0.036290322580645164
32,2,fixed_actual,43,0.056451612903225805
32,2,fixed_actual,44,0.056451612903225805
32,2,fixed_actual,45,0.036290322580645164
32,2,fixed_actual,46,0.05241935483870968
32,2,fixed_actual,47,0.04838709677419355
32,2,fixed_actual,48,0.04838709677419355
32,2,fixed_actual,49,0.05241935483870968
32,2,fixed_actual,50,0.04838709677419355
32,2,fixed_actual,51,0.036290322580645164
32,2,fixed_actual,52,0.04435483870967742
32,2,fixed_actual,53,0.028225806451612902
32,2,fixed_actual,54,0.020161290322580645
32,2,fixed_actual,55,0.03225806451612903
32,2,fixed_actual,56,0.020161290322580645
32,2,fixed_actual,57,0.012096774193548387
32,2,fixed_actual,58,0.008064516129032258
32,2,fixed_actual,59,0.008064516129032258
32,2,fixed_actual,60,0.008064516129032258
32,2,fixed_actual,61,0.008064516129032258
32,2,fixed_actual,62,0.024193548387096774
32,2,fixed_actual,63,0.016129032258064516
32,2,fixed_actual,64,0.03225806451612903
32,2,fixed_actual,65,0.004032258064516129
32,2,fixed_actual,69,0.004032258064516129
32,2,fixed_actual,72,0.004032258064516129
32,2,fixed_actual,73,0.012096774193548387
32,2,fixed_actual,74,0.008064516129032258
32,2,fixed_actual,75,0.012096774193548387
32,2,fixed_actual,76,0.008064516129032258
32,2,fixed_actual,77,0.004032258064516129
32,2,fixed_actual,78,0.004032258064516129
32,2,fixed_actual,80,0.008064516129032258
32,2,fixed_actual,81,0.016129032258064516
32,2,fixed_actual,82,0.012096774193548387
32,2,fixed_actual,83,0.020161290322580645
32,2,fixed_actual,84,0.004032258064516129
32,2,fixed_actual,85,0.004032258064516129
32,2,fixed_actual,86,0.004032258064516129
32,2,fixed_actual,87,0.012096774193548387
32,2,fixed_actual,88,0.004032258064516129
32,2,fixed_actual,90,0.004032258064516129
32,2,fixed_actual,91,0.004032258064516129
32,2,fixed_actual,93,0.008064516129032258
32,2,fixed_actual,94,0.004032258064516129
32,2,cont_sim,33,0.00035
32,2,cont_sim,34,0.0017
32,2,cont_sim,35,0.00485
32,2,cont_sim,36,0.01025
32,2,cont_sim,37,0.0189
32,2,cont_sim,38,0.02665
32,2,cont_sim,39,0.0361
32,2,cont_sim,40,0.0401
32,2,cont_sim,41,0.047
32,2,cont_sim,42,0.05305
32,2,cont_sim,43,0.05915
32,2,cont_sim,44,0.06505
32,2,cont_sim,45,0.0691
32,2,cont_sim,46,0.0698
32,2,cont_sim,47,0.07045
32,2,cont_sim,48,0.06945
32,2,cont_sim,49,0.0633
32,2,cont_sim,50,0.0581
32,2,cont_sim,51,0.0521
32,2,cont_sim,52,0.0439
32,2,cont_sim,53,0.03665
32,2,cont_sim,54,0.0285
32,2,cont_sim,55,0.0213
32,2,cont_sim,56,0.01705
32,2,cont_sim,57,0.0118
32,2,cont_sim,58,0.00955
32,2,cont_sim,59,0.0054
32,2,cont_sim,60,0.00385
32,2,cont_sim,61,0.0029
32,2,cont_sim,62,0.00155
32,2,cont_sim,63,0.0011
32,2,cont_sim,64,0.00055
32,2,cont_sim,65,0.00035
32,2,cont_sim,66,5e-05
32,2,cont_sim,68,5e-05
32,3,predicted,32,3.6784634034320515e-10
32,3,predicted,33,4.0871336214657945e-08
32,3,predicted,34,9.609980102660138e-07
32,3,predicted,35,1.1601545793115882e-05
32,3,predicted,36,7.594184342981575e-05
32,3,predicted,37,0.0002914153792534659
32,3,predicted,38,0.00074057679674624
32,3,predicted,39,0.0014404566113534868
32,3,predicted,40,0.002419574845488227
32,3,predicted,41,0.003773270146165075
32,3,predicted,42,0.005655426044095148
32,3,predicted,43,0.008250932252804107
32,3,predicted,44,0.011738631835638867
32,3,predicted,45,0.01625432798620033
32,3,predicted,46,0.02185830355613279
32,3,predicted,47,0.02850589954405795
32,3,predicted,48,0.03602220709682384
32,3,predicted,49,0.04408727347100578
32,3,predicted,50,0.052240597582917006
32,3,predicted,51,0.05991148960277155
32,3,predicted,52,0.0664762954642236
32,3,predicted,53,0.07133648916197304
32,3,predicted,54,0.07400513329896251
32,3,predicted,55,0.07418505479758086
32,3,predicted,56,0.07182179939790298
32,3,predicted,57,0.06711863341352736
32,3,predicted,58,0.060508827953416236
32,3,predicted,59,0.05259015927048481
32,3,predicted,60,0.044035238601297454
32,3,predicted,61,0.03549640138173602
32,3,predicted,62,0.027524004356709476
32,3,predicted,63,0.020512281095967613
32,3,predicted,64,0.014679083303010076
32,3,predicted,65,0.010077420763974483
32,3,predicted,66,0.006630143946573651
32,3,predicted,67,0.004175915460776096
32,3,predicted,68,0.002515023005750139
32,3,predicted,69,0.0014466865479970266
32,3,predicted,70,0.0007937879619049158
32,3,predicted,71,0.0004149185267617191
32,3,predicted,72,0.00020632712864531255
32,3,predicted,73,9.746968119474673e-05
32,3,predicted,74,4.36783507631594e-05
32,3,predicted,75,1.853921908435037e-05
32,3,predicted,76,7.441728222775859e-06
32,3,predicted,77,2.8205133668334503e-06
32,3,predicted,78,1.0077626713504638e-06
32,3,predicted,79,3.38890707540849e-07
32,3,predicted,80,1.0708349270526403e-07
32,3,predicted,81,3.174200310185726e-08
32,3,predicted,82,8.81215963238096e-09
32,3,predicted,83,2.287465537720856e-09
32,3,predicted,84,5.542820397169896e-10
32,3,predicted,85,1.2515890920136e-10
32,3,predicted,86,2.6276944605147496e-11
32,3,predicted,87,5.097332820834673e-12
32,3,predicted,88,8.911690682419259e-13
32,3,predicted,89,1.1689805767579255e-13
32,3,fixed_actual,35,0.004032258064516129
32,3,fixed_actual,36,0.012096774193548387
32,3,fixed_actual,37,0.012096774193548387
32,3,fixed_actual,38,0.03225806451612903
32,3,fixed_actual,39,0.028225806451612902
32,3,fixed_actual,40,0.04838709677419355
32,3,fixed_actual,41,0.04032258064516129
32,3,fixed_actual,42,0.024193548387096774
32,3,fixed_actual,43,0.056451612903225805
32,3,fixed_actual,44,0.03225806451612903
32,3,fixed_actual,45,0.04435483870967742
32,3,fixed_actual,46,0.04435483870967742
32,3,fixed_actual,47,0.024193548387096774
32,3,fixed_actual,48,0.04838709677419355
32,3,fixed_actual,49,0.06451612903225806
32,3,fixed_actual,50,0.03225806451612903
32,3,fixed_actual,51,0.04032258064516129
32,3,fixed_actual,52,0.028225806451612902
32,3,fixed_actual,53,0.04435483870967742
32,3,fixed_actual,54,0.012096774193548387
32,3,fixed_actual,55,0.008064516129032258
32,3,fixed_actual,57,0.016129032258064516
32,3,fixed_actual,58,0.004032258064516129
32,3,fixed_actual,60,0.004032258064516129
32,3,fixed_actual,61,0.008064516129032258
32,3,fixed_actual,63,0.016129032258064516
32,3,fixed_actual,64,0.06451612903225806
32,3,fixed_actual,65,0.024193548387096774
32,3,fixed_actual,66,0.008064516129032258
32,3,fixed_actual,67,0.004032258064516129
32,3,fixed_actual,68,0.008064516129032258
32,3,fixed_actual,71,0.008064516129032258
32,3,fixed_actual,72,0.004032258064516129
32,3,fixed_actual,73,0.004032258064516129
32,3,fixed_actual,74,0.004032258064516129
32,3,fixed_actual,77,0.004032258064516129
32,3,fixed_actual,78,0.008064516129032258
32,3,fixed_actual,79,0.008064516129032258
32,3,fixed_actual,80,0.004032258064516129
32,3,fixed_actual,81,0.012096774193548387
32,3,fixed_actual,83,0.004032258064516129
32,3,fixed_actual,88,0.008064516129032258
32,3,fixed_actual,90,0.004032258064516129
32,3,fixed_actual,91,0.004032258064516129
32,3,fixed_actual,92,0.004032258064516129
32,3,fixed_actual,93,0.004032258064516129
32,3,fixed_actual,94,0.012096774193548387
32,3,fixed_actual,95,0.004032258064516129
32,3,fixed_actual,96,0.04032258064516129
32,3,fixed_actual,97,0.012096774193548387
32,3,fixed_actual,98,0.008064516129032258
32,3,cont_sim,37,0.0001
32,3,cont_sim,38,0.00075
32,3,cont_sim,39,0.00145
32,3,cont_sim,40,0.00235
32,3,cont_sim,41,0.0034
32,3,cont_sim,42,0.00595
32,3,cont_sim,43,0.00815
32,3,cont_sim,44,0.0114
32,3,cont_sim,45,0.01675
32,3,cont_sim,46,0.02175
32,3,cont_sim,47,0.0288
32,3,cont_sim,48,0.0354
32,3,cont_sim,49,0.0441
32,3,cont_sim,50,0.0534
32,3,cont_sim,51,0.05885
32,3,cont_sim,52,0.06725
32,3,cont_sim,53,0.0696
32,3,cont_sim,54,0.0741
32,3,cont_sim,55,0.0736
32,3,cont_sim,56,0.0721
32,3,cont_sim,57,0.0666
32,3,cont_sim,58,0.0592
32,3,cont_sim,59,0.05305
32,3,cont_sim,60,0.0445
32,3,cont_sim,61,0.03605
32,3,cont_sim,62,0.0275
32,3,cont_sim,63,0.0217
32,3,cont_sim,64,0.0136
32,3,cont_sim,65,0.0103
32,3,cont_sim,66,0.007
32,3,cont_sim,67,0.00485
32,3,cont_sim,68,0.00305
32,3,cont_sim,69,0.0017
32,3,cont_sim,70,0.0008
32,3,cont_sim,71,0.00055
32,3,cont_sim,72,0.00015
32,3,cont_sim,73,0.00015
32,4,predicted,32,1.6341106492624058e-09
32,4,predicted,33,2.1427542488211886e-07
32,4,predicted,34,6.702859868086236e-06
32,4,predicted,35,0.0001132461626683197
32,4,predicted,36,0.0010650648353077582
32,4,predicted,37,0.005829076226036866
32,4,predicted,38,0.020017898170803322
32,4,predicted,39,0.04754623739984688
32,4,predicted,40,0.08523431397946026
32,4,predicted,41,0.12156425185744774
32,4,predicted,42,0.1422176699805664
32,4,predicted,43,0.1408204572256518
32,4,predicted,44,0.12269354255838852
32,4,predicted,45,0.0977711823246225
32,4,predicted,46,0.07322626207251673
32,4,predicted,47,0.052184071280859536
32,4,predicted,48,0.03547113436012615
32,4,predicted,49,0.02296174822872266
32,4,predicted,50,0.014118989196073076
32,4,predicted,51,0.008224723504951053
32,4,predicted,52,0.004528180804047327
32,4,predicted,53,0.0023514633600861014
32,4,predicted,54,0.0011498812618440934
32,4,predicted,55,0.0005288031285607152
32,4,predicted,56,0.0002284513479665801
32,4,predicted,57,9.263202451422202e-05
32,4,predicted,58,3.522547424435228e-05
32,4,predicted,59,1.2553751808650199e-05
32,4,predicted,60,4.1900774322312936e-06
32,4,predicted,61,1.308944767562968e-06
32,4,predicted,62,3.824647758990402e-07
32,4,predicted,63,1.0445966372647188e-07
32,4,predicted,64,2.6650252666852097e-08
32,4,predicted,65,6.3466640773789505e-09
32,4,predicted,66,1.4098152082893681e-09
32,4,predicted,67,2.918836035231927e-10
32,4,predicted,68,5.6255562357164354e-11
32,4,predicted,69,1.0069318446305569e-11
32,4,predicted,70,1.657201402772e-12
32,4,predicted,71,2.3002824258965203e-13
32,4,fixed_actual,36,0.008064516129032258
32,4,fixed_actual,37,0.004032258064516129
32,4,fixed_actual,38,0.028225806451612902
32,4,fixed_actual,39,0.04838709677419355
32,4,fixed_actual,40,0.06048387096774194
32,4,fixed_actual,41,0.0967741935483871
32,4,fixed_actual,42,0.10080645161290322
32,4,fixed_actual,43,0.16129032258064516
32,4,fixed_actual,44,0.07258064516129033
32,4,fixed_actual,45,0.056451612903225805
32,4,fixed_actual,46,0.04838709677419355
32,4,fixed_actual,47,0.03225806451612903
32,4,fixed_actual,48,0.016129032258064516
32,4,fixed_actual,49,0.024193548387096774
32,4,fixed_actual,50,0.012096774193548387
32,4,fixed_actual,51,0.004032258064516129
32,4,fixed_actual,52,0.016129032258064516
32,4,fixed_actual,53,0.012096774193548387
32,4,fixed_actual,54,0.012096774193548387
32,4,fixed_actual,55,0.008064516129032258
32,4,fixed_actual,56,0.012096774193548387
32,4,fixed_actual,57,0.016129032258064516
32,4,fixed_actual,58,0.012096774193548387
32,4,fixed_actual,59,0.012096774193548387
32,4,fixed_actual,60,0.012096774193548387
32,4,fixed_actual,61,0.012096774193548387
32,4,fixed_actual,62,0.012096774193548387
32,4,fixed_actual,63,0.024193548387096774
32,4,fixed_actual,64,0.028225806451612902
32,4,fixed_actual,65,0.004032258064516129
32,4,fixed_actual,84,0.004032258064516129
32,4,fixed_actual,86,0.004032258064516129
32,4,fixed_actual,88,0.008064516129032258
32,4,fixed_actual,89,0.004032258064516129
32,4,fixed_actual,90,0.008064516129032258
32,4,fixed_actual,91,0.004032258064516129
32,4,cont_sim,34,5e-05
32,4,cont_sim,35,5e-05
32,4,cont_sim,36,0.00075
32,4,cont_sim,37,0.00545
32,4,cont_sim,38,0.01775
32,4,cont_sim,39,0.0474
32,4,cont_sim,40,0.0839
32,4,cont_sim,41,0.1201
32,4,cont_sim,42,0.14495
32,4,cont_sim,43,0.1448
32,4,cont_sim,44,0.11985
32,4,cont_sim,45,0.0942
32,4,cont_sim,46,0.07395
32,4,cont_sim,47,0.05415
32,4,cont_sim,48,0.03525
32,4,cont_sim,49,0.0247
32,4,cont_sim,50,0.0146
32,4,cont_sim,51,0.00885
32,4,cont_sim,52,0.00455
32,4,cont_sim,53,0.0024
32,4,cont_sim,54,0.0017
32,4,cont_sim,55,0.0004
32,4,cont_sim,56,0.00015
32,4,cont_sim,57,5e-05
32,5,predicted,32,3.4911427410514795e-09
32,5,predicted,33,4.6815733977825193e-07
32,5,predicted,34,1.6301678808045786e-05
32,5,predicted,35,0.0003010733571110088
32,5,predicted,36,0.0029796190011142473
32,5,predicted,37,0.016235466259511607
32,5,predicted,38,0.05138831792916084
32,5,predicted,39,0.10315160048648996
32,5,predicted,40,0.14710094528417844
32,5,predicted,41,0.16541786616257695
32,5,predicted,42,0.15652620655586705
32,5,predicted,43,0.12868458413926018
32,5,predicted,44,0.0936244559698087
32,5,predicted,45,0.061141267951879345
32,5,predicted,46,0.03625414236498645
32,5,predicted,47,0.01968268018470442
32,5,predicted,48,0.009835778840765157
32,5,predicted,49,0.004538093044153327
32,5,predicted,50,0.0019368695389955079
32,5,predicted,51,0.0007657327187505523
32,5,predicted,52,0.0002807249086357391
32,5,predicted,53,9.552324461901291e-05
32,5,predicted,54,3.0190869198213192e-05
32,5,predicted,55,8.86751349994564e-06
32,5,predicted,56,2.4210959195721734e-06
32,5,predicted,57,6.145216646751636e-07
32,5,predicted,58,1.4498655125334288e-07
32,5,predicted,59,3.17885512368068e-08
32,5,predicted,60,6.4745385188056305e-09
32,5,predicted,61,1.2244584107268021e-09
32,5,predicted,62,2.1486538996330988e-10
32,5,predicted,63,3.490427635591581e-11
32,5,predicted,64,5.2358889686589655e-12
32,5,predicted,65,6.987661193866043e-13
32,5,predicted,66,5.480778474477283e-14
32,5,fixed_actual,32,0.03225806451612903
32,5,fixed_actual,36,0.004032258064516129
32,5,fixed_actual,37,0.004032258064516129
32,5,fixed_actual,38,0.028225806451612902
32,5,fixed_actual,39,0.07661290322580645
32,5,fixed_actual,40,0.0967741935483871
32,5,fixed_actual,41,0.0846774193548387
32,5,fixed_actual,42,0.0846774193548387
32,5,fixed_actual,43,0.125
32,5,fixed_actual,44,0.07661290322580645
32,5,fixed_actual,45,0.06854838709677419
32,5,fixed_actual,46,0.06048387096774194
32,5,fixed_actual,47,0.016129032258064516
32,5,fixed_actual,48,0.024193548387096774
32,5,fixed_actual,49,0.028225806451612902
32,5,fixed_actual,50,0.008064516129032258
32,5,fixed_actual,51,0.012096774193548387
32,5,fixed_actual,52,0.008064516129032258
32,5,fixed_actual,53,0.008064516129032258
32,5,fixed_actual,54,0.012096774193548387
32,5,fixed_actual,55,0.004032258064516129
32,5,fixed_actual,56,0.016129032258064516
32,5,fixed_actual,57,0.004032258064516129
32,5,fixed_actual,58,0.004032258064516129
32,5,fixed_actual,59,0.008064516129032258
32,5,fixed_actual,60,0.004032258064516129
32,5,fixed_actual,61,0.008064516129032258
32,5,fixed_actual,63,0.016129032258064516
32,5,fixed_actual,64,0.07661290322580645
32,5,cont_sim,35,0.00015
32,5,cont_sim,36,0.0031
32,5,cont_sim,37,0.01695
32,5,cont_sim,38,0.0513
32,5,cont_sim,39,0.10465
32,5,cont_sim,40,0.1458
32,5,cont_sim,41,0.1657
32,5,cont_sim,42,0.1527
32,5,cont_sim,43,0.12965
32,5,cont_sim,44,0.09325
32,5,cont_sim,45,0.0609
32,5,cont_sim,46,0.03695
32,5,cont_sim,47,0.0212
32,5,cont_sim,48,0.00965
32,5,cont_sim,49,0.00505
32,5,cont_sim,50,0.0023
32,5,cont_sim,51,0.00045
32,5,cont_sim,52,0.0002
32,5,cont_sim,54,5e-05
32,6,predicted,32,0.0004791188093510334
32,6,predicted,33,0.01524799212052945
32,6,predicted,34,0.049283834487084684
32,6,predicted,35,0.08418399398069848
32,6,predicted,36,0.10737586527699688
32,6,predicted,37,0.11721086280132872
32,6,predicted,38,0.11662755897631441
32,6,predicted,39,0.10879503617728827
32,6,predicted,40,0.09631175883818457
32,6,predicted,41,0.08134348480252476
32,6,predicted,42,0.06568250673517663
32,6,predicted,43,0.0507134277096919
32,6,predicted,44,0.03739561665800306
32,6,predicted,45,0.026282769980158688
32,6,predicted,46,0.017565653809026163
32,6,predicted,47,0.011137663703130744
32,6,predicted,48,0.006685292199874741
32,6,predicted,49,0.003791186221306235
32,6,predicted,50,0.0020274073469850272
32,6,predicted,51,0.0010205248620195648
32,6,predicted,52,0.0004826428353518766
32,6,predicted,53,0.00021405683550609677
32,6,predicted,54,8.885452062807578e-05
32,6,predicted,55,3.4449291647223734e-05
32,6,predicted,56,1.2447666130315222e-05
32,6,predicted,57,4.182277929425427e-06
32,6,predicted,58,1.303539400142028e-06
32,6,predicted,59,3.7597430631494787e-07
32,6,predicted,60,1.0009956927543963e-07
32,6,predicted,61,2.453930895439685e-08
32,6,predicted,62,5.525711001258464e-09
32,6,predicted,63,1.1402052913527472e-09
32,6,predicted,64,2.1508940291286402e-10
32,6,predicted,65,3.6966933117771116e-11
32,6,predicted,66,5.7402688166928936e-12
32,6,predicted,67,7.770729782333358e-13
32,6,predicted,68,5.840014901431797e-14
32,6,fixed_actual,33,0.020161290322580645
32,6,fixed_actual,34,0.04838709677419355
32,6,fixed_actual,35,0.0846774193548387
32,6,fixed_actual,36,0.08870967741935484
32,6,fixed_actual,37,0.11693548387096774
32,6,fixed_actual,38,0.08064516129032258
32,6,fixed_actual,39,0.0846774193548387
32,6,fixed_actual,40,0.04435483870967742
32,6,fixed_actual,41,0.03225806451612903
32,6,fixed_actual,42,0.056451612903225805
32,6,fixed_actual,43,0.012096774193548387
32,6,fixed_actual,44,0.004032258064516129
32,6,fixed_actual,45,0.024193548387096774
32,6,fixed_actual,46,0.03225806451612903
32,6,fixed_actual,47,0.004032258064516129
32,6,fixed_actual,48,0.016129032258064516
32,6,fixed_actual,49,0.008064516129032258
32,6,fixed_actual,50,0.012096774193548387
32,6,fixed_actual,51,0.004032258064516129
32,6,fixed_actual,52,0.008064516129032258
32,6,fixed_actual,53,0.012096774193548387
32,6,fixed_actual,54,0.016129032258064516
32,6,fixed_actual,55,0.004032258064516129
32,6,fixed_actual,56,0.008064516129032258
32,6,fixed_actual,57,0.004032258064516129
32,6,fixed_actual,59,0.004032258064516129
32,6,fixed_actual,60,0.004032258064516129
32,6,fixed_actual,61,0.004032258064516129
32,6,fixed_actual,62,0.012096774193548387
32,6,fixed_actual,63,0.012096774193548387
32,6,fixed_actual,64,0.12903225806451613
32,6,fixed_actual,65,0.008064516129032258
32,6,cont_sim,32,0.0003
32,6,cont_sim,33,0.01585
32,6,cont_sim,34,0.04935
32,6,cont_sim,35,0.084
32,6,cont_sim,36,0.10605
32,6,cont_sim,37,0.1209
32,6,cont_sim,38,0.1139
32,6,cont_sim,39,0.1081
32,6,cont_sim,40,0.096
32,6,cont_sim,41,0.0809
32,6,cont_sim,42,0.06735
32,6,cont_sim,43,0.0497
32,6,cont_sim,44,0.03875
32,6,cont_sim,45,0.02465
32,6,cont_sim,46,0.0193
32,6,cont_sim,47,0.0125
32,6,cont_sim,48,0.0056
32,6,cont_sim,49,0.0034
32,6,cont_sim,50,0.00165
32,6,cont_sim,51,0.00095
32,6,cont_sim,52,0.0006
32,6,cont_sim,53,0.00015
32,6,cont_sim,54,5e-05
32,7,predicted,32,7.780054793518085e-07
32,7,predicted,33,3.6295516704213864e-05
32,7,predicted,34,0.00021754098136141724
32,7,predicted,35,0.0007522613762510694
32,7,predicted,36,0.00195854889763227
32,7,predicted,37,0.004265157779347054
32,7,predicted,38,0.008224164263460797
32,7,predicted,39,0.01448303944185261
32,7,predicted,40,0.02364846585173417
32,7,predicted,41,0.036024331404423834
32,7,predicted,42,0.051281421734427644
32,7,predicted,43,0.06820108545918875
32,7,predicted,44,0.08466999956987376
32,7,predicted,45,0.09803702837133244
32,7,predicted,46,0.10578447444971306
32,7,predicted,47,0.10629121719506648
32,7,predicted,48,0.09937770333739084
32,7,predicted,49,0.08638778252088167
32,7,predicted,50,0.06976187292667675
32,7,predicted,51,0.05228645083320191
32,7,predicted,52,0.03633626168398334
32,7,predicted,53,0.02338942460684392
32,7,predicted,54,0.013929991659145371
32,7,predicted,55,0.007667202288423384
32,7,predicted,56,0.0038955037338630418
32,7,predicted,57,0.0018247583028685828
32,7,predicted,58,0.0007871026356410335
32,7,predicted,59,0.00031225777321924197
32,7,predicted,60,0.00011379760882481067
32,7,predicted,61,3.805330261457614e-05
32,7,predicted,62,1.1663266042038338e-05
32,7,predicted,63,3.273269677854749e-06
32,7,predicted,64,8.403975787578343e-07
32,7,predicted,65,1.9723482141545896e-07
32,7,predicted,66,4.228445252715573e-08
32,7,predicted,67,8.276069072678841e-09
32,7,predicted,68,1.4780747015506573e-09
32,7,predicted,69,2.4075801381420165e-10
32,7,predicted,70,3.572557893492523e-11
32,7,predicted,71,4.799071352590256e-12
32,7,predicted,72,5.512975509173625e-13
32,7,predicted,73,2.220406081498298e-14
32,7,fixed_actual,35,0.004032258064516129
32,7,fixed_actual,37,0.016129032258064516
32,7,fixed_actual,38,0.020161290322580645
32,7,fixed_actual,39,0.03225806451612903
32,7,fixed_actual,40,0.03225806451612903
32,7,fixed_actual,41,0.04435483870967742
32,7,fixed_actual,42,0.04435483870967742
32,7,fixed_actual,43,0.04435483870967742
32,7,fixed_actual,44,0.04838709677419355
32,7,fixed_actual,45,0.05241935483870968
32,7,fixed_actual,46,0.06048387096774194
32,7,fixed_actual,47,0.07258064516129033
32,7,fixed_actual,48,0.04838709677419355
32,7,fixed_actual,49,0.05241935483870968
32,7,fixed_actual,50,0.06854838709677419
32,7,fixed_actual,51,0.05241935483870968
32,7,fixed_actual,52,0.04838709677419355
32,7,fixed_actual,53,0.04838709677419355
32,7,fixed_actual,54,0.04435483870967742
32,7,fixed_actual,55,0.020161290322580645
32,7,fixed_actual,56,0.016129032258064516
32,7,fixed_actual,57,0.004032258064516129
32,7,fixed_actual,58,0.016129032258064516
32,7,fixed_actual,59,0.004032258064516129
32,7,fixed_actual,60,0.008064516129032258
32,7,fixed_actual,64,0.056451612903225805
32,7,fixed_actual,65,0.008064516129032258
32,7,fixed_actual,70,0.004032258064516129
32,7,fixed_actual,72,0.012096774193548387
32,7,fixed_actual,73,0.004032258064516129
32,7,fixed_actual,76,0.004032258064516129
32,7,fixed_actual,77,0.004032258064516129
32,7,fixed_actual,78,0.004032258064516129
32,7,cont_sim,33,5e-05
32,7,cont_sim,34,0.00025
32,7,cont_sim,35,0.001
32,7,cont_sim,36,0.00225
32,7,cont_sim,37,0.00345
32,7,cont_sim,38,0.0081
32,7,cont_sim,39,0.0147
32,7,cont_sim,40,0.022
32,7,cont_sim,41,0.0361
32,7,cont_sim,42,0.0521
32,7,cont_sim,43,0.06625
32,7,cont_sim,44,0.08465
32,7,cont_sim,45,0.09845
32,7,cont_sim,46,0.1057
32,7,cont_sim,47,0.1042
32,7,cont_sim,48,0.10205
32,7,cont_sim,49,0.0872
32,7,cont_sim,50,0.0701
32,7,cont_sim,51,0.05315
32,7,cont_sim,52,0.0361
32,7,cont_sim,53,0.02355
32,7,cont_sim,54,0.0145
32,7,cont_sim,55,0.0079
32,7,cont_sim,56,0.0037
32,7,cont_sim,57,0.00135
32,7,cont_sim,58,0.00085
32,7,cont_sim,59,0.0002
32,7,cont_sim,60,0.0001
32,8,predicted,32,2.5156141083077152e-06
32,8,predicted,33,0.00013668681623193408
32,8,predicted,34,0.0011807390229864345
32,8,predicted,35,0.005515637461537198
32,8,predicted,36,0.01568203989000483
32,8,predicted,37,0.03032413202124953
32,8,predicted,38,0.04515686796007115
32,8,predicted,39,0.05725587351997527
32,8,predicted,40,0.06618691689104247
32,8,predicted,41,0.07292464327447427
32,8,predicted,42,0.07821158137402706
32,8,predicted,43,0.0817912029990808
32,8,predicted,44,0.08288233129281342
32,8,predicted,45,0.08091850954529245
32,8,predicted,46,0.07588035046687276
32,8,predicted,47,0.068261241544423
32,8,predicted,48,0.05888686927594371
32,8,predicted,49,0.04871139288077417
32,8,predicted,50,0.038638067935920735
32,8,predicted,51,0.029388758170383767
32,8,predicted,52,0.02143526881438404
32,8,predicted,53,0.014991633875515166
32,8,predicted,54,0.01005357583015072
32,8,predicted,55,0.006464150972185483
32,8,predicted,56,0.003984538893382462
32,8,predicted,57,0.0023543178313895725
32,8,predicted,58,0.0013332321986152906
32,8,predicted,59,0.0007234720793169456
32,8,predicted,60,0.00037611693175245
32,8,predicted,61,0.00018728675820471106
32,8,predicted,62,8.930180021804813e-05
32,8,predicted,63,4.076203896956756e-05
32,8,predicted,64,1.780554199548937e-05
32,8,predicted,65,7.440573022669341e-06
32,8,predicted,66,2.973340482811855e-06
32,8,predicted,67,1.1357735552036687e-06
32,8,predicted,68,4.1452976542672047e-07
32,8,predicted,69,1.44487545602346e-07
32,8,predicted,70,4.807232448825828e-08
32,8,predicted,71,1.525857547134478e-08
32,8,predicted,72,4.617800263288097e-09
32,8,predicted,73,1.3316461171954718e-09
32,8,predicted,74,3.6565989231723175e-10
32,8,predicted,75,9.552937240332296e-11
32,8,predicted,76,2.372013274684826e-11
32,8,predicted,77,5.5803294330077614e-12
32,8,predicted,78,1.2326365473179556e-12
32,8,predicted,79,2.399093987471933e-13
32,8,predicted,80,2.6578996415286123e-14
32,8,fixed_actual,32,0.024193548387096774
32,8,fixed_actual,33,0.004032258064516129
32,8,fixed_actual,34,0.012096774193548387
32,8,fixed_actual,35,0.024193548387096774
32,8,fixed_actual,36,0.036290322580645164
32,8,fixed_actual,37,0.06048387096774194
32,8,fixed_actual,38,0.06048387096774194
32,8,fixed_actual,39,0.06048387096774194
32,8,fixed_actual,40,0.10080645161290322
32,8,fixed_actual,41,0.06854838709677419
32,8,fixed_actual,42,0.08064516129032258
32,8,fixed_actual,43,0.06451612903225806
32,8,fixed_actual,44,0.05241935483870968
32,8,fixed_actual,45,0.024193548387096774
32,8,fixed_actual,46,0.020161290322580645
32,8,fixed_actual,47,0.028225806451612902
32,8,fixed_actual,48,0.020161290322580645
32,8,fixed_actual,50,0.012096774193548387
32,8,fixed_actual,51,0.008064516129032258
32,8,fixed_actual,52,0.008064516129032258
32,8,fixed_actual,53,0.020161290322580645
32,8,fixed_actual,54,0.004032258064516129
32,8,fixed_actual,55,0.016129032258064516
32,8,fixed_actual,56,0.008064516129032258
32,8,fixed_actual,57,0.004032258064516129
32,8,fixed_actual,58,0.004032258064516129
32,8,fixed_actual,59,0.004032258064516129
32,8,fixed_actual,60,0.004032258064516129
32,8,fixed_actual,62,0.004032258064516129
32,8,fixed_actual,63,0.020161290322580645
32,8,fixed_actual,64,0.07258064516129033
32,8,fixed_actual,65,0.004032258064516129
32,8,fixed_actual,66,0.004032258064516129
32,8,fixed_actual,68,0.008064516129032258
32,8,fixed_actual,73,0.008064516129032258
32,8,fixed_actual,76,0.008064516129032258
32,8,fixed_actual,79,0.004032258064516129
32,8,fixed_actual,80,0.004032258064516129
32,8,fixed_actual,81,0.008064516129032258
32,8,fixed_actual,83,0.008064516129032258
32,8,fixed_actual,85,0.004032258064516129
32,8,fixed_actual,86,0.004032258064516129
32,8,fixed_actual,87,0.004032258064516129
32,8,cont_sim,33,0.0001
32,8,cont_sim,34,0.00105
32,8,cont_sim,35,0.0062
32,8,cont_sim,36,0.0154
32,8,cont_sim,37,0.0319
32,8,cont_sim,38,0.0445
32,8,cont_sim,39,0.0584
32,8,cont_sim,40,0.0657
32,8,cont_sim,41,0.0731
32,8,cont_sim,42,0.07735
32,8,cont_sim,43,0.0847
32,8,cont_sim,44,0.08085
32,8,cont_sim,45,0.07935
32,8,cont_sim,46,0.0789
32,8,cont_sim,47,0.06855
32,8,cont_sim,48,0.058
32,8,cont_sim,49,0.0471
32,8,cont_sim,50,0.03745
32,8,cont_sim,51,0.0306
32,8,cont_sim,52,0.02045
32,8,cont_sim,53,0.01615
32,8,cont_sim,54,0.01005
32,8,cont_sim,55,0.0056
32,8,cont_sim,56,0.0034
32,8,cont_sim,57,0.0025
32,8,cont_sim,58,0.00135
32,8,cont_sim,59,0.0005
32,8,cont_sim,60,0.0003
32,8,cont_sim,61,0.0004
32,8,cont_sim,63,0.0001
32,9,predicted,32,4.080422643025581e-11
32,9,predicted,33,6.309073529753832e-09
32,9,predicted,34,2.0430635244392402e-07
32,9,predicted,35,3.162330593733388e-06
32,9,predicted,36,2.6373775004178854e-05
32,9,predicted,37,0.000137992848622718
32,9,predicted,38,0.000529763777999842
32,9,predicted,39,0.0016535461709836414
32,9,predicted,40,0.0043769276938412805
32,9,predicted,41,0.009980011288780287
32,9,predicted,42,0.019801794023147253
32,9,predicted,43,0.03453659103005955
32,9,predicted,44,0.053522264310613646
32,9,predicted,45,0.07450834287739612
32,9,predicted,46,0.09411081277144864
32,9,predicted,47,0.10872708627318088
32,9,predicted,48,0.11552297226900325
32,9,predicted,49,0.11321082802076575
32,9,predicted,50,0.10242617691911123
32,9,predicted,51,0.08553922149018912
32,9,predicted,52,0.06589960780938789
32,9,predicted,53,0.04680219319126957
32,9,predicted,54,0.030623375666531942
32,9,predicted,55,0.018451209593091666
32,9,predicted,56,0.010232866316110234
32,9,predicted,57,0.005221692678172151
32,9,predicted,58,0.002450921299552565
32,9,predicted,59,0.0010578824363304865
32,9,predicted,60,0.00041980726580480066
32,9,predicted,61,0.000153149942031419
32,9,predicted,62,5.136060910564332e-05
32,9,predicted,63,1.5835451672916127e-05
32,9,predicted,64,4.48963718950218e-06
32,9,predicted,65,1.1709049237776176e-06
32,9,predicted,66,2.810388660069968e-07
32,9,predicted,67,6.211601648119034e-08
32,9,predicted,68,1.2651439375739006e-08
32,9,predicted,69,2.3764038764951296e-09
32,9,predicted,70,4.1200577496105743e-10
32,9,predicted,71,6.596568348511474e-11
32,9,predicted,72,9.734234378338305e-12
32,9,predicted,73,1.2971227147953113e-12
32,9,predicted,74,1.2558528985008472e-13
32,9,fixed_actual,32,0.004032258064516129
32,9,fixed_actual,33,0.016129032258064516
32,9,fixed_actual,35,0.004032258064516129
32,9,fixed_actual,36,0.008064516129032258
32,9,fixed_actual,38,0.004032258064516129
32,9,fixed_actual,39,0.004032258064516129
32,9,fixed_actual,40,0.012096774193548387
32,9,fixed_actual,41,0.012096774193548387
32,9,fixed_actual,42,0.020161290322580645
32,9,fixed_actual,43,0.056451612903225805
32,9,fixed_actual,44,0.06451612903225806
32,9,fixed_actual,45,0.0967741935483871
32,9,fixed_actual,46,0.10080645161290322
32,9,fixed_actual,47,0.09274193548387097
32,9,fixed_actual,48,0.08064516129032258
32,9,fixed_actual,49,0.03225806451612903
32,9,fixed_actual,50,0.04435483870967742
32,9,fixed_actual,51,0.05241935483870968
32,9,fixed_actual,52,0.016129032258064516
32,9,fixed_actual,53,0.020161290322580645
32,9,fixed_actual,54,0.016129032258064516
32,9,fixed_actual,55,0.028225806451612902
32,9,fixed_actual,56,0.016129032258064516
32,9,fixed_actual,57,0.024193548387096774
32,9,fixed_actual,58,0.020161290322580645
32,9,fixed_actual,59,0.008064516129032258
32,9,fixed_actual,60,0.004032258064516129
32,9,fixed_actual,62,0.012096774193548387
32,9,fixed_actual,64,0.09274193548387097
32,9,fixed_actual,65,0.004032258064516129
32,9,fixed_actual,66,0.004032258064516129
32,9,fixed_actual,68,0.004032258064516129
32,9,fixed_actual,70,0.004032258064516129
32,9,fixed_actual,71,0.004032258064516129
32,9,fixed_actual,74,0.004032258064516129
32,9,fixed_actual,75,0.008064516129032258
32,9,fixed_actual,76,0.004032258064516129
32,9,cont_sim,37,0.0001
32,9,cont_sim,38,0.00045
32,9,cont_sim,39,0.0018
32,9,cont_sim,40,0.00355
32,9,cont_sim,41,0.00925
32,9,cont_sim,42,0.01865
32,9,cont_sim,43,0.03415
32,9,cont_sim,44,0.0515
32,9,cont_sim,45,0.0735
32,9,cont_sim,46,0.09445
32,9,cont_sim,47,0.109
32,9,cont_sim,48,0.1129
32,9,cont_sim,49,0.1147
32,9,cont_sim,50,0.10395
32,9,cont_sim,51,0.08695
32,9,cont_sim,52,0.06815
32,9,cont_sim,53,0.04795
32,9,cont_sim,54,0.03245
32,9,cont_sim,55,0.0164
32,9,cont_sim,56,0.01005
32,9,cont_sim,57,0.00585
32,9,cont_sim,58,0.00225
32,9,cont_sim,59,0.0012
32,9,cont_sim,60,0.0004
32,9,cont_sim,61,0.0002
32,9,cont_sim,62,0.00015
32,9,cont_sim,63,5e-05
32,10,predicted,32,2.3400603512149135e-10
32,10,predicted,33,9.584201479621628e-08
32,10,predicted,34,8.631461993201893e-06
32,10,predicted,35,0.0002747619759169933
32,10,predicted,36,0.0033853927583762182
32,10,predicted,37,0.0186360511796959
32,10,predicted,38,0.05548256588316145
32,10,predicted,39,0.10826757065537256
32,10,predicted,40,0.156573336740231
32,10,predicted,41,0.17710378362456708
32,10,predicted,42,0.16239100076615434
32,10,predicted,43,0.12557660805772122
32,10,predicted,44,0.08505395761653374
32,10,predicted,45,0.051823433853056725
32,10,predicted,46,0.028816958465157787
32,10,predicted,47,0.014727376453425655
32,10,predicted,48,0.006945395537940258
32,10,predicted,49,0.0030294636684379734
32,10,predicted,50,0.0012228486709581644
32,10,predicted,51,0.00045612348378972883
32,10,predicted,52,0.00015665285779121785
32,10,predicted,53,4.9260391685175016e-05
32,10,predicted,54,1.4076857146776891e-05
32,10,predicted,55,3.6219787706968837e-06
32,10,predicted,56,8.29888367497167e-07
32,10,predicted,57,1.6711236635119278e-07
32,10,predicted,58,2.9106412391200395e-08
32,10,predicted,59,4.298853668247157e-09
32,10,predicted,60,5.248979046913071e-10
32,10,predicted,61,5.123298292368898e-11
32,10,predicted,62,3.797584264534246e-12
32,10,predicted,63,1.6688490795367083e-13
32,10,fixed_actual,32,0.020161290322580645
32,10,fixed_actual,33,0.012096774193548387
32,10,fixed_actual,34,0.004032258064516129
32,10,fixed_actual,35,0.004032258064516129
32,10,fixed_actual,36,0.008064516129032258
32,10,fixed_actual,37,0.024193548387096774
32,10,fixed_actual,38,0.024193548387096774
32,10,fixed_actual,39,0.04032258064516129
32,10,fixed_actual,40,0.056451612903225805
32,10,fixed_actual,41,0.07661290322580645
32,10,fixed_actual,42,0.06451612903225806
32,10,fixed_actual,43,0.0846774193548387
32,10,fixed_actual,44,0.08870967741935484
32,10,fixed_actual,45,0.07258064516129033
32,10,fixed_actual,46,0.06048387096774194
32,10,fixed_actual,47,0.06451612903225806
32,10,fixed_actual,48,0.04032258064516129
32,10,fixed_actual,49,0.036290322580645164
32,10,fixed_actual,50,0.008064516129032258
32,10,fixed_actual,51,0.028225806451612902
32,10,fixed_actual,52,0.008064516129032258
32,10,fixed_actual,53,0.012096774193548387
32,10,fixed_actual,54,0.012096774193548387
32,10,fixed_actual,55,0.008064516129032258
32,10,fixed_actual,56,0.016129032258064516
32,10,fixed_actual,57,0.016129032258064516
32,10,fixed_actual,58,0.024193548387096774
32,10,fixed_actual,59,0.020161290322580645
32,10,fixed_actual,60,0.008064516129032258
32,10,fixed_actual,61,0.012096774193548387
32,10,fixed_actual,62,0.012096774193548387
32,10,fixed_actual,63,0.016129032258064516
32,10,fixed_actual,64,0.016129032258064516
32,10,cont_sim,35,0.00015
32,10,cont_sim,36,0.0027
32,10,cont_sim,37,0.0184
32,10,cont_sim,38,0.05545
32,10,cont_sim,39,0.10885
32,10,cont_sim,40,0.1563
32,10,cont_sim,41,0.17945
32,10,cont_sim,42,0.16025
32,10,cont_sim,43,0.12515
32,10,cont_sim,44,0.08775
32,10,cont_sim,45,0.05165
32,10,cont_sim,46,0.02715
32,10,cont_sim,47,0.0155
32,10,cont_sim,48,0.0068
32,10,cont_sim,49,0.00245
32,10,cont_sim,50,0.0013
32,10,cont_sim,51,0.00055
32,10,cont_sim,52,0.00015
32,11,predicted,33,5.947592911094543e-13
32,11,predicted,34,7.170127212006796e-11
32,11,predicted,35,4.376457696181417e-09
32,11,predicted,36,1.3885512073914702e-07
32,11,predicted,37,2.31473502047161e-06
32,11,predicted,38,2.0775589586280317e-05
32,11,predicted,39,0.0001077207963201275
32,11,predicted,40,0.0003708946924944784
32,11,predicted,41,0.000995011256107894
32,11,predicted,42,0.0022882626433062114
32,11,predicted,43,0.004676332160055105
32,11,predicted,44,0.00866306351607599
32,11,predicted,45,0.014796370191081603
32,11,predicted,46,0.023589040824086874
32,11,predicted,47,0.035318591706774254
32,11,predicted,48,0.04972497892377669
32,11,predicted,49,0.06575772589861743
32,11,predicted,50,0.08155025324559702
32,11,predicted,51,0.09470921208018218
32,11,predicted,52,0.1028772232998632
32,11,predicted,53,0.10440358612858416
32,11,predicted,54,0.09887605164322301
32,11,predicted,55,0.08728589179091889
32,11,predicted,56,0.07173929516930165
32,11,predicted,57,0.0548277851988525
32,11,predicted,58,0.038916792898707746
32,11,predicted,59,0.02562271855416792
32,11,predicted,60,0.01562884263865607
32,11,predicted,61,0.008820882002129172
32,11,predicted,62,0.004601139118239862
32,11,predicted,63,0.002215600354505651
32,11,predicted,64,0.0009838285164178613
32,11,predicted,65,0.00040244501656319843
32,11,predicted,66,0.0001515094809123683
32,11,predicted,67,5.2448783929846374e-05
32,11,predicted,68,1.6681547194306686e-05
32,11,predicted,69,4.870878278983016e-06
32,11,predicted,70,1.3047515409325248e-06
32,11,predicted,71,3.2039325529644213e-07
32,11,predicted,72,7.207001072162843e-08
32,11,predicted,73,1.4839011270502418e-08
32,11,predicted,74,2.7942552581999878e-09
32,11,predicted,75,4.80744710207387e-10
32,11,predicted,76,7.547084914429802e-11
32,11,predicted,77,1.0782115222476712e-11
32,11,predicted,78,1.3850601517841167e-12
32,11,predicted,79,1.38669736784632e-13
32,11,fixed_actual,39,0.004032258064516129
32,11,fixed_actual,40,0.004032258064516129
32,11,fixed_actual,41,0.020161290322580645
32,11,fixed_actual,42,0.008064516129032258
32,11,fixed_actual,43,0.036290322580645164
32,11,fixed_actual,44,0.036290322580645164
32,11,fixed_actual,45,0.04435483870967742
32,11,fixed_actual,46,0.04838709677419355
32,11,fixed_actual,47,0.06048387096774194
32,11,fixed_actual,48,0.0846774193548387
32,11,fixed_actual,49,0.06048387096774194
32,11,fixed_actual,50,0.07661290322580645
32,11,fixed_actual,51,0.10080645161290322
32,11,fixed_actual,52,0.06451612903225806
32,11,fixed_actual,53,0.036290322580645164
32,11,fixed_actual,54,0.03225806451612903
32,11,fixed_actual,55,0.028225806451612902
32,11,fixed_actual,56,0.036290322580645164
32,11,fixed_actual,57,0.016129032258064516
32,11,fixed_actual,58,0.020161290322580645
32,11,fixed_actual,59,0.008064516129032258
32,11,fixed_actual,60,0.008064516129032258
32,11,fixed_actual,61,0.004032258064516129
32,11,fixed_actual,62,0.012096774193548387
32,11,fixed_actual,63,0.008064516129032258
32,11,fixed_actual,64,0.06854838709677419
32,11,fixed_actual,65,0.016129032258064516
32,11,fixed_actual,66,0.008064516129032258
32,11,fixed_actual,67,0.008064516129032258
32,11,fixed_actual,68,0.004032258064516129
32,11,fixed_actual,72,0.004032258064516129
32,11,fixed_actual,91,0.004032258064516129
32,11,fixed_actual,93,0.004032258064516129
32,11,fixed_actual,94,0.004032258064516129
32,11,fixed_actual,95,0.008064516129032258
32,11,fixed_actual,96,0.012096774193548387
32,11,cont_sim,38,5e-05
32,11,cont_sim,39,0.00025
32,11,cont_sim,40,0.00035
32,11,cont_sim,41,0.001
32,11,cont_sim,42,0.002
32,11,cont_sim,43,0.00435
32,11,cont_sim,44,0.00945
32,11,cont_sim,45,0.014
32,11,cont_sim,46,0.02595
32,11,cont_sim,47,0.03475
32,11,cont_sim,48,0.0497
32,11,cont_sim,49,0.0666
32,11,cont_sim,50,0.0797
32,11,cont_sim,51,0.0931
32,11,cont_sim,52,0.10285
32,11,cont_sim,53,0.10505
32,11,cont_sim,54,0.096
32,11,cont_sim,55,0.0894
32,11,cont_sim,56,0.0686
32,11,cont_sim,57,0.05755
32,11,cont_sim,58,0.0401
32,11,cont_sim,59,0.02585
32,11,cont_sim,60,0.01645
32,11,cont_sim,61,0.0077
32,11,cont_sim,62,0.0054
32,11,cont_sim,63,0.0021
32,11,cont_sim,64,0.001
32,11,cont_sim,65,0.0003
32,11,cont_sim,66,0.0002
32,11,cont_sim,67,0.0002
32,12,predicted,32,1.8354885478751893e-09
32,12,predicted,33,3.129251313874608e-07
32,12,predicted,34,7.70825170442881e-06
32,12,predicted,35,8.564166701296938e-05
32,12,predicted,36,0.0005507495029755415
32,12,predicted,37,0.0023561387747138007
32,12,predicted,38,0.007297121878547117
32,12,predicted,39,0.017388694074282233
32,12,predicted,40,0.033606873564751054
32,12,predicted,41,0.05510063797135644
32,12,predicted,42,0.07920359332896687
32,12,predicted,43,0.10177844765156374
32,12,predicted,44,0.11804047531698698
32,12,predicted,45,0.12413465211593153
32,12,predicted,46,0.11874354665835556
32,12,predicted,47,0.10361851598694993
32,12,predicted,48,0.08271653848340091
32,12,predicted,49,0.060563952514455205
32,12,predicted,50,0.040769420991190505
32,12,predicted,51,0.025285464606214298
32,12,predicted,52,0.014475473646836665
32,12,predicted,53,0.007661801687373037
32,12,predicted,54,0.0037548050277455168
32,12,predicted,55,0.0017058639501144877
32,12,predicted,56,0.0007192365213111624
32,12,predicted,57,0.00028169122505040744
32,12,predicted,58,0.00010256342395592381
32,12,predicted,59,3.4738940629629625e-05
32,12,predicted,60,1.0951668663191468e-05
32,12,predicted,61,3.2149108283781344e-06
32,12,predicted,62,8.790638244603621e-07
32,12,predicted,63,2.2393756600986618e-07
32,12,predicted,64,5.315400960150841e-08
32,12,predicted,65,1.1755751369669363e-08
32,12,predicted,66,2.4222770545754804e-09
32,12,predicted,67,4.648909329666104e-10
32,12,predicted,68,8.305225860269022e-11
32,12,predicted,69,1.3780607200971087e-11
32,12,predicted,70,2.0951070619773538e-12
32,12,predicted,71,2.652311306181472e-13
32,12,fixed_actual,32,0.020161290322580645
32,12,fixed_actual,33,0.020161290322580645
32,12,fixed_actual,34,0.008064516129032258
32,12,fixed_actual,35,0.008064516129032258
32,12,fixed_actual,36,0.008064516129032258
32,12,fixed_actual,37,0.008064516129032258
32,12,fixed_actual,38,0.004032258064516129
32,12,fixed_actual,39,0.012096774193548387
32,12,fixed_actual,40,0.04032258064516129
32,12,fixed_actual,41,0.028225806451612902
32,12,fixed_actual,42,0.05241935483870968
32,12,fixed_actual,43,0.07258064516129033
32,12,fixed_actual,44,0.08064516129032258
32,12,fixed_actual,45,0.06048387096774194
32,12,fixed_actual,46,0.11290322580645161
32,12,fixed_actual,47,0.04838709677419355
32,12,fixed_actual,48,0.09274193548387097
32,12,fixed_actual,49,0.06048387096774194
32,12,fixed_actual,50,0.036290322580645164
32,12,fixed_actual,51,0.028225806451612902
32,12,fixed_actual,52,0.04838709677419355
32,12,fixed_actual,53,0.03225806451612903
32,12,fixed_actual,54,0.024193548387096774
32,12,fixed_actual,55,0.004032258064516129
32,12,fixed_actual,56,0.012096774193548387
32,12,fixed_actual,57,0.012096774193548387
32,12,fixed_actual,58,0.004032258064516129
32,12,fixed_actual,59,0.012096774193548387
32,12,fixed_actual,60,0.004032258064516129
32,12,fixed_actual,61,0.004032258064516129
32,12,fixed_actual,63,0.004032258064516129
32,12,fixed_actual,65,0.004032258064516129
32,12,fixed_actual,67,0.008064516129032258
32,12,fixed_actual,69,0.020161290322580645
32,12,fixed_actual,70,0.004032258064516129
32,12,cont_sim,35,0.00015
32,12,cont_sim,36,0.00045
32,12,cont_sim,37,0.00205
32,12,cont_sim,38,0.00815
32,12,cont_sim,39,0.0181
32,12,cont_sim,40,0.0342
32,12,cont_sim,41,0.05605
32,12,cont_sim,42,0.07835
32,12,cont_sim,43,0.09955
32,12,cont_sim,44,0.1192
32,12,cont_sim,45,0.1238
32,12,cont_sim,46,0.12105
32,12,cont_sim,47,0.10585
32,12,cont_sim,48,0.08225
32,12,cont_sim,49,0.0597
32,12,cont_sim,50,0.0392
32,12,cont_sim,51,0.02525
32,12,cont_sim,52,0.0136
32,12,cont_sim,53,0.0074
32,12,cont_sim,54,0.00295
32,12,cont_sim,55,0.0016
32,12,cont_sim,56,0.00055
32,12,cont_sim,57,0.00025
32,12,cont_sim,58,0.00025
32,12,cont_sim,60,5e-05
32,13,predicted,32,8.04016629265727e-13
32,13,predicted,33,2.463057316615634e-10
32,13,predicted,34,2.5177067682773988e-08
32,13,predicted,35,1.4262500599598158e-06
32,13,predicted,36,4.3630939023332955e-05
32,13,predicted,37,0.0007017637773353818
32,13,predicted,38,0.005836923090080002
32,13,predicted,39,0.025480981062876436
32,13,predicted,40,0.06308956196797788
32,13,predicted,41,0.10297215441569423
32,13,predicted,42,0.13022791704275913
32,13,predicted,43,0.14071356447018113
32,13,predicted,44,0.13524574915991833
32,13,predicted,45,0.11768815825886589
32,13,predicted,46,0.09376439289789239
32,13,predicted,47,0.06900573493256867
32,13,predicted,48,0.047216702486646826
32,13,predicted,49,0.030153361158905847
32,13,predicted,50,0.018002369615421523
32,13,predicted,51,0.010052343310802772
32,13,predicted,52,0.005249930342318796
32,13,predicted,53,0.002564505231417629
32,13,predicted,54,0.0011719779022776333
32,13,predicted,55,0.0005013112759864078
32,13,predicted,56,0.00020085004970605804
32,13,predicted,57,7.543859620687351e-05
32,13,predicted,58,2.6588487802987382e-05
32,13,predicted,59,8.802001620769286e-06
32,13,predicted,60,2.7389797413904932e-06
32,13,predicted,61,8.014918024310831e-07
32,13,predicted,62,2.2053851137726716e-07
32,13,predicted,63,5.702513658631169e-08
32,13,predicted,64,1.3839124974805315e-08
32,13,predicted,65,3.1466068200948107e-09
32,13,predicted,66,6.688207865607867e-10
32,13,predicted,67,1.325424540119825e-10
32,13,predicted,68,2.4393280457081362e-11
32,13,predicted,69,4.115683742957204e-12
32,13,predicted,70,6.130341014082557e-13
32,13,predicted,71,6.663704052605838e-14
32,13,fixed_actual,39,0.024193548387096774
32,13,fixed_actual,40,0.020161290322580645
32,13,fixed_actual,41,0.04838709677419355
32,13,fixed_actual,42,0.07661290322580645
32,13,fixed_actual,43,0.07661290322580645
32,13,fixed_actual,44,0.08870967741935484
32,13,fixed_actual,45,0.08870967741935484
32,13,fixed_actual,46,0.08870967741935484
32,13,fixed_actual,47,0.06451612903225806
32,13,fixed_actual,48,0.05241935483870968
32,13,fixed_actual,49,0.05241935483870968
32,13,fixed_actual,50,0.028225806451612902
32,13,fixed_actual,51,0.012096774193548387
32,13,fixed_actual,52,0.028225806451612902
32,13,fixed_actual,53,0.008064516129032258
32,13,fixed_actual,54,0.016129032258064516
32,13,fixed_actual,55,0.012096774193548387
32,13,fixed_actual,56,0.020161290322580645
32,13,fixed_actual,57,0.012096774193548387
32,13,fixed_actual,58,0.012096774193548387
32,13,fixed_actual,59,0.004032258064516129
32,13,fixed_actual,60,0.020161290322580645
32,13,fixed_actual,61,0.004032258064516129
32,13,fixed_actual,62,0.012096774193548387
32,13,fixed_actual,63,0.04838709677419355
32,13,fixed_actual,64,0.07661290322580645
32,13,fixed_actual,65,0.004032258064516129
32,13,cont_sim,36,0.0001
32,13,cont_sim,37,0.00085
32,13,cont_sim,38,0.00625
32,13,cont_sim,39,0.02595
32,13,cont_sim,40,0.06555
32,13,cont_sim,41,0.1029
32,13,cont_sim,42,0.13335
32,13,cont_sim,43,0.1395
32,13,cont_sim,44,0.13175
32,13,cont_sim,45,0.11425
32,13,cont_sim,46,0.0933
32,13,cont_sim,47,0.07105
32,13,cont_sim,48,0.04455
32,13,cont_sim,49,0.0322
32,13,cont_sim,50,0.0192
32,13,cont_sim,51,0.00885
32,13,cont_sim,52,0.00515
32,13,cont_sim,53,0.0029
32,13,cont_sim,54,0.00135
32,13,cont_sim,55,0.00045
32,13,cont_sim,56,0.0003
32,13,cont_sim,57,0.00015
32,13,cont_sim,58,5e-05
32,13,cont_sim,60,5e-05
32,14,predicted,32,7.4680486153085124e-06
32,14,predicted,33,0.0003850554304809053
32,14,predicted,34,0.0031130925415078425
32,14,predicted,35,0.014195292750943464
32,14,predicted,36,0.04063828822455144
32,14,predicted,37,0.07866370384610193
32,14,predicted,38,0.11321388594665445
32,14,predicted,39,0.13260780308608378
32,14,predicted,40,0.13461752864355733
32,14,predicted,41,0.12293307448604536
32,14,predicted,42,0.1033350005324935
32,14,predicted,43,0.08119094294714815
32,14,predicted,44,0.060240368991634985
32,14,predicted,45,0.042472786306658385
32,14,predicted,46,0.0285527304365804
32,14,predicted,47,0.0183310569797404
32,14,predicted,48,0.011247018959093708
32,14,predicted,49,0.006597701435642131
32,14,predicted,50,0.0037024195553852306
32,14,predicted,51,0.0019891005368138652
32,14,predicted,52,0.0010242076850633366
32,14,predicted,53,0.0005062022301448191
32,14,predicted,54,0.00024059611794553784
32,14,predicted,55,0.00011022926482801915
32,14,predicted,56,4.88153381497404e-05
32,14,predicted,57,2.0962588228537633e-05
32,14,predicted,58,8.759014697324321e-06
32,14,predicted,59,3.5734978332070075e-06
32,14,predicted,60,1.4280251583566427e-06
32,14,predicted,61,5.603537662804716e-07
32,14,predicted,62,2.1622580419829742e-07
32,14,predicted,63,8.20679612993315e-08
32,14,predicted,64,3.0607927805743266e-08
32,14,predicted,65,1.1194980730223129e-08
32,14,predicted,66,4.004834594876112e-09
32,14,predicted,67,1.3970289023387204e-09
32,14,predicted,68,4.737440455664616e-10
32,14,predicted,69,1.5569493937147838e-10
32,14,predicted,70,4.9423245347139994e-11
32,14,predicted,71,1.5090292543801392e-11
32,14,predicted,72,4.386365924093259e-12
32,14,predicted,73,1.2202912791179613e-12
32,14,predicted,74,3.0343767618687734e-13
32,14,predicted,75,5.212030354539213e-14
32,14,fixed_actual,35,0.004032258064516129
32,14,fixed_actual,37,0.024193548387096774
32,14,fixed_actual,38,0.036290322580645164
32,14,fixed_actual,39,0.07258064516129033
32,14,fixed_actual,40,0.11290322580645161
32,14,fixed_actual,41,0.13709677419354838
32,14,fixed_actual,42,0.08064516129032258
32,14,fixed_actual,43,0.06854838709677419
32,14,fixed_actual,44,0.028225806451612902
32,14,fixed_actual,45,0.04435483870967742
32,14,fixed_actual,46,0.024193548387096774
32,14,fixed_actual,47,0.028225806451612902
32,14,fixed_actual,48,0.024193548387096774
32,14,fixed_actual,49,0.024193548387096774
32,14,fixed_actual,50,0.012096774193548387
32,14,fixed_actual,51,0.004032258064516129
32,14,fixed_actual,52,0.008064516129032258
32,14,fixed_actual,53,0.012096774193548387
32,14,fixed_actual,54,0.020161290322580645
32,14,fixed_actual,56,0.008064516129032258
32,14,fixed_actual,57,0.012096774193548387
32,14,fixed_actual,58,0.004032258064516129
32,14,fixed_actual,59,0.004032258064516129
32,14,fixed_actual,60,0.016129032258064516
32,14,fixed_actual,61,0.020161290322580645
32,14,fixed_actual,62,0.020161290322580645
32,14,fixed_actual,63,0.06451612903225806
32,14,fixed_actual,64,0.06048387096774194
32,14,fixed_actual,65,0.004032258064516129
32,14,fixed_actual,67,0.012096774193548387
32,14,fixed_actual,68,0.004032258064516129
32,14,fixed_actual,69,0.004032258064516129
32,14,cont_sim,33,0.0004
32,14,cont_sim,34,0.00285
32,14,cont_sim,35,0.01375
32,14,cont_sim,36,0.0414
32,14,cont_sim,37,0.08135
32,14,cont_sim,38,0.1126
32,14,cont_sim,39,0.13085
32,14,cont_sim,40,0.1372
32,14,cont_sim,41,0.1221
32,14,cont_sim,42,0.10265
32,14,cont_sim,43,0.07795
32,14,cont_sim,44,0.0609
32,14,cont_sim,45,0.0433
32,14,cont_sim,46,0.0271
32,14,cont_sim,47,0.0193
32,14,cont_sim,48,0.01175
32,14,cont_sim,49,0.00685
32,14,cont_sim,50,0.00345
32,14,cont_sim,51,0.00235
32,14,cont_sim,52,0.0009
32,14,cont_sim,53,0.0006
32,14,cont_sim,54,0.00015
32,14,cont_sim,55,0.0002
32,14,cont_sim,56,5e-05
32,15,predicted,32,9.027512320018833e-05
32,15,predicted,33,0.0034886272892776103
32,15,predicted,34,0.016367931965123216
32,15,predicted,35,0.04262198416616307
32,15,predicted,36,0.07781342989455459
32,15,predicted,37,0.10924589073148391
32,15,predicted,38,0.12600811586101338
32,15,predicted,39,0.1258896692427953
32,15,predicted,40,0.11370772810944318
32,15,predicted,41,0.09598781391941674
32,15,predicted,42,0.07739971948116244
32,15,predicted,43,0.06028974083284982
32,15,predicted,44,0.04557907004109581
32,15,predicted,45,0.03350899033036284
32,15,predicted,46,0.023984151415717806
32,15,predicted,47,0.016726549786085877
32,15,predicted,48,0.0113718382072875
32,15,predicted,49,0.007538354652399136
32,15,predicted,50,0.004871709578252023
32,15,predicted,51,0.0030680518033971843
32,15,predicted,52,0.0018817100324455287
32,15,predicted,53,0.0011231457801395696
32,15,predicted,54,0.0006519044432623959
32,15,predicted,55,0.00036768761940510035
32,15,predicted,56,0.00020138741738633692
32,15,predicted,57,0.00010705099314742883
32,15,predicted,58,5.519982094159998e-05
32,15,predicted,59,2.7598796563530918e-05
32,15,predicted,60,1.33749614872528e-05
32,15,predicted,61,6.280728541562713e-06
32,15,predicted,62,2.857076819521311e-06
32,15,predicted,63,1.2586814282724832e-06
32,15,predicted,64,5.36886810713729e-07
32,15,predicted,65,2.2167320056867787e-07
32,15,predicted,66,8.857156635670604e-08
32,15,predicted,67,3.423793147567599e-08
32,15,predicted,68,1.2800501815194009e-08
32,15,predicted,69,4.627205369716154e-09
32,15,predicted,70,1.6167330793374022e-09
32,15,predicted,71,5.457789786840234e-10
32,15,predicted,72,1.77942422847804e-10
32,15,predicted,73,5.59943286499479e-11
32,15,predicted,74,1.6979429894855683e-11
32,15,predicted,75,4.944236195939072e-12
32,15,predicted,76,1.3657457504964749e-12
32,15,predicted,77,3.385856503153828e-13
32,15,predicted,78,5.72483669060305e-14
32,15,fixed_actual,33,0.004032258064516129
32,15,fixed_actual,34,0.024193548387096774
32,15,fixed_actual,35,0.024193548387096774
32,15,fixed_actual,36,0.05241935483870968
32,15,fixed_actual,37,0.06854838709677419
32,15,fixed_actual,38,0.10080645161290322
32,15,fixed_actual,39,0.06854838709677419
32,15,fixed_actual,40,0.05241935483870968
32,15,fixed_actual,41,0.06854838709677419
32,15,fixed_actual,42,0.04838709677419355
32,15,fixed_actual,43,0.07258064516129033
32,15,fixed_actual,44,0.03225806451612903
32,15,fixed_actual,45,0.036290322580645164
32,15,fixed_actual,46,0.024193548387096774
32,15,fixed_actual,47,0.020161290322580645
32,15,fixed_actual,48,0.04032258064516129
32,15,fixed_actual,49,0.016129032258064516
32,15,fixed_actual,50,0.008064516129032258
32,15,fixed_actual,51,0.008064516129032258
32,15,fixed_actual,52,0.012096774193548387
32,15,fixed_actual,53,0.020161290322580645
32,15,fixed_actual,54,0.012096774193548387
32,15,fixed_actual,55,0.012096774193548387
32,15,fixed_actual,56,0.008064516129032258
32,15,fixed_actual,57,0.004032258064516129
32,15,fixed_actual,60,0.008064516129032258
32,15,fixed_actual,61,0.012096774193548387
32,15,fixed_actual,62,0.008064516129032258
32,15,fixed_actual,63,0.020161290322580645
32,15,fixed_actual,64,0.036290322580645164
32,15,fixed_actual,65,0.008064516129032258
32,15,fixed_actual,70,0.004032258064516129
32,15,fixed_actual,77,0.004032258064516129
32,15,fixed_actual,83,0.004032258064516129
32,15,fixed_actual,84,0.008064516129032258
32,15,fixed_actual,85,0.012096774193548387
32,15,fixed_actual,86,0.012096774193548387
32,15,fixed_actual,87,0.012096774193548387
32,15,fixed_actual,89,0.008064516129032258
32,15,fixed_actual,90,0.004032258064516129
32,15,cont_sim,32,0.0001
32,15,cont_sim,33,0.00295
32,15,cont_sim,34,0.01665
32,15,cont_sim,35,0.0398
32,15,cont_sim,36,0.0759
32,15,cont_sim,37,0.1107
32,15,cont_sim,38,0.12525
32,15,cont_sim,39,0.12855
32,15,cont_sim,40,0.11655
32,15,cont_sim,41,0.09695
32,15,cont_sim,42,0.0746
32,15,cont_sim,43,0.05715
32,15,cont_sim,44,0.0461
32,15,cont_sim,45,0.03385
32,15,cont_sim,46,0.0242
32,15,cont_sim,47,0.01775
32,15,cont_sim,48,0.0116
32,15,cont_sim,49,0.00805
32,15,cont_sim,50,0.0048
32,15,cont_sim,51,0.00315
32,15,cont_sim,52,0.0024
32,15,cont_sim,53,0.00135
32,15,cont_sim,54,0.0009
32,15,cont_sim,55,0.0003
32,15,cont_sim,56,0.00015
32,15,cont_sim,57,0.00015
32,15,cont_sim,58,0.0001
32,16,predicted,32,2.126083798201987e-05
32,16,predicted,33,0.0008344410285374793
32,16,predicted,34,0.004393269232771135
32,16,predicted,35,0.014655139821135033
32,16,predicted,36,0.0370538058392504
32,16,predicted,37,0.07287899949048872
32,16,predicted,38,0.11372784880195508
32,16,predicted,39,0.14453397640233134
32,16,predicted,40,0.15386058195555094
32,16,predicted,41,0.1407814213135212
32,16,predicted,42,0.11326672897996452
32,16,predicted,43,0.08176731473396433
32,16,predicted,44,0.05382747021148926
32,16,predicted,45,0.03264019291084723
32,16,predicted,46,0.018311150253011194
32,16,predicted,47,0.009513204078123491
32,16,predicted,48,0.004575947355122454
32,16,predicted,49,0.0020367665291459603
32,16,predicted,50,0.0008383742403123125
32,16,predicted,51,0.0003189192877005742
32,16,predicted,52,0.0001120367398660071
32,16,predicted,53,3.632046645530444e-05
32,16,predicted,54,1.0857159209450481e-05
32,16,predicted,55,2.990271181111894e-06
32,16,predicted,56,7.582092163112439e-07
32,16,predicted,57,1.7685233455669324e-07
32,16,predicted,58,3.791798788001873e-08
32,16,predicted,59,7.46752794487579e-09
32,16,predicted,60,1.3499021750068465e-09
32,16,predicted,61,2.238148935449497e-10
32,16,predicted,62,3.399747247707895e-11
32,16,predicted,63,4.704585102318719e-12
32,16,predicted,64,5.637035147965527e-13
32,16,predicted,65,3.3841903847264736e-14
32,16,fixed_actual,32,0.03225806451612903
32,16,fixed_actual,35,0.004032258064516129
32,16,fixed_actual,37,0.020161290322580645
32,16,fixed_actual,38,0.06048387096774194
32,16,fixed_actual,39,0.06451612903225806
32,16,fixed_actual,40,0.10483870967741936
32,16,fixed_actual,41,0.09274193548387097
32,16,fixed_actual,42,0.11290322580645161
32,16,fixed_actual,43,0.06854838709677419
32,16,fixed_actual,44,0.04838709677419355
32,16,fixed_actual,45,0.05241935483870968
32,16,fixed_actual,46,0.04032258064516129
32,16,fixed_actual,47,0.028225806451612902
32,16,fixed_actual,48,0.024193548387096774
32,16,fixed_actual,49,0.016129032258064516
32,16,fixed_actual,50,0.008064516129032258
32,16,fixed_actual,51,0.020161290322580645
32,16,fixed_actual,52,0.008064516129032258
32,16,fixed_actual,53,0.008064516129032258
32,16,fixed_actual,54,0.008064516129032258
32,16,fixed_actual,55,0.004032258064516129
32,16,fixed_actual,56,0.008064516129032258
32,16,fixed_actual,58,0.008064516129032258
32,16,fixed_actual,59,0.012096774193548387
32,16,fixed_actual,60,0.016129032258064516
32,16,fixed_actual,61,0.020161290322580645
32,16,fixed_actual,62,0.03225806451612903
32,16,fixed_actual,63,0.008064516129032258
32,16,fixed_actual,64,0.020161290322580645
32,16,fixed_actual,65,0.004032258064516129
32,16,fixed_actual,66,0.012096774193548387
32,16,fixed_actual,71,0.004032258064516129
32,16,fixed_actual,72,0.004032258064516129
32,16,fixed_actual,74,0.012096774193548387
32,16,fixed_actual,75,0.004032258064516129
32,16,fixed_actual,77,0.004032258064516129
32,16,fixed_actual,84,0.004032258064516129
32,16,cont_sim,32,5e-05
32,16,cont_sim,33,0.00105
32,16,cont_sim,34,0.00485
32,16,cont_sim,35,0.0153
32,16,cont_sim,36,0.03705
32,16,cont_sim,37,0.0702
32,16,cont_sim,38,0.1089
32,16,cont_sim,39,0.1423
32,16,cont_sim,40,0.15675
32,16,cont_sim,41,0.1386
32,16,cont_sim,42,0.115
32,16,cont_sim,43,0.0836
32,16,cont_sim,44,0.05685
32,16,cont_sim,45,0.0348
32,16,cont_sim,46,0.0173
32,16,cont_sim,47,0.01005
32,16,cont_sim,48,0.004
32,16,cont_sim,49,0.0022
32,16,cont_sim,50,0.00065
32,16,cont_sim,51,0.0003
32,16,cont_sim,52,0.00015
32,16,cont_sim,53,5e-05
32,17,predicted,32,2.871637602103181e-07
32,17,predicted,33,1.894286705521408e-05
32,17,predicted,34,0.00021418885880024162
32,17,predicted,35,0.0013731074402003596
32,17,predicted,36,0.005645588431409201
32,17,predicted,37,0.016201920249617235
32,17,predicted,38,0.03525830634177593
32,17,predicted,39,0.061775731122481685
32,17,predicted,40,0.08994529302833383
32,17,predicted,41,0.110983056664026
32,17,predicted,42,0.11872700101580173
32,17,predicted,43,0.11354186291018302
32,17,predicted,44,0.1004922901074165
32,17,predicted,45,0.08479408690273778
32,17,predicted,46,0.0693658275892777
32,17,predicted,47,0.055212988443968325
32,17,predicted,48,0.04259990033576321
32,17,predicted,49,0.03168322991439464
32,17,predicted,50,0.022607669221437775
32,17,predicted,51,0.015425373481445948
32,17,predicted,52,0.010041515748500079
32,17,predicted,53,0.006227150884773167
32,17,predicted,54,0.00367472921349674
32,17,predicted,55,0.0020616406216375205
32,17,predicted,56,0.0010987322214964968
32,17,predicted,57,0.0005557855388633391
32,17,predicted,58,0.0002666220527904884
32,17,predicted,59,0.00012119391438399115
32,17,predicted,60,5.215151592131097e-05
32,17,predicted,61,2.1224721686249242e-05
32,17,predicted,62,8.161602887345895e-06
32,17,predicted,63,2.962228835330078e-06
32,17,predicted,64,1.0136884860267939e-06
32,17,predicted,65,3.266990209877846e-07
32,17,predicted,66,9.904767038277395e-08
32,17,predicted,67,2.8214325216925315e-08
32,17,predicted,68,7.541858337657938e-09
32,17,predicted,69,1.889288675829077e-09
32,17,predicted,70,4.4291737830468043e-10
32,17,predicted,71,9.701436748602273e-11
32,17,predicted,72,1.9807334496842338e-11
32,17,predicted,73,3.747130609854441e-12
32,17,predicted,74,6.304658775483872e-13
32,17,predicted,75,7.496664470238969e-14
32,17,fixed_actual,32,0.004032258064516129
32,17,fixed_actual,33,0.016129032258064516
32,17,fixed_actual,34,0.008064516129032258
32,17,fixed_actual,35,0.008064516129032258
32,17,fixed_actual,36,0.004032258064516129
32,17,fixed_actual,37,0.012096774193548387
32,17,fixed_actual,38,0.008064516129032258
32,17,fixed_actual,39,0.016129032258064516
32,17,fixed_actual,40,0.06451612903225806
32,17,fixed_actual,41,0.08870967741935484
32,17,fixed_actual,42,0.10887096774193548
32,17,fixed_actual,43,0.0846774193548387
32,17,fixed_actual,44,0.08870967741935484
32,17,fixed_actual,45,0.06854838709677419
32,17,fixed_actual,46,0.03225806451612903
32,17,fixed_actual,47,0.04838709677419355
32,17,fixed_actual,48,0.06048387096774194
32,17,fixed_actual,49,0.036290322580645164
32,17,fixed_actual,50,0.016129032258064516
32,17,fixed_actual,51,0.016129032258064516
32,17,fixed_actual,52,0.016129032258064516
32,17,fixed_actual,53,0.020161290322580645
32,17,fixed_actual,55,0.012096774193548387
32,17,fixed_actual,57,0.012096774193548387
32,17,fixed_actual,58,0.008064516129032258
32,17,fixed_actual,59,0.008064516129032258
32,17,fixed_actual,60,0.004032258064516129
32,17,fixed_actual,61,0.012096774193548387
32,17,fixed_actual,63,0.016129032258064516
32,17,fixed_actual,64,0.06451612903225806
32,17,fixed_actual,65,0.004032258064516129
32,17,fixed_actual,73,0.004032258064516129
32,17,fixed_actual,75,0.012096774193548387
32,17,fixed_actual,76,0.008064516129032258
32,17,fixed_actual,77,0.004032258064516129
32,17,fixed_actual,78,0.004032258064516129
32,17,cont_sim,34,0.0001
32,17,cont_sim,35,0.00135
32,17,cont_sim,36,0.0055
32,17,cont_sim,37,0.01665
32,17,cont_sim,38,0.0355
32,17,cont_sim,39,0.0616
32,17,cont_sim,40,0.08695
32,17,cont_sim,41,0.11195
32,17,cont_sim,42,0.12005
32,17,cont_sim,43,0.1136
32,17,cont_sim,44,0.1022
32,17,cont_sim,45,0.08445
32,17,cont_sim,46,0.0708
32,17,cont_sim,47,0.05235
32,17,cont_sim,48,0.04065
32,17,cont_sim,49,0.0324
32,17,cont_sim,50,0.02255
32,17,cont_sim,51,0.01555
32,17,cont_sim,52,0.0103
32,17,cont_sim,53,0.007
32,17,cont_sim,54,0.0039
32,17,cont_sim,55,0.00235
32,17,cont_sim,56,0.00095
32,17,cont_sim,57,0.0008
32,17,cont_sim,58,0.0004
32,17,cont_sim,59,5e-05
32,17,cont_sim,60,5e-05
32,18,predicted,32,2.8203309477215784e-05
32,18,predicted,33,0.001133892246340791
32,18,predicted,34,0.006262977142162968
32,18,predicted,35,0.021216241773467818
32,18,predicted,36,0.05129154267542382
32,18,predicted,37,0.09191222337929153
32,18,predicted,38,0.12735826731993502
32,18,predicted,39,0.14365236171933002
32,18,predicted,40,0.13884947128504344
32,18,predicted,41,0.11988118015983235
32,18,predicted,42,0.09513864761840403
32,18,predicted,43,0.07069588676452339
32,18,predicted,44,0.04974702414756835
32,18,predicted,45,0.033332758392753306
32,18,predicted,46,0.021287297937044453
32,18,predicted,47,0.012930846177085929
32,18,predicted,48,0.007444766300627069
32,18,predicted,49,0.004046175076786796
32,18,predicted,50,0.002067617312914036
32,18,predicted,51,0.0009896246157589047
32,18,predicted,52,0.0004420417516460334
32,18,predicted,53,0.0001836139000770063
32,18,predicted,54,7.067284717323344e-05
32,18,predicted,55,2.5114383902678968e-05
32,18,predicted,56,8.20865873351672e-06
32,18,predicted,57,2.458039528423818e-06
32,18,predicted,58,6.715904258791776e-07
32,18,predicted,59,1.6674200091872695e-07
32,18,predicted,60,3.7474715220919125e-08
32,18,predicted,61,7.60024167874682e-09
32,18,predicted,62,1.388914182538769e-09
32,18,predicted,63,2.2916242773832446e-10
32,18,predicted,64,3.439374982744308e-11
32,18,predicted,65,4.7417600038308295e-12
32,18,predicted,66,5.644637212039494e-13
32,18,fixed_actual,35,0.008064516129032258
32,18,fixed_actual,36,0.024193548387096774
32,18,fixed_actual,37,0.04032258064516129
32,18,fixed_actual,38,0.06451612903225806
32,18,fixed_actual,39,0.09274193548387097
32,18,fixed_actual,40,0.0967741935483871
32,18,fixed_actual,41,0.12096774193548387
32,18,fixed_actual,42,0.11290322580645161
32,18,fixed_actual,43,0.0846774193548387
32,18,fixed_actual,44,0.04838709677419355
32,18,fixed_actual,45,0.028225806451612902
32,18,fixed_actual,46,0.012096774193548387
32,18,fixed_actual,47,0.008064516129032258
32,18,fixed_actual,48,0.016129032258064516
32,18,fixed_actual,49,0.012096774193548387
32,18,fixed_actual,50,0.004032258064516129
32,18,fixed_actual,51,0.004032258064516129
32,18,fixed_actual,53,0.008064516129032258
32,18,fixed_actual,54,0.004032258064516129
32,18,fixed_actual,55,0.004032258064516129
32,18,fixed_actual,58,0.008064516129032258
32,18,fixed_actual,59,0.004032258064516129
32,18,fixed_actual,60,0.008064516129032258
32,18,fixed_actual,61,0.008064516129032258
32,18,fixed_actual,62,0.012096774193548387
32,18,fixed_actual,63,0.008064516129032258
32,18,fixed_actual,64,0.10483870967741936
32,18,fixed_actual,65,0.004032258064516129
32,18,fixed_actual,66,0.004032258064516129
32,18,fixed_actual,67,0.008064516129032258
32,18,fixed_actual,68,0.004032258064516129
32,18,fixed_actual,92,0.004032258064516129
32,18,fixed_actual,93,0.004032258064516129
32,18,fixed_actual,94,0.004032258064516129
32,18,fixed_actual,95,0.016129032258064516
32,18,fixed_actual,96,0.004032258064516129
32,18,cont_sim,33,0.00105
32,18,cont_sim,34,0.00645
32,18,cont_sim,35,0.0205
32,18,cont_sim,36,0.05245
32,18,cont_sim,37,0.09195
32,18,cont_sim,38,0.1292
32,18,cont_sim,39,0.1449
32,18,cont_sim,40,0.1406
32,18,cont_sim,41,0.1177
32,18,cont_sim,42,0.09465
32,18,cont_sim,43,0.0705
32,18,cont_sim,44,0.047
32,18,cont_sim,45,0.0316
32,18,cont_sim,46,0.02205
32,18,cont_sim,47,0.0136
32,18,cont_sim,48,0.00705
32,18,cont_sim,49,0.00435
32,18,cont_sim,50,0.00245
32,18,cont_sim,51,0.0012
32,18,cont_sim,52,0.00055
32,18,cont_sim,53,0.0001
32,18,cont_sim,54,5e-05
32,18,cont_sim,56,5e-05
32,19,predicted,32,8.315678817216428e-10
32,19,predicted,33,7.402101202993285e-08
32,19,predicted,34,1.0174904324407365e-06
32,19,predicted,35,7.178070454929927e-06
32,19,predicted,36,3.2600645939155374e-05
32,19,predicted,37,0.00011121840472935263
32,19,predicted,38,0.00031456667688932693
32,19,predicted,39,0.0007794340250065787
32,19,predicted,40,0.0017489649744676652
32,19,predicted,41,0.003623841834041729
32,19,predicted,42,0.006993575647481265
32,19,predicted,43,0.012596552949116588
32,19,predicted,44,0.021165244712116168
32,19,predicted,45,0.033148485835174414
32,19,predicted,46,0.0483618237742586
32,19,predicted,47,0.0656933686880038
32,19,predicted,48,0.0830436624896536
32,19,predicted,49,0.09764004338389391
32,19,predicted,50,0.1067172826070072
32,19,predicted,51,0.10835609829107172
32,19,predicted,52,0.10213831382854194
32,19,predicted,53,0.08931523363799268
32,19,predicted,54,0.07239866953723262
32,19,predicted,55,0.05435692096379174
32,19,predicted,56,0.03776911105268004
32,19,predicted,57,0.024266423299142182
32,19,predicted,58,0.01440410891524149
32,19,predicted,59,0.007892284966201264
32,19,predicted,60,0.0039882582890643555
32,19,predicted,61,0.0018572288866401264
32,19,predicted,62,0.0007963430846999744
32,19,predicted,63,0.00031416368338897606
32,19,predicted,64,0.00011395182905978714
32,19,predicted,65,3.797576063306724e-05
32,19,predicted,66,1.162099906443892e-05
32,19,predicted,67,3.2635022604494987e-06
32,19,predicted,68,8.40611639506421e-07
32,19,predicted,69,1.9849779165365836e-07
32,19,predicted,70,4.294822293931742e-08
32,19,predicted,71,8.510152854251036e-09
32,19,predicted,72,1.5434214528181014e-09
32,19,predicted,73,2.560227795597516e-10
32,19,predicted,74,3.879107095796318e-11
32,19,predicted,75,5.331702482395919e-12
32,19,predicted,76,6.357877771075108e-13
32,19,predicted,77,3.671696634787915e-14
32,19,fixed_actual,32,0.008064516129032258
32,19,fixed_actual,33,0.008064516129032258
32,19,fixed_actual,34,0.004032258064516129
32,19,fixed_actual,35,0.004032258064516129
32,19,fixed_actual,36,0.004032258064516129
32,19,fixed_actual,37,0.004032258064516129
32,19,fixed_actual,40,0.012096774193548387
32,19,fixed_actual,41,0.020161290322580645
32,19,fixed_actual,42,0.024193548387096774
32,19,fixed_actual,43,0.056451612903225805
32,19,fixed_actual,44,0.024193548387096774
32,19,fixed_actual,45,0.024193548387096774
32,19,fixed_actual,46,0.06048387096774194
32,19,fixed_actual,47,0.06854838709677419
32,19,fixed_actual,48,0.0846774193548387
32,19,fixed_actual,49,0.05241935483870968
32,19,fixed_actual,50,0.056451612903225805
32,19,fixed_actual,51,0.056451612903225805
32,19,fixed_actual,52,0.056451612903225805
32,19,fixed_actual,53,0.03225806451612903
32,19,fixed_actual,54,0.024193548387096774
32,19,fixed_actual,55,0.04032258064516129
32,19,fixed_actual,56,0.016129032258064516
32,19,fixed_actual,57,0.024193548387096774
32,19,fixed_actual,58,0.008064516129032258
32,19,fixed_actual,59,0.016129032258064516
32,19,fixed_actual,60,0.012096774193548387
32,19,fixed_actual,61,0.020161290322580645
32,19,fixed_actual,62,0.008064516129032258
32,19,fixed_actual,63,0.028225806451612902
32,19,fixed_actual,64,0.028225806451612902
32,19,fixed_actual,65,0.004032258064516129
32,19,fixed_actual,66,0.04435483870967742
32,19,fixed_actual,67,0.024193548387096774
32,19,fixed_actual,68,0.020161290322580645
32,19,fixed_actual,69,0.004032258064516129
32,19,fixed_actual,70,0.004032258064516129
32,19,fixed_actual,72,0.004032258064516129
32,19,fixed_actual,74,0.004032258064516129
32,19,fixed_actual,76,0.004032258064516129
32,19,cont_sim,37,0.0001
32,19,cont_sim,38,0.0003
32,19,cont_sim,39,0.0007
32,19,cont_sim,40,0.0021
32,19,cont_sim,41,0.0038
32,19,cont_sim,42,0.0085
32,19,cont_sim,43,0.01075
32,19,cont_sim,44,0.01975
32,19,cont_sim,45,0.0312
32,19,cont_sim,46,0.04885
32,19,cont_sim,47,0.06335
32,19,cont_sim,48,0.08775
32,19,cont_sim,49,0.10105
32,19,cont_sim,50,0.10825
32,19,cont_sim,51,0.10815
32,19,cont_sim,52,0.0983
32,19,cont_sim,53,0.0909
32,19,cont_sim,54,0.07295
32,19,cont_sim,55,0.05635
32,19,cont_sim,56,0.03765
32,19,cont_sim,57,0.02185
32,19,cont_sim,58,0.0124
32,19,cont_sim,59,0.00805
32,19,cont_sim,60,0.0037
32,19,cont_sim,61,0.00205
32,19,cont_sim,62,0.00055
32,19,cont_sim,63,0.00045
32,19,cont_sim,64,0.00015
32,19,cont_sim,65,5e-05
32,20,predicted,32,0.00013261958688945213
32,20,predicted,33,0.00478796633374645
32,20,predicted,34,0.020609659539271824
32,20,predicted,35,0.05044240598173591
32,20,predicted,36,0.08821468373306593
32,20,predicted,37,0.12003437289285532
32,20,predicted,38,0.13596054444621677
32,20,predicted,39,0.13467770276414323
32,20,predicted,40,0.12021562668277871
32,20,predicted,41,0.0985680884497879
32,20,predicted,42,0.07534611683750217
32,20,predicted,43,0.05432787042789239
32,20,predicted,44,0.03724427930333629
32,20,predicted,45,0.02437390446924547
32,20,predicted,46,0.015244020772192293
32,20,predicted,47,0.00910571774706202
32,20,predicted,48,0.0051870435558981276
32,20,predicted,49,0.0028123899803308024
32,20,predicted,50,0.001448231181657638
32,20,predicted,51,0.0007066627686081581
32,20,predicted,52,0.00032597526751715453
32,20,predicted,53,0.0001418212994494734
32,20,predicted,54,5.8060066407182104e-05
32,20,predicted,55,2.231503102477524e-05
32,20,predicted,56,8.033648043155087e-06
32,20,predicted,57,2.702947450107719e-06
32,20,predicted,58,8.479802688423343e-07
32,20,predicted,59,2.4749717311025783e-07
32,20,predicted,60,6.705111657396663e-08
32,20,predicted,61,1.6823502314309097e-08
32,20,predicted,62,3.9006785693481985e-09
32,20,predicted,63,8.339191221016371e-10
32,20,predicted,64,1.640022727124774e-10
32,20,predicted,65,2.959384839924125e-11
32,20,predicted,66,4.866722892871346e-12
32,20,predicted,67,7.08100013638988e-13
32,20,predicted,68,6.189943443512146e-14
32,20,fixed_actual,33,0.004032258064516129
32,20,fixed_actual,34,0.024193548387096774
32,20,fixed_actual,35,0.056451612903225805
32,20,fixed_actual,36,0.07661290322580645
32,20,fixed_actual,37,0.0846774193548387
32,20,fixed_actual,38,0.06048387096774194
32,20,fixed_actual,39,0.07258064516129033
32,20,fixed_actual,40,0.09274193548387097
32,20,fixed_actual,41,0.056451612903225805
32,20,fixed_actual,42,0.06854838709677419
32,20,fixed_actual,43,0.05241935483870968
32,20,fixed_actual,44,0.020161290322580645
32,20,fixed_actual,45,0.03225806451612903
32,20,fixed_actual,46,0.04032258064516129
32,20,fixed_actual,47,0.008064516129032258
32,20,fixed_actual,48,0.004032258064516129
32,20,fixed_actual,49,0.008064516129032258
32,20,fixed_actual,51,0.012096774193548387
32,20,fixed_actual,52,0.020161290322580645
32,20,fixed_actual,53,0.004032258064516129
32,20,fixed_actual,55,0.004032258064516129
32,20,fixed_actual,56,0.008064516129032258
32,20,fixed_actual,57,0.004032258064516129
32,20,fixed_actual,58,0.008064516129032258
32,20,fixed_actual,59,0.004032258064516129
32,20,fixed_actual,60,0.016129032258064516
32,20,fixed_actual,61,0.012096774193548387
32,20,fixed_actual,62,0.036290322580645164
32,20,fixed_actual,63,0.036290322580645164
32,20,fixed_actual,64,0.004032258064516129
32,20,fixed_actual,65,0.004032258064516129
32,20,fixed_actual,68,0.004032258064516129
32,20,fixed_actual,69,0.008064516129032258
32,20,fixed_actual,70,0.004032258064516129
32,20,fixed_actual,71,0.012096774193548387
32,20,fixed_actual,72,0.004032258064516129
32,20,fixed_actual,76,0.008064516129032258
32,20,fixed_actual,77,0.004032258064516129
32,20,fixed_actual,79,0.008064516129032258
32,20,fixed_actual,81,0.008064516129032258
32,20,fixed_actual,82,0.004032258064516129
32,20,cont_sim,32,0.0001
32,20,cont_sim,33,0.0051
32,20,cont_sim,34,0.01895
32,20,cont_sim,35,0.0516
32,20,cont_sim,36,0.0885
32,20,cont_sim,37,0.12165
32,20,cont_sim,38,0.13565
32,20,cont_sim,39,0.1336
32,20,cont_sim,40,0.12135
32,20,cont_sim,41,0.1009
32,20,cont_sim,42,0.07205
32,20,cont_sim,43,0.052
32,20,cont_sim,44,0.035
32,20,cont_sim,45,0.0257
32,20,cont_sim,46,0.01645
32,20,cont_sim,47,0.01065
32,20,cont_sim,48,0.0048
32,20,cont_sim,49,0.00325
32,20,cont_sim,50,0.0017
32,20,cont_sim,51,0.0004
32,20,cont_sim,52,0.00045
32,20,cont_sim,53,5e-05
32,20,cont_sim,54,0.0001
32,21,predicted,32,5.35979341133872e-10
32,21,predicted,33,4.741994754106278e-08
32,21,predicted,34,6.721675507204439e-07
32,21,predicted,35,5.615681285103037e-06
32,21,predicted,36,3.416390989969495e-05
32,21,predicted,37,0.00016438237480441333
32,21,predicted,38,0.000647273880595665
32,21,predicted,39,0.0021126535595735576
32,21,predicted,40,0.005761172474702525
32,21,predicted,41,0.013257091701019257
32,21,predicted,42,0.02609466926296014
32,21,predicted,43,0.044662602663627725
32,21,predicted,44,0.06757734490580578
32,21,predicted,45,0.09160603969933982
32,21,predicted,46,0.11217032693187245
32,21,predicted,47,0.12449848036132517
32,21,predicted,48,0.12532435905865588
32,21,predicted,49,0.11435373163024744
32,21,predicted,50,0.09450293175025391
32,21,predicted,51,0.07066817519465124
32,21,predicted,52,0.04776805219108507
32,21,predicted,53,0.029151094562268345
32,21,predicted,54,0.0160377665690032
32,21,predicted,55,0.007940835599076856
32,21,predicted,56,0.0035316671478296214
32,21,predicted,57,0.001407825621279876
32,21,predicted,58,0.0005018361942435402
32,21,predicted,59,0.00015957284240731632
32,21,predicted,60,4.515120798188118e-05
32,21,predicted,61,1.134129085541445e-05
32,21,predicted,62,2.5235291990061357e-06
32,21,predicted,63,4.965286030249741e-07
32,21,predicted,64,8.628553747860612e-08
32,21,predicted,65,1.3235300405160607e-08
32,21,predicted,66,1.7921053800394441e-09
32,21,predicted,67,2.143181035182747e-10
32,21,predicted,68,2.262414453193281e-11
32,21,predicted,69,2.0664531819354467e-12
32,21,predicted,70,1.174033051325967e-13
32,21,fixed_actual,35,0.004032258064516129
32,21,fixed_actual,37,0.004032258064516129
32,21,fixed_actual,38,0.008064516129032258
32,21,fixed_actual,39,0.020161290322580645
32,21,fixed_actual,40,0.028225806451612902
32,21,fixed_actual,41,0.012096774193548387
32,21,fixed_actual,42,0.04435483870967742
32,21,fixed_actual,43,0.036290322580645164
32,21,fixed_actual,44,0.024193548387096774
32,21,fixed_actual,45,0.036290322580645164
32,21,fixed_actual,46,0.07661290322580645
32,21,fixed_actual,47,0.10080645161290322
32,21,fixed_actual,48,0.06048387096774194
32,21,fixed_actual,49,0.0967741935483871
32,21,fixed_actual,50,0.0846774193548387
32,21,fixed_actual,51,0.06048387096774194
32,21,fixed_actual,52,0.04838709677419355
32,21,fixed_actual,53,0.020161290322580645
32,21,fixed_actual,54,0.016129032258064516
32,21,fixed_actual,55,0.004032258064516129
32,21,fixed_actual,56,0.004032258064516129
32,21,fixed_actual,57,0.008064516129032258
32,21,fixed_actual,58,0.012096774193548387
32,21,fixed_actual,59,0.008064516129032258
32,21,fixed_actual,60,0.004032258064516129
32,21,fixed_actual,61,0.016129032258064516
32,21,fixed_actual,62,0.016129032258064516
32,21,fixed_actual,63,0.036290322580645164
32,21,fixed_actual,64,0.05241935483870968
32,21,fixed_actual,65,0.020161290322580645
32,21,fixed_actual,66,0.004032258064516129
32,21,fixed_actual,67,0.008064516129032258
32,21,fixed_actual,68,0.004032258064516129
32,21,fixed_actual,69,0.008064516129032258
32,21,fixed_actual,70,0.012096774193548387
32,21,cont_sim,36,5e-05
32,21,cont_sim,37,0.0001
32,21,cont_sim,38,0.00065
32,21,cont_sim,39,0.00185
32,21,cont_sim,40,0.0057
32,21,cont_sim,41,0.01315
32,21,cont_sim,42,0.0259
32,21,cont_sim,43,0.0476
32,21,cont_sim,44,0.0668
32,21,cont_sim,45,0.0896
32,21,cont_sim,46,0.11265
32,21,cont_sim,47,0.1225
32,21,cont_sim,48,0.125
32,21,cont_sim,49,0.11735
32,21,cont_sim,50,0.09275
32,21,cont_sim,51,0.0714
32,21,cont_sim,52,0.04745
32,21,cont_sim,53,0.0291
32,21,cont_sim,54,0.0163
32,21,cont_sim,55,0.008
32,21,cont_sim,56,0.0039
32,21,cont_sim,57,0.00125
32,21,cont_sim,58,0.0008
32,21,cont_sim,59,0.0001
32,21,cont_sim,60,5e-05
32,22,predicted,32,7.06665428647102e-05
32,22,predicted,33,0.0032555952476890386
32,22,predicted,34,0.017883895678454734
32,22,predicted,35,0.05048262928589789
32,22,predicted,36,0.0953088175492564
32,22,predicted,37,0.13574551905421858
32,22,predicted,38,0.15724401836562815
32,22,predicted,39,0.15499868314638945
32,22,predicted,40,0.13323968216422094
32,22,predicted,41,0.1011732752123714
32,22,predicted,42,0.06835544214247263
32,22,predicted,43,0.04128488140508235
32,22,predicted,44,0.022367515947264428
32,22,predicted,45,0.010900996345029853
32,22,predicted,46,0.004790431493075496
32,22,predicted,47,0.0019021772633157235
32,22,predicted,48,0.0006837364590375541
32,22,predicted,49,0.00022283022719031624
32,22,predicted,50,6.593141273606087e-05
32,22,predicted,51,1.773107058379797e-05
32,22,predicted,52,4.338157692320683e-06
32,22,predicted,53,9.6632074867389e-07
32,22,predicted,54,1.9606931052835993e-07
32,22,predicted,55,3.624838222010423e-08
32,22,predicted,56,6.105663538431448e-09
32,22,predicted,57,9.364804701965769e-10
32,22,predicted,58,1.305843232729353e-10
32,22,predicted,59,1.6449906486332103e-11
32,22,predicted,60,1.8034818209976676e-12
32,22,predicted,61,1.0498317606722037e-13
32,22,fixed_actual,34,0.012096774193548387
32,22,fixed_actual,35,0.04032258064516129
32,22,fixed_actual,36,0.04032258064516129
32,22,fixed_actual,37,0.07661290322580645
32,22,fixed_actual,38,0.08064516129032258
32,22,fixed_actual,39,0.125
32,22,fixed_actual,40,0.06048387096774194
32,22,fixed_actual,41,0.08870967741935484
32,22,fixed_actual,42,0.07258064516129033
32,22,fixed_actual,43,0.056451612903225805
32,22,fixed_actual,44,0.04838709677419355
32,22,fixed_actual,45,0.028225806451612902
32,22,fixed_actual,46,0.020161290322580645
32,22,fixed_actual,47,0.024193548387096774
32,22,fixed_actual,49,0.016129032258064516
32,22,fixed_actual,50,0.008064516129032258
32,22,fixed_actual,52,0.004032258064516129
32,22,fixed_actual,53,0.004032258064516129
32,22,fixed_actual,56,0.004032258064516129
32,22,fixed_actual,57,0.012096774193548387
32,22,fixed_actual,58,0.004032258064516129
32,22,fixed_actual,59,0.012096774193548387
32,22,fixed_actual,60,0.004032258064516129
32,22,fixed_actual,61,0.020161290322580645
32,22,fixed_actual,62,0.020161290322580645
32,22,fixed_actual,63,0.020161290322580645
32,22,fixed_actual,64,0.0846774193548387
32,22,fixed_actual,65,0.012096774193548387
32,22,cont_sim,33,0.0031
32,22,cont_sim,34,0.01675
32,22,cont_sim,35,0.05255
32,22,cont_sim,36,0.0961
32,22,cont_sim,37,0.13245
32,22,cont_sim,38,0.1564
32,22,cont_sim,39,0.1571
32,22,cont_sim,40,0.13465
32,22,cont_sim,41,0.10155
32,22,cont_sim,42,0.0668
32,22,cont_sim,43,0.04165
32,22,cont_sim,44,0.0242
32,22,cont_sim,45,0.0097
32,22,cont_sim,46,0.00485
32,22,cont_sim,47,0.0015
32,22,cont_sim,48,0.00035
32,22,cont_sim,49,0.00025
32,22,cont_sim,53,5e-05
32,23,predicted,32,2.8939621441346735e-12
32,23,predicted,33,9.157100678135639e-10
32,23,predicted,34,5.64761741648426e-08
32,23,predicted,35,1.4892071854173795e-06
32,23,predicted,36,2.0409745286528625e-05
32,23,predicted,37,0.00017495152238495304
32,23,predicted,38,0.001056505563734083
32,23,predicted,39,0.004705618528241977
32,23,predicted,40,0.01570795685042329
32,23,predicted,41,0.039790042688748715
32,23,predicted,42,0.07762961738133557
32,23,predicted,43,0.11888882727906311
32,23,predicted,44,0.14652926269162353
32,23,predicted,45,0.15002910735519825
32,23,predicted,46,0.13245277959235932
32,23,predicted,47,0.10466719774488717
32,23,predicted,48,0.07628860151511441
32,23,predicted,49,0.05222424777760248
32,23,predicted,50,0.03383270389256535
32,23,predicted,51,0.020774392267898456
32,23,predicted,52,0.012081215983039446
32,23,predicted,53,0.006645370552498331
32,23,predicted,54,0.003453395403043582
32,23,predicted,55,0.0016940415614414388
32,23,predicted,56,0.000784026751393383
32,23,predicted,57,0.00034226844668528784
32,23,predicted,58,0.00014093494322899432
32,23,predicted,59,5.4742541205211335e-05
32,23,predicted,60,2.006074578947162e-05
32,23,predicted,61,6.936606144020086e-06
32,23,predicted,62,2.263453797349843e-06
32,23,predicted,63,6.970145014859832e-07
32,23,predicted,64,2.0255625756069458e-07
32,23,predicted,65,5.554355634258849e-08
32,23,predicted,66,1.4368627501708265e-08
32,23,predicted,67,3.5055634246173044e-09
32,23,predicted,68,8.062546107632839e-10
32,23,predicted,69,1.7470026800806602e-10
32,23,predicted,70,3.562795015963094e-11
32,23,predicted,71,6.81756416857671e-12
32,23,predicted,72,1.208679024626057e-12
32,23,predicted,73,1.8173836670699347e-13
32,23,fixed_actual,34,0.004032258064516129
32,23,fixed_actual,35,0.016129032258064516
32,23,fixed_actual,36,0.008064516129032258
32,23,fixed_actual,37,0.004032258064516129
32,23,fixed_actual,38,0.008064516129032258
32,23,fixed_actual,39,0.004032258064516129
32,23,fixed_actual,40,0.04032258064516129
32,23,fixed_actual,41,0.05241935483870968
32,23,fixed_actual,42,0.06854838709677419
32,23,fixed_actual,43,0.10080645161290322
32,23,fixed_actual,44,0.0967741935483871
32,23,fixed_actual,45,0.10080645161290322
32,23,fixed_actual,46,0.10483870967741936
32,23,fixed_actual,47,0.06451612903225806
32,23,fixed_actual,48,0.07258064516129033
32,23,fixed_actual,49,0.016129032258064516
32,23,fixed_actual,50,0.04435483870967742
32,23,fixed_actual,51,0.012096774193548387
32,23,fixed_actual,52,0.020161290322580645
32,23,fixed_actual,53,0.012096774193548387
32,23,fixed_actual,55,0.004032258064516129
32,23,fixed_actual,56,0.008064516129032258
32,23,fixed_actual,57,0.016129032258064516
32,23,fixed_actual,59,0.012096774193548387
32,23,fixed_actual,60,0.008064516129032258
32,23,fixed_actual,61,0.016129032258064516
32,23,fixed_actual,62,0.008064516129032258
32,23,fixed_actual,63,0.012096774193548387
32,23,fixed_actual,64,0.024193548387096774
32,23,fixed_actual,66,0.004032258064516129
32,23,fixed_actual,68,0.004032258064516129
32,23,fixed_actual,95,0.008064516129032258
32,23,fixed_actual,96,0.024193548387096774
32,23,cont_sim,36,0.0001
32,23,cont_sim,37,5e-05
32,23,cont_sim,38,0.0012
32,23,cont_sim,39,0.00455
32,23,cont_sim,40,0.01695
32,23,cont_sim,41,0.0418
32,23,cont_sim,42,0.07485
32,23,cont_sim,43,0.12075
32,23,cont_sim,44,0.14925
32,23,cont_sim,45,0.1507
32,23,cont_sim,46,0.1302
32,23,cont_sim,47,0.10375
32,23,cont_sim,48,0.0746
32,23,cont_sim,49,0.052
32,23,cont_sim,50,0.03455
32,23,cont_sim,51,0.01975
32,23,cont_sim,52,0.01115
32,23,cont_sim,53,0.0072
32,23,cont_sim,54,0.0034
32,23,cont_sim,55,0.0019
32,23,cont_sim,56,0.00075
32,23,cont_sim,57,0.00035
32,23,cont_sim,58,5e-05
32,23,cont_sim,59,0.00015
