layer,x,gumbel_pred_prob,fixed_actual_prob,arrival_departure_sim_prob
0,1,2.261014113681324e-248,0.0,0.0
0,2,2.0392500964049256e-130,0.0,0.0
0,3,2.4883536623580376e-68,0.0,0.0
0,4,1.0311560187375528e-35,0.0,0.0
0,5,1.221047983165719e-18,0.0,0.0
0,6,9.144469273173865e-10,0.0,0.0
0,7,3.24245449653859e-05,0.0,0.0
0,8,0.006017802798485464,0.0,0.012096774193548387
0,9,0.06994635036194406,0.012096774193548387,0.08870967741935484
0,10,0.18854793887866392,0.03225806451612903,0.1693548387096774
0,11,0.23513077426257084,0.08870967741935484,0.2217741935483871
0,12,0.19526158662409906,0.13306451612903225,0.21370967741935484
0,13,0.1308529352712415,0.125,0.14112903225806453
0,14,0.07831073249836967,0.09274193548387097,0.09274193548387097
0,15,0.044151468892279694,0.06854838709677419,0.036290322580645164
0,16,0.0241212727821891,0.06854838709677419,0.016129032258064516
0,17,0.01296120587401371,0.05241935483870968,0.004032258064516129
0,18,0.006903790621251902,0.028225806451612902,0.004032258064516129
0,19,0.0036603604677681676,0.016129032258064516,0.0
0,20,0.0019359851425129952,0.012096774193548387,0.0
0,21,0.0010226383583829721,0.016129032258064516,0.0
0,22,0.000539818487782423,0.004032258064516129,0.0
0,23,0.00028485126450391473,0.028225806451612902,0.0
0,24,0.00015028188878789877,0.004032258064516129,0.0
0,25,7.927786316911383e-05,0.016129032258064516,0.0
0,26,4.1819076607526936e-05,0.008064516129032258,0.0
0,27,2.205895438035151e-05,0.004032258064516129,0.0
0,28,1.1635607580071718e-05,0.020161290322580645,0.0
0,29,6.137476822448279e-06,0.012096774193548387,0.0
0,30,3.237344374967698e-06,0.004032258064516129,0.0
0,31,1.7076033770962776e-06,0.020161290322580645,0.0
0,32,9.00709242082185e-07,0.13306451612903225,0.0
0,33,4.750966565637235e-07,0.0,0.0
0,34,2.5059891867999675e-07,0.0,0.0
0,35,1.3218322368978605e-07,0.0,0.0
0,36,6.972257976469539e-08,0.0,0.0
0,37,3.67765119433892e-08,0.0,0.0
0,38,1.939847610873853e-08,0.0,0.0
0,39,1.0232097896880502e-08,0.0,0.0
0,40,5.397116045381054e-09,0.0,0.0
0,41,2.8468122370243378e-09,0.0,0.0
0,42,1.5016056407642377e-09,0.0,0.0
0,43,7.920506553994454e-10,0.0,0.0
0,44,4.177822880783661e-10,0.0,0.0
0,45,2.203672694339391e-10,0.0,0.0
0,46,1.1623693683629648e-10,0.0,0.0
0,47,6.131139855184395e-11,0.0,0.0
0,48,3.2339871425936453e-11,0.0,0.0
0,49,1.7058284569048878e-11,0.0,0.0
0,50,8.997718902555553e-12,0.0,0.0
0,51,4.746019162783716e-12,0.0,0.0
0,52,2.5033787049117333e-12,0.0,0.0
0,53,1.3204550435315657e-12,0.0,0.0
0,54,6.964993025487515e-13,0.0,0.0
0,55,3.6738189673859566e-13,0.0,0.0
0,56,1.9378261766711433e-13,0.0,0.0
0,57,1.0221435308401499e-13,0.0,0.0
0,58,5.391491818079637e-14,0.0,0.0
0,59,2.8438456192669895e-14,0.0,0.0
0,60,1.5000408382525426e-14,0.0,0.0
0,61,7.912252694664035e-15,0.0,0.0
0,62,4.173469222154488e-15,0.0,0.0
0,63,2.2013762730324746e-15,0.0,0.0
0,64,1.1611580767735112e-15,0.0,0.0
0,65,6.124750665178399e-16,0.0,0.0
0,66,3.2306170418104036e-16,0.0,0.0
0,67,1.7040508326606097e-16,0.0,0.0
0,68,8.988342482908667e-17,0.0,0.0
0,69,4.7410733906288044e-17,0.0,0.0
0,70,2.5007699626566125e-17,0.0,0.0
0,71,1.3190790124630733e-17,0.0,0.0
0,72,6.957734886067475e-18,0.0,0.0
0,73,3.669990522736426e-18,0.0,0.0
0,74,1.935806790216448e-18,0.0,0.0
0,75,1.021078366778452e-18,0.0,0.0
0,76,5.385873406231698e-19,0.0,0.0
0,77,2.8408820803317974e-19,0.0,0.0
0,78,1.4984776628823685e-19,0.0,0.0
0,79,7.90400742678891e-20,0.0,0.0
0,80,4.169120097697312e-20,0.0,0.0
0,81,2.1990822440415163e-20,0.0,0.0
0,82,1.1599480472461492e-20,0.0,0.0
0,83,6.118368132687053e-21,0.0,0.0
0,84,3.2272504528072488e-21,0.0,0.0
0,85,1.7022750608127538e-21,0.0,0.0
0,86,8.97897583419484e-22,0.0,0.0
0,87,4.736132772371184e-22,0.0,0.0
0,88,2.4981639389321226e-22,0.0,0.0
0,89,1.3177044153380729e-22,0.0,0.0
0,90,6.950484310263749e-23,0.0,0.0
0,91,3.666166067663101e-23,0.0,0.0
0,92,1.9337895081406618e-23,0.0,0.0
0,93,1.0200143127118554e-23,0.0,0.0
0,94,5.3802608492658736e-24,0.0,0.0
0,95,2.837921629666452e-24,0.0,0.0
0,96,1.4969161164792997e-24,0.0,0.0
0,97,7.895770751212796e-25,0.0,0.0
0,98,4.164775505412901e-25,0.0,0.0
0,99,2.196790605631885e-25,0.0,0.0
0,100,1.1587392786766932e-25,0.0,0.0
0,101,6.111992251359642e-26,0.0,0.0
0,102,3.22388737208792e-26,0.0,0.0
0,103,1.7005011394763935e-26,0.0,0.0
0,104,8.969618946358249e-27,0.0,0.0
0,105,4.731197302675274e-27,0.0,0.0
0,106,2.4955606309150964e-27,0.0,0.0
0,107,1.3163312506649865e-27,0.0,0.0
0,108,6.943241290202039e-28,0.0,0.0
0,109,3.662345598010586e-28,0.0,0.0
0,110,1.9317743282514128e-28,0.0,0.0
0,111,1.0189513674838024e-28,0.0,0.0
0,112,5.374654141081393e-29,0.0,0.0
0,113,2.834964264052824e-29,0.0,0.0
0,114,1.4953561973458452e-29,0.0,0.0
0,115,7.887542658982036e-30,0.0,0.0
0,116,4.160435440578299e-30,0.0,0.0
0,117,2.1945013553123676e-30,0.0,0.0
0,118,1.1575317697511052e-30,0.0,0.0
0,119,6.105623014265152e-31,0.0,0.0
0,120,3.2205277959964764e-31,0.0,0.0
0,121,1.6987290667231325e-31,0.0,0.0
0,122,8.960271809227392e-32,0.0,0.0
0,123,4.726266976175752e-32,0.0,0.0
0,124,2.4929600357755085e-32,0.0,0.0
0,125,1.3149595169510632e-32,0.0,0.0
0,126,6.936005818008547e-33,0.0,0.0
0,127,3.658529109625722e-33,0.0,0.0
0,128,1.9297612483580365e-33,0.0,0.0
1,1,5.1667098116994415e-226,0.0,0.0
1,2,9.09544412985957e-126,0.0,0.0
1,3,7.279021951828425e-70,0.0,0.0
1,4,9.725336816283935e-39,0.0,0.0
1,5,1.856634834371186e-21,0.0,0.0
1,6,6.505764695890623e-12,0.0,0.0
1,7,1.084038047778544e-06,0.0,0.0
1,8,0.000693908691727991,0.004032258064516129,0.0
1,9,0.01985385306765501,0.03225806451612903,0.04435483870967742
1,10,0.10004598059284049,0.10080645161290322,0.09274193548387097
1,11,0.1910438398645494,0.1693548387096774,0.1814516129032258
1,12,0.2121223943237054,0.13306451612903225,0.16129032258064516
1,13,0.17396410056810568,0.11693548387096774,0.21774193548387097
1,14,0.12045057790456205,0.04435483870967742,0.14112903225806453
1,15,0.07587082710376007,0.06048387096774194,0.07258064516129033
1,16,0.045329862562371925,0.024193548387096774,0.06048387096774194
1,17,0.026294598613621715,0.008064516129032258,0.016129032258064516
1,18,0.015003100961695092,0.004032258064516129,0.012096774193548387
1,19,0.008481846485330825,0.012096774193548387,0.0
1,20,0.004770477227860877,0.012096774193548387,0.0
1,21,0.0026753630908841384,0.004032258064516129,0.0
1,22,0.0014979760800979398,0.012096774193548387,0.0
1,23,0.0008379856422563504,0.024193548387096774,0.0
1,24,0.0004685437012870811,0.0,0.0
1,25,0.00026190375234623676,0.024193548387096774,0.0
1,26,0.00014637443015861937,0.012096774193548387,0.0
1,27,8.179950021866465e-05,0.008064516129032258,0.0
1,28,4.571037813295762e-05,0.004032258064516129,0.0
1,29,2.554271708075442e-05,0.008064516129032258,0.0
1,30,1.4272916702772798e-05,0.0,0.0
1,31,7.975440120726726e-06,0.016129032258064516,0.0
1,32,4.456506175966262e-06,0.16532258064516128,0.0
1,33,2.4901941475826748e-06,0.0,0.0
1,34,1.391461697553401e-06,0.0,0.0
1,35,7.775152973047079e-07,0.0,0.0
1,36,4.344566273249287e-07,0.0,0.0
1,37,2.4276372772454664e-07,0.0,0.0
1,38,1.3565040841253233e-07,0.0,0.0
1,39,7.579811028910204e-08,0.0,0.0
1,40,4.2354116953587284e-08,0.0,0.0
1,41,2.3666436677564218e-08,0.0,0.0
1,42,1.3224221335834575e-08,0.0,0.0
1,43,7.389368789959036e-09,0.0,0.0
1,44,4.128997049113771e-09,0.0,0.0
1,45,2.307181719312376e-09,0.0,0.0
1,46,1.2891962419105706e-09,0.0,0.0
1,47,7.203710635194522e-10,0.0,0.0
1,48,4.0252558304336204e-10,0.0,0.0
1,49,2.2492136784861416e-10,0.0,0.0
1,50,1.2568051283992608e-10,0.0,0.0
1,51,7.02271707557367e-11,0.0,0.0
1,52,3.9241210914134135e-11,0.0,0.0
1,53,2.192702080121302e-11,0.0,0.0
1,54,1.2252278408598835e-11,0.0,0.0
1,55,6.846270980525167e-12,0.0,0.0
1,56,3.825527365236313e-12,0.0,0.0
1,57,2.1376103376229207e-12,0.0,0.0
1,58,1.194443933934388e-12,0.0,0.0
1,59,6.674258101212974e-13,0.0,0.0
1,60,3.729410810841476e-13,0.0,0.0
1,61,2.083902777672082e-13,0.0,0.0
1,62,1.1644334740932048e-13,0.0,0.0
1,63,6.506567053494471e-14,0.0,0.0
1,64,3.635709189362339e-14,0.0,0.0
1,65,2.031544622676922e-14,0.0,0.0
1,66,1.1351770284606656e-14,0.0,0.0
1,67,6.34308925120617e-15,0.0,0.0
1,68,3.544361825514298e-15,0.0,0.0
1,69,1.9805019687803104e-15,0.0,0.0
1,70,1.1066556523961925e-15,0.0,0.0
1,71,6.183718836364782e-16,0.0,0.0
1,72,3.455309568465741e-16,0.0,0.0
1,73,1.9307417639560032e-16,0.0,0.0
1,74,1.0788508772425782e-16,0.0,0.0
1,75,6.028352610668464e-17,0.0,0.0
1,76,3.3684947535508234e-17,0.0,0.0
1,77,1.8822317866109725e-17,0.0,0.0
1,78,1.051744698368366e-17,0.0,0.0
1,79,5.876889968677338e-18,0.0,0.0
1,80,3.283861164931083e-18,0.0,0.0
1,81,1.83494062472121e-18,0.0,0.0
1,82,1.025319563509288e-18,0.0,0.0
1,83,5.729232832667826e-19,0.0,0.0
1,84,3.201353999193605e-19,0.0,0.0
1,85,1.7888376554912293e-19,0.0,0.0
1,86,9.995583614025179e-20,0.0,0.0
1,87,5.585285589123631e-20,0.0,0.0
1,88,3.120919829863727e-20,0.0,0.0
1,89,1.7438930255247568e-20,0.0,0.0
1,90,9.744444107065319e-21,0.0,0.0
1,91,5.4449550268227005e-21,0.0,0.0
1,92,3.042506572809557e-21,0.0,0.0
1,93,1.7000776314934983e-21,0.0,0.0
1,94,9.499614491992936e-22,0.0,0.0
1,95,5.308150276479145e-22,0.0,0.0
1,96,2.9660634525153704e-22,0.0,0.0
1,97,1.6573631012916112e-22,0.0,0.0
1,98,9.260936232478371e-23,0.0,0.0
1,99,5.174782751902259e-23,0.0,0.0
1,100,2.8915409692027224e-23,0.0,0.0
1,101,1.6157217756637914e-23,0.0,0.0
1,102,9.028254775424948e-24,0.0,0.0
1,103,5.044766092633535e-24,0.0,0.0
1,104,2.8188908667774202e-24,0.0,0.0
1,105,1.575126690294773e-24,0.0,0.0
1,106,8.80141945088954e-25,0.0,0.0
1,107,4.918016108024921e-25,0.0,0.0
1,108,2.7480661015818383e-25,0.0,0.0
1,109,1.5355515583490108e-25,0.0,0.0
1,110,8.580283374518588e-26,0.0,0.0
1,111,4.7944507227224554e-26,0.0,0.0
1,112,2.6790208119325375e-26,0.0,0.0
1,113,1.4969707534489345e-26,0.0,0.0
1,114,8.364703352434801e-27,0.0,0.0
1,115,4.673989923519291e-27,0.0,0.0
1,116,2.611710288422945e-27,0.0,0.0
1,117,1.4593592930808788e-27,0.0,0.0
1,118,8.154539788513593e-28,0.0,0.0
1,119,4.556555707544053e-28,0.0,0.0
1,120,2.5460909449724827e-28,0.0,0.0
1,121,1.4226928224180384e-28,0.0,0.0
1,122,7.949656593989729e-29,0.0,0.0
1,123,4.4420720317512664e-29,0.0,0.0
1,124,2.4821202906028717e-29,0.0,0.0
1,125,1.3869475985497625e-29,0.0,0.0
1,126,7.749921099334524e-30,0.0,0.0
1,127,4.330464763680569e-30,0.0,0.0
1,128,2.4197569019236888e-30,0.0,0.0
2,4,1.0451244239533372e-262,0.0,0.0
2,5,9.171400219048353e-172,0.0,0.0
2,6,3.143004883470852e-112,0.0,0.0
2,7,2.813879836521916e-73,0.0,0.0
2,8,8.176554873788849e-48,0.0,0.0
2,9,3.4374879893632503e-31,0.0,0.0
2,10,2.328252521385868e-20,0.0,0.0
2,11,2.52086421565773e-13,0.0,0.0
2,12,8.87659249311131e-09,0.0,0.0
2,13,7.321325085387144e-06,0.0,0.0
2,14,0.0005158315568153726,0.020161290322580645,0.0
2,15,0.007248552970374163,0.04032258064516129,0.016129032258064516
2,16,0.03541169616759854,0.09274193548387097,0.020161290322580645
2,17,0.0865652691495521,0.0846774193548387,0.07661290322580645
2,18,0.13442587408262408,0.11693548387096774,0.08064516129032258
2,19,0.15505418752943662,0.06854838709677419,0.12096774193548387
2,20,0.1471822069805636,0.07661290322580645,0.14919354838709678
2,21,0.12296089700236902,0.05241935483870968,0.1693548387096774
2,22,0.09447869247477515,0.06451612903225806,0.15725806451612903
2,23,0.06871993212706523,0.03225806451612903,0.08870967741935484
2,24,0.048219514557001346,0.028225806451612902,0.06048387096774194
2,25,0.03304715053416951,0.008064516129032258,0.04435483870967742
2,26,0.0223018990216186,0.024193548387096774,0.004032258064516129
2,27,0.01489898682695774,0.0,0.012096774193548387
2,28,0.009887643275864832,0.0,0.0
2,29,0.006533445075000468,0.0,0.0
2,30,0.004304823481169872,0.0,0.0
2,31,0.002831119682365298,0.0,0.0
2,32,0.001859645417580735,0.2903225806451613,0.0
2,33,0.00122054585393716,0.0,0.0
2,34,0.0008006634907236502,0.0,0.0
2,35,0.0005250449867010719,0.0,0.0
2,36,0.00034422711450051975,0.0,0.0
2,37,0.00022564694593465843,0.0,0.0
2,38,0.00014790123010806556,0.0,0.0
2,39,9.693632496480399e-05,0.0,0.0
2,40,6.353064338402391e-05,0.0,0.0
2,41,4.1635915611145974e-05,0.0,0.0
2,42,2.7286336384789397e-05,0.0,0.0
2,43,1.7882047929062143e-05,0.0,0.0
2,44,1.171887573401108e-05,0.0,0.0
2,45,7.679845097876433e-06,0.0,0.0
2,46,5.032891189564468e-06,0.0,0.0
2,47,3.2982356701441295e-06,0.0,0.0
2,48,2.1614500961608878e-06,0.0,0.0
2,49,1.416473125022719e-06,0.0,0.0
2,50,9.282633443288193e-07,0.0,0.0
2,51,6.083225146397295e-07,0.0,0.0
2,52,3.9865431239793085e-07,0.0,0.0
2,53,2.6125160551000927e-07,0.0,0.0
2,54,1.7120696204836698e-07,0.0,0.0
2,55,1.1219767106896241e-07,0.0,0.0
2,56,7.352689771995743e-08,0.0,0.0
2,57,4.8184641145487265e-08,0.0,0.0
2,58,3.157701013274894e-08,0.0,0.0
2,59,2.0693472685781194e-08,0.0,0.0
2,60,1.3561125837942563e-08,0.0,0.0
2,61,8.887059978537417e-09,0.0,0.0
2,62,5.823988045304705e-09,0.0,0.0
2,63,3.8166544109113264e-09,0.0,0.0
2,64,2.501181450780133e-09,0.0,0.0
2,65,1.6391079645906904e-09,0.0,0.0
2,66,1.0741623391048671e-09,0.0,0.0
2,67,7.039345516863159e-10,0.0,0.0
2,68,4.613118844970202e-10,0.0,0.0
2,69,3.023131258812159e-10,0.0,0.0
2,70,1.9811591493652685e-10,0.0,0.0
2,71,1.2983199334594478e-10,0.0,0.0
2,72,8.508325290597268e-11,0.0,0.0
2,73,5.575790479861438e-11,0.0,0.0
2,74,3.654002216973003e-11,0.0,0.0
2,75,2.3945900136775106e-11,0.0,0.0
2,76,1.5692550231387922e-11,0.0,0.0
2,77,1.0283853659975232e-11,0.0,0.0
2,78,6.739353676739212e-12,0.0,0.0
2,79,4.416524143747542e-12,0.0,0.0
2,80,2.8942961666474986e-12,0.0,0.0
2,81,1.8967291987114433e-12,0.0,0.0
2,82,1.2429901592996752e-12,0.0,0.0
2,83,8.145730751467485e-13,0.0,0.0
2,84,5.338170135857268e-13,0.0,0.0
2,85,3.4982816482386496e-13,0.0,0.0
2,86,2.2925411103323945e-13,0.0,0.0
2,87,1.502378959455652e-13,0.0,0.0
2,88,9.845592419878711e-14,0.0,0.0
2,89,6.452146410083611e-14,0.0,0.0
2,90,4.2283076042331727e-14,0.0,0.0
2,91,2.7709515655247e-14,0.0,0.0
2,92,1.8158973511758395e-14,0.0,0.0
2,93,1.1900183428081696e-14,0.0,0.0
2,94,7.798588699426805e-15,0.0,0.0
2,95,5.110676324476676e-15,0.0,0.0
2,96,3.3491973356007816e-15,0.0,0.0
2,97,2.19484116790431e-15,0.0,0.0
2,98,1.4383529155242961e-15,0.0,0.0
2,99,9.426008313725168e-16,0.0,0.0
2,100,6.177178894793653e-16,0.0,0.0
2,101,4.0481121836826083e-16,0.0,0.0
2,102,2.6528634722706806e-16,0.0,0.0
2,103,1.7385102692746526e-16,0.0,0.0
2,104,1.139303996592945e-16,0.0,0.0
2,105,7.466240606069126e-17,0.0,0.0
2,106,4.8928774896268655e-17,0.0,0.0
2,107,3.206466465738709e-17,0.0,0.0
2,108,2.1013048492842917e-17,0.0,0.0
2,109,1.3770554337010468e-17,0.0,0.0
2,110,9.024305388775241e-18,0.0,0.0
2,111,5.9139295163304045e-18,0.0,0.0
2,112,3.8755960505976e-18,0.0,0.0
2,113,2.539807873247665e-18,0.0,0.0
2,114,1.6644211493651844e-18,0.0,0.0
2,115,1.090750915309089e-18,0.0,0.0
2,116,7.148056005545143e-19,0.0,0.0
2,117,4.684360465920962e-19,0.0,0.0
2,118,3.0698182775373696e-19,0.0,0.0
2,119,2.011754715646068e-19,0.0,0.0
2,120,1.3183702323809373e-19,0.0,0.0
2,121,8.639721612731409e-20,0.0,0.0
2,122,5.661898889410752e-20,0.0,0.0
2,123,3.7104319410791747e-20,0.0,0.0
2,124,2.4315703014635378e-20,0.0,0.0
2,125,1.5934894440456512e-20,0.0,0.0
2,126,1.044266993537713e-20,0.0,0.0
2,127,6.843431300201651e-21,0.0,0.0
2,128,4.4847296956042635e-21,0.0,0.0
3,6,7.141546340676173e-290,0.0,0.0
3,7,1.5182434138625924e-174,0.0,0.0
3,8,5.438077197641872e-105,0.0,0.0
3,9,4.457761145289172e-63,0.0,0.0
3,10,7.447832585311797e-38,0.0,0.0
3,11,1.0379547295080931e-22,0.0,0.0
3,12,1.1864094576999384e-13,0.0,0.0
3,13,2.8654025166460345e-08,0.0,0.0
3,14,4.177470370603594e-05,0.004032258064516129,0.004032258064516129
3,15,0.002783277162168885,0.012096774193548387,0.008064516129032258
3,16,0.028773015533389724,0.06854838709677419,0.03225806451612903
3,17,0.09655347389878839,0.08064516129032258,0.0846774193548387
3,18,0.16424033762778345,0.13709677419354838,0.1774193548387097
3,19,0.18535849138000948,0.09274193548387097,0.18951612903225806
3,20,0.16328679171822494,0.07258064516129033,0.17338709677419356
3,21,0.12385644570329894,0.09274193548387097,0.13709677419354838
3,22,0.08583278974427083,0.04032258064516129,0.125
3,23,0.05632444405101497,0.06451612903225806,0.028225806451612902
3,24,0.03576306730432824,0.012096774193548387,0.028225806451612902
3,25,0.022260452195692056,0.020161290322580645,0.008064516129032258
3,26,0.013690419169715693,0.008064516129032258,0.0
3,27,0.008358907784268536,0.008064516129032258,0.0
3,28,0.005081362768739468,0.008064516129032258,0.004032258064516129
3,29,0.0030807912093104247,0.016129032258064516,0.0
3,30,0.0018648793713359956,0.004032258064516129,0.0
3,31,0.0011277696402181442,0.04032258064516129,0.0
3,32,0.0006816118700122662,0.21774193548387097,0.0
3,33,0.0004118140610858209,0.0,0.0
3,34,0.0002487556635732215,0.0,0.0
3,35,0.00015024121814535268,0.0,0.0
3,36,9.073431982343496e-05,0.0,0.0
3,37,5.479409696994264e-05,0.0,0.0
3,38,3.308900426451287e-05,0.0,0.0
3,39,1.9981414008688308e-05,0.0,0.0
3,40,1.2066026292101232e-05,0.0,0.0
3,41,7.286175309611384e-06,0.0,0.0
3,42,4.399804050256564e-06,0.0,0.0
3,43,2.656844088405686e-06,0.0,0.0
3,44,1.604346640681158e-06,0.0,0.0
3,45,9.68790764629559e-07,0.0,0.0
3,46,5.850076619160306e-07,0.0,0.0
3,47,3.532587983340602e-07,0.0,0.0
3,48,2.1331644696622055e-07,0.0,0.0
3,49,1.2881179962074769e-07,0.0,0.0
3,50,7.778340046606054e-08,0.0,0.0
3,51,4.696974317114991e-08,0.0,0.0
3,52,2.836282171976859e-08,0.0,0.0
3,53,1.7126975577039012e-08,0.0,0.0
3,54,1.0342175850002425e-08,0.0,0.0
3,55,6.245154041431503e-09,0.0,0.0
3,56,3.771155068467291e-09,0.0,0.0
3,57,2.277223336437495e-09,0.0,0.0
3,58,1.3751081628258186e-09,0.0,0.0
3,59,8.303632006023207e-10,0.0,0.0
3,60,5.014173162950605e-10,0.0,0.0
3,61,3.0278235455667835e-10,0.0,0.0
3,62,1.8283603544843834e-10,0.0,0.0
3,63,1.1040608989351151e-10,0.0,0.0
3,64,6.666904942991034e-11,0.0,0.0
3,65,4.025830600487881e-11,0.0,0.0
3,66,2.431009915707196e-11,0.0,0.0
3,67,1.4679726487936377e-11,0.0,0.0
3,68,8.864396988537265e-12,0.0,0.0
3,69,5.352792780887545e-12,0.0,0.0
3,70,3.2323000190643344e-12,0.0,0.0
3,71,1.951834087530955e-12,0.0,0.0
3,72,1.1786208838209104e-12,0.0,0.0
3,73,7.117137653514386e-13,0.0,0.0
3,74,4.297704976586032e-13,0.0,0.0
3,75,2.5951820752894675e-13,0.0,0.0
3,76,1.5671085010709417e-13,0.0,0.0
3,77,9.463031813884116e-14,0.0,0.0
3,78,5.714280220506887e-14,0.0,0.0
3,79,3.4505852966241743e-14,0.0,0.0
3,80,2.0836463088648653e-14,0.0,0.0
3,81,1.2582160900916288e-14,0.0,0.0
3,82,7.597775700367832e-15,0.0,0.0
3,83,4.587939706675967e-15,0.0,0.0
3,84,2.7704411899228383e-15,0.0,0.0
3,85,1.6729392445268157e-15,0.0,0.0
3,86,1.0102093941058905e-15,0.0,0.0
3,87,6.100179807954915e-16,0.0,0.0
3,88,3.68361192308221e-16,0.0,0.0
3,89,2.2243601380698194e-16,0.0,0.0
3,90,1.3431865590482827e-16,0.0,0.0
3,91,8.110872432615601e-17,0.0,0.0
3,92,4.8977747115618213e-17,0.0,0.0
3,93,2.9575359894396197e-17,0.0,0.0
3,94,1.7859170018952072e-17,0.0,0.0
3,95,1.078431352668907e-17,0.0,0.0
3,96,6.512140156486058e-18,0.0,0.0
3,97,3.932375418497108e-18,0.0,0.0
3,98,2.3745767229224425e-18,0.0,0.0
3,99,1.4338952955819554e-18,0.0,0.0
3,100,8.658619866203425e-19,0.0,0.0
3,101,5.228533646662494e-19,0.0,0.0
3,102,3.157265767144528e-19,0.0,0.0
3,103,1.9065244288416941e-19,0.0,0.0
3,104,1.1512605101525917e-19,0.0,0.0
3,105,6.95192121425929e-20,0.0,0.0
3,106,4.1979385328575474e-20,0.0,0.0
3,107,2.5349378081995364e-20,0.0,0.0
3,108,1.5307298192061162e-20,0.0,0.0
3,109,9.243358049367843e-21,0.0,0.0
3,110,5.5816295571431644e-21,0.0,0.0
3,111,3.370483794610237e-21,0.0,0.0
3,112,2.0352767759716026e-21,0.0,0.0
3,113,1.2290080021845687e-21,0.0,0.0
3,114,7.421401783119292e-22,0.0,0.0
3,115,4.481435786307865e-22,0.0,0.0
3,116,2.7061284773022276e-22,0.0,0.0
3,117,1.6341038195929297e-22,0.0,0.0
3,118,9.867585059635574e-23,0.0,0.0
3,119,5.95857091463133e-23,0.0,0.0
3,120,3.5981009669656106e-23,0.0,0.0
3,121,2.1727240900480203e-23,0.0,0.0
3,122,1.3120059761569451e-23,0.0,0.0
3,123,7.922587545082665e-24,0.0,0.0
3,124,4.784078315965698e-24,0.0,0.0
3,125,2.8888800790215242e-24,0.0,0.0
3,126,1.744458923909303e-24,0.0,0.0
3,127,1.0533967675935947e-24,0.0,0.0
3,128,6.360968061603575e-25,0.0,0.0
4,5,6.475833915616304e-275,0.0,0.0
4,6,1.9167389415087078e-185,0.0,0.0
4,7,5.024260193444452e-125,0.0,0.0
4,8,3.0396061604806894e-84,0.0,0.0
4,9,9.819073989023142e-57,0.0,0.0
4,10,3.391909439634609e-38,0.0,0.0
4,11,1.0125093475019674e-25,0.0,0.0
4,12,2.4103937420284702e-17,0.0,0.0
4,13,9.7444736747624e-12,0.0,0.0
4,14,5.286555401560648e-08,0.024193548387096774,0.0
4,15,1.556428074394567e-05,0.036290322580645164,0.0
4,16,0.0006393842948586335,0.056451612903225805,0.0
4,17,0.00693875693705923,0.06451612903225806,0.004032258064516129
4,18,0.030623482626998273,0.09274193548387097,0.008064516129032258
4,19,0.0735735401198962,0.09274193548387097,0.06048387096774194
4,20,0.11718703178148288,0.08870967741935484,0.10483870967741936
4,21,0.14137840420478892,0.08064516129032258,0.14112903225806453
4,22,0.1413631719348428,0.07661290322580645,0.12903225806451613
4,23,0.12450007591022194,0.04435483870967742,0.14516129032258066
4,24,0.10063462232483211,0.016129032258064516,0.15725806451612903
4,25,0.07676163332833913,0.020161290322580645,0.0846774193548387
4,26,0.056301652026335705,0.012096774193548387,0.10887096774193548
4,27,0.04021558095514183,0.0,0.04435483870967742
4,28,0.0282157882564975,0.004032258064516129,0.008064516129032258
4,29,0.01955845997634649,0.0,0.004032258064516129
4,30,0.013446987979381852,0.0,0.0
4,31,0.009194211880535739,0.008064516129032258,0.0
4,32,0.006262983257819827,0.28225806451612906,0.0
4,33,0.004255505712329216,0.0,0.0
4,34,0.00288655453472229,0.0,0.0
4,35,0.001955722739906078,0.0,0.0
4,36,0.0013240248323800484,0.0,0.0
4,37,0.0008958928403799139,0.0,0.0
4,38,0.0006059841727739719,0.0,0.0
4,39,0.0004097905333513469,0.0,0.0
4,40,0.0002770715148512409,0.0,0.0
4,41,0.00018731564952696744,0.0,0.0
4,42,0.00012662631117207134,0.0,0.0
4,43,8.559571477350485e-05,0.0,0.0
4,44,5.785825600005782e-05,0.0,0.0
4,45,3.910827711832697e-05,0.0,0.0
4,46,2.6434146337690417e-05,0.0,0.0
4,47,1.7867234643932096e-05,0.0,0.0
4,48,1.2076645360830486e-05,0.0,0.0
4,49,8.162688141919784e-06,0.0,0.0
4,50,5.5171995142557896e-06,0.0,0.0
4,51,3.7290930782238866e-06,0.0,0.0
4,52,2.520502399066007e-06,0.0,0.0
4,53,1.703611537041015e-06,0.0,0.0
4,54,1.1514729399002373e-06,0.0,0.0
4,55,7.782814901007501e-07,0.0,0.0
4,56,5.26040925331298e-07,0.0,0.0
4,57,3.555513023125309e-07,0.0,0.0
4,58,2.403172541448088e-07,0.0,0.0
4,59,1.6243050372112836e-07,0.0,0.0
4,60,1.097868188147186e-07,0.0,0.0
4,61,7.420493555291306e-08,0.0,0.0
4,62,5.015513116920805e-08,0.0,0.0
4,63,3.38998627759828e-08,0.0,0.0
4,64,2.291292344340912e-08,0.0,0.0
4,65,1.5486849000548457e-08,0.0,0.0
4,66,1.0467563909271098e-08,0.0,0.0
4,67,7.075028221412657e-09,0.0,0.0
4,68,4.782012761244768e-09,0.0,0.0
4,69,3.2321632210756996e-09,0.0,0.0
4,70,2.1846196561714235e-09,0.0,0.0
4,71,1.47658478596438e-09,0.0,0.0
4,72,9.980238998147703e-10,0.0,0.0
4,73,6.745645178488968e-10,0.0,0.0
4,74,4.5593826831540783e-10,0.0,0.0
4,75,3.081687503216913e-10,0.0,0.0
4,76,2.0829130885219922e-10,0.0,0.0
4,77,1.4078412978112808e-10,0.0,0.0
4,78,9.515601638082069e-11,0.0,0.0
4,79,6.43159670568135e-11,0.0,0.0
4,80,4.34711726665063e-11,0.0,0.0
4,81,2.938217272391026e-11,0.0,0.0
4,82,1.9859415355334892e-11,0.0,0.0
4,83,1.3422982090485749e-11,0.0,0.0
4,84,9.072595792813159e-12,0.0,0.0
4,85,6.132168981870138e-12,0.0,0.0
4,86,4.144734018890853e-12,0.0,0.0
4,87,2.801426401997782e-12,0.0,0.0
4,88,1.8934845637939544e-12,0.0,0.0
4,89,1.279806526691727e-12,0.0,0.0
4,90,8.650214409353639e-13,0.0,0.0
4,91,5.846681335591225e-13,0.0,0.0
4,92,3.9517728720087494e-13,0.0,0.0
4,93,2.67100393121779e-13,0.0,0.0
4,94,1.8053319944356121e-13,0.0,0.0
4,95,1.2202241906273304e-13,0.0,0.0
4,96,8.247497302331549e-14,0.0,0.0
4,97,5.574484777014057e-14,0.0,0.0
4,98,3.767795173497796e-14,0.0,0.0
4,99,2.546653374670663e-14,0.0,0.0
4,100,1.7212834329050555e-14,0.0,0.0
4,101,1.1634157541273387e-14,0.0,0.0
4,102,7.86352898701448e-15,0.0,0.0
4,103,5.314960529823562e-15,0.0,0.0
4,104,3.592382692329515e-15,0.0,0.0
4,105,2.4280920499285473e-15,0.0,0.0
4,106,1.64114781409971e-15,0.0,0.0
4,107,1.109252076256143e-15,0.0,0.0
4,108,7.4974365996005185e-16,0.0,0.0
4,109,5.067518625229861e-16,0.0,0.0
4,110,3.4251366685008043e-16,0.0,0.0
4,111,2.315050435039427e-16,0.0,0.0
4,112,1.5647429680877806e-16,0.0,0.0
4,113,1.0576100283268595e-16,0.0,0.0
4,114,7.148387913092648e-17,0.0,0.0
4,115,4.831596560869236e-17,0.0,0.0
4,116,3.265676906571794e-17,0.0,0.0
4,117,2.2072715558431644e-17,0.0,0.0
4,118,1.491895205992324e-17,0.0,0.0
4,119,1.0083722139991315e-17,0.0,0.0
4,120,6.8155894454341105e-18,0.0,0.0
4,121,4.6066580220895675e-18,0.0,0.0
4,122,3.11364091138129e-18,0.0,0.0
4,123,2.1045104018009553e-18,0.0,0.0
4,124,1.4224389251500486e-18,0.0,0.0
4,125,9.61426702405718e-19,0.0,0.0
4,126,6.4982846557100545e-19,0.0,0.0
4,127,4.392191662762569e-19,0.0,0.0
4,128,2.968683063997463e-19,0.0,0.0
5,7,1.2426892203573729e-275,0.0,0.0
5,8,2.4905097617619778e-169,0.0,0.0
5,9,6.316611421321863e-104,0.0,0.0
5,10,1.0245317701583814e-63,0.0,0.0
5,11,5.01484028353056e-39,0.0,0.0
5,12,6.74590913561923e-24,0.0,0.0
5,13,1.169526736086168e-14,0.0,0.0
5,14,4.771869021605459e-09,0.0,0.0
5,15,1.1330188421407512e-05,0.0,0.0
5,16,0.0011294910929596246,0.004032258064516129,0.008064516129032258
5,17,0.01597046116816928,0.008064516129032258,0.024193548387096774
5,18,0.06780007802221033,0.06451612903225806,0.056451612903225805
5,19,0.13716859849414756,0.056451612903225805,0.13306451612903225
5,20,0.175787093131718,0.07258064516129033,0.1693548387096774
5,21,0.17004570495054114,0.12096774193548387,0.15725806451612903
5,22,0.1383229641733847,0.10080645161290322,0.16129032258064516
5,23,0.10112691230386231,0.10080645161290322,0.14516129032258066
5,24,0.06922811490155498,0.07661290322580645,0.07258064516129033
5,25,0.045509968112162624,0.06451612903225806,0.04838709677419355
5,26,0.029180555349153807,0.028225806451612902,0.012096774193548387
5,27,0.01842488028765544,0.028225806451612902,0.004032258064516129
5,28,0.011524000121090554,0.016129032258064516,0.004032258064516129
5,29,0.00716586119384345,0.004032258064516129,0.0
5,30,0.0044398966088231955,0.016129032258064516,0.004032258064516129
5,31,0.002744832861622237,0.012096774193548387,0.0
5,32,0.001694598008513875,0.22580645161290322,0.0
5,33,0.0010453281111886528,0.0,0.0
5,34,0.0006444864787384887,0.0,0.0
5,35,0.00039722496376247646,0.0,0.0
5,36,0.0002447788919498174,0.0,0.0
5,37,0.0001508199706151877,0.0,0.0
5,38,9.292046428582291e-05,0.0,0.0
5,39,5.724584242523254e-05,0.0,0.0
5,40,3.526665319630646e-05,0.0,0.0
5,41,2.1725859992634488e-05,0.0,0.0
5,42,1.3383972773084926e-05,0.0,0.0
5,43,8.244992043457447e-06,0.0,0.0
5,44,5.07918075254769e-06,0.0,0.0
5,45,3.1289311437170738e-06,0.0,0.0
5,46,1.9275145827593315e-06,0.0,0.0
5,47,1.1874051419818583e-06,0.0,0.0
5,48,7.314757339626822e-07,0.0,0.0
5,49,4.5060993683743566e-07,0.0,0.0
5,50,2.775885248802768e-07,0.0,0.0
5,51,1.7100239537377956e-07,0.0,0.0
5,52,1.0534231112727491e-07,0.0,0.0
5,53,6.489383912948647e-08,0.0,0.0
5,54,3.997643659888128e-08,0.0,0.0
5,55,2.462661283445733e-08,0.0,0.0
5,56,1.5170688133244047e-08,0.0,0.0
5,57,9.345571729997255e-09,0.0,0.0
5,58,5.757135720554503e-09,0.0,0.0
5,59,3.546557938689951e-09,0.0,0.0
5,60,2.184779689236844e-09,0.0,0.0
5,61,1.345885889323203e-09,0.0,0.0
5,62,8.291036550727344e-10,0.0,0.0
5,63,5.10751227891308e-10,0.0,0.0
5,64,3.146371568025143e-10,0.0,0.0
5,65,1.938253596258609e-10,0.0,0.0
5,66,1.1940188632608622e-10,0.0,0.0
5,67,7.355492844128598e-11,0.0,0.0
5,68,4.5311909755182037e-11,0.0,0.0
5,69,2.79134139496132e-11,0.0,0.0
5,70,1.7195449993643453e-11,0.0,0.0
5,71,1.0592882010603265e-11,0.0,0.0
5,72,6.525513977910178e-12,0.0,0.0
5,73,4.019900592977391e-12,0.0,0.0
5,74,2.4763721037286203e-12,0.0,0.0
5,75,1.5255150355784652e-12,0.0,0.0
5,76,9.397602728080336e-13,0.0,0.0
5,77,5.789188239714318e-13,0.0,0.0
5,78,3.566303178010911e-13,0.0,0.0
5,79,2.1969433072219634e-13,0.0,0.0
5,80,1.3533790186169299e-13,0.0,0.0
5,81,8.33719633097186e-14,0.0,0.0
5,82,5.1359480016323293e-14,0.0,0.0
5,83,3.1638887736731156e-14,0.0,0.0
5,84,1.9490446883405184e-14,0.0,0.0
5,85,1.200666480047637e-14,0.0,0.0
5,86,7.396444037090853e-15,0.0,0.0
5,87,4.556418064710685e-15,0.0,0.0
5,88,2.806881993064805e-15,0.0,0.0
5,89,1.7291184459149616e-15,0.0,0.0
5,90,1.0651857140380982e-15,0.0,0.0
5,91,6.561844320563321e-16,0.0,0.0
5,92,4.04228110834099e-16,0.0,0.0
5,93,2.490159132188588e-16,0.0,0.0
5,94,1.5340082338229846e-16,0.0,0.0
5,95,9.449923223856503e-17,0.0,0.0
5,96,5.821419140249978e-17,0.0,0.0
5,97,3.58615832146822e-17,0.0,0.0
5,98,2.2091746353937344e-17,0.0,0.0
5,99,1.3609138616247383e-17,0.0,0.0
5,100,8.383613088298377e-18,0.0,0.0
5,101,5.164542032834984e-18,0.0,0.0
5,102,3.1815035030836598e-18,0.0,0.0
5,103,1.959895858293054e-18,0.0,0.0
5,104,1.2073511066799637e-18,0.0,0.0
5,105,7.437623221832337e-19,0.0,0.0
5,106,4.58178560353137e-19,0.0,0.0
5,107,2.822509112199357e-19,0.0,0.0
5,108,1.7387451918981779e-19,0.0,0.0
5,109,1.0711160609834996e-19,0.0,0.0
5,110,6.59837692976926e-20,0.0,0.0
5,111,4.0647862256246765e-20,0.0,0.0
5,112,2.5040229189522647e-20,0.0,0.0
5,113,1.542548717349747e-20,0.0,0.0
5,114,9.502535010314309e-21,0.0,0.0
5,115,5.853829484062656e-21,0.0,0.0
5,116,3.606124007045104e-21,0.0,0.0
5,117,2.221474060628419e-21,0.0,0.0
5,118,1.3684906543434984e-21,0.0,0.0
5,119,8.430288267672629e-22,0.0,0.0
5,120,5.19329525930543e-22,0.0,0.0
5,121,3.199216301267739e-22,0.0,0.0
5,122,1.970807441375098e-22,0.0,0.0
5,123,1.2140729495034018e-22,0.0,0.0
5,124,7.479031668803926e-23,0.0,0.0
5,125,4.607294374349727e-23,0.0,0.0
5,126,2.8382232342264596e-23,0.0,0.0
5,127,1.7484255341161698e-23,0.0,0.0
5,128,1.0770794247206562e-23,0.0,0.0
6,2,2.3067638112396293e-252,0.0,0.0
6,3,1.3887448758440552e-141,0.0,0.0
6,4,2.6316422761145485e-79,0.0,0.0
6,5,2.41816144371323e-44,0.0,0.0
6,6,9.21348950849384e-25,0.0,0.0
6,7,7.632580210824706e-14,0.0,0.0
6,8,8.364614096743419e-08,0.0,0.0
6,9,0.00016400786109914514,0.0,0.0
6,10,0.00912189995145716,0.008064516129032258,0.008064516129032258
6,11,0.06823189140530055,0.04435483870967742,0.06854838709677419
6,12,0.1648916434759917,0.09274193548387097,0.14516129032258066
6,13,0.2108982164077638,0.14919354838709678,0.20161290322580644
6,14,0.18850614565167828,0.11290322580645161,0.20161290322580644
6,15,0.13770140974561174,0.10887096774193548,0.12096774193548387
6,16,0.0897834221936444,0.06854838709677419,0.08870967741935484
6,17,0.054910974684574516,0.05241935483870968,0.09274193548387097
6,18,0.0323943503639682,0.024193548387096774,0.04032258064516129
6,19,0.018726833102368428,0.020161290322580645,0.020161290322580645
6,20,0.010702743714499464,0.020161290322580645,0.008064516129032258
6,21,0.0060775736963656225,0.004032258064516129,0.004032258064516129
6,22,0.0034386734079141544,0.004032258064516129,0.0
6,23,0.0019416233338761628,0.004032258064516129,0.0
6,24,0.0010950645336916668,0.008064516129032258,0.0
6,25,0.0006172104166735859,0.0,0.0
6,26,0.00034775102739424164,0.012096774193548387,0.0
6,27,0.00019589096931370333,0.004032258064516129,0.0
6,28,0.0001103342089173631,0.008064516129032258,0.0
6,29,6.214091906138139e-05,0.020161290322580645,0.0
6,30,3.499687212230679e-05,0.020161290322580645,0.0
6,31,1.970932808777507e-05,0.024193548387096774,0.0
6,32,1.1099651817678112e-05,0.18951612903225806,0.0
6,33,6.250921537752497e-06,0.0,0.0
6,34,3.5202794258758657e-06,0.0,0.0
6,35,1.9824823294470486e-06,0.0,0.0
6,36,1.11645443810323e-06,0.0,0.0
6,37,6.287418922150855e-07,0.0,0.0
6,38,3.540818208546238e-07,0.0,0.0
6,39,1.9940441572932808e-07,0.0,0.0
6,40,1.1229640718997812e-07,0.0,0.0
6,41,6.324073710175928e-08,0.0,0.0
6,42,3.5614591597273415e-08,0.0,0.0
6,43,2.0056678117789443e-08,0.0,0.0
6,44,1.1295098843419415e-08,0.0,0.0
6,45,6.360936556041541e-09,0.0,0.0
6,46,3.5822186489029104e-09,0.0,0.0
6,47,2.017358655972147e-09,0.0,0.0
6,48,1.1360936729049168e-09,0.0,0.0
6,49,6.398013704346697e-10,0.0,0.0
6,50,3.6030989628597475e-10,0.0,0.0
6,51,2.0291175876320028e-10,0.0,0.0
6,52,1.142715819461312e-10,0.0,0.0
6,53,6.43530691330196e-11,0.0,0.0
6,54,3.624100967320273e-11,0.0,0.0
6,55,2.0409450548352652e-11,0.0,0.0
6,56,1.1493765638340845e-11,0.0,0.0
6,57,6.472817493799277e-12,0.0,0.0
6,58,3.645225387936651e-12,0.0,0.0
6,59,2.0528414622470802e-12,0.0,0.0
6,60,1.156076132647859e-12,0.0,0.0
6,61,6.51054671807998e-13,0.0,0.0
6,62,3.666472939909463e-13,0.0,0.0
6,63,2.064807212235157e-13,0.0,0.0
6,64,1.1628147523715444e-13,0.0,0.0
6,65,6.548495861117796e-14,0.0,0.0
6,66,3.687844341122797e-14,0.0,0.0
6,67,2.0768427090415323e-14,0.0,0.0
6,68,1.1695926506447112e-14,0.0,0.0
6,69,6.58666620484431e-15,0.0,0.0
6,70,3.709340313494913e-15,0.0,0.0
6,71,2.0889483592168257e-15,0.0,0.0
6,72,1.1764100564186976e-15,0.0,0.0
6,73,6.625059038615447e-16,0.0,0.0
6,74,3.7309615831368556e-16,0.0,0.0
6,75,2.1011245716766005e-16,0.0,0.0
6,76,1.1832671999778243e-16,0.0,0.0
6,77,6.663675659297719e-17,0.0,0.0
6,78,3.752708880390535e-17,0.0,0.0
6,79,2.1133717577194126e-17,0.0,0.0
6,80,1.1901643129485811e-17,0.0,0.0
6,81,6.702517371316325e-18,0.0,0.0
6,82,3.774582939854788e-18,0.0,0.0
6,83,2.1256903310412188e-18,0.0,0.0
6,84,1.1971016283075574e-18,0.0,0.0
6,85,6.741585486700027e-19,0.0,0.0
6,86,3.7965845004103315e-19,0.0,0.0
6,87,2.1380807077492954e-19,0.0,0.0
6,88,1.204079380389309e-19,0.0,0.0
6,89,6.780881325124902e-20,0.0,0.0
6,90,3.8187143052446446e-20,0.0,0.0
6,91,2.1505433063764003e-20,0.0,0.0
6,92,1.2110978048943231e-20,0.0,0.0
6,93,6.82040621395944e-21,0.0,0.0
6,94,3.840973101877259e-21,0.0,0.0
6,95,2.163078547894866e-21,0.0,0.0
6,96,1.2181571388969543e-21,0.0,0.0
6,97,6.8601614883091955e-22,0.0,0.0
6,98,3.863361642184791e-22,0.0,0.0
6,99,2.175686855730772e-22,0.0,0.0
6,100,1.2252576208534076e-22,0.0,0.0
6,101,6.900148491061734e-23,0.0,0.0
6,102,3.8858806824265346e-23,0.0,0.0
6,103,2.18836865577834e-23,0.0,0.0
6,104,1.2323994906098542e-23,0.0,0.0
6,105,6.940368572932335e-24,0.0,0.0
6,106,3.908530983269921e-24,0.0,0.0
6,107,2.2011243764142766e-24,0.0,0.0
6,108,1.2395829894104619e-24,0.0,0.0
6,109,6.980823092509232e-25,0.0,0.0
6,110,3.931313309816131e-25,0.0,0.0
6,111,2.213954448512194e-25,0.0,0.0
6,112,1.2468083599056064e-25,0.0,0.0
6,113,7.021513416299839e-26,0.0,0.0
6,114,3.954228431626135e-26,0.0,0.0
6,115,2.2268593054572707e-26,0.0,0.0
6,116,1.2540758461600417e-26,0.0,0.0
6,117,7.062440918776768e-27,0.0,0.0
6,118,3.9772771227464614e-27,0.0,0.0
6,119,2.2398393831607747e-27,0.0,0.0
6,120,1.2613856936611176e-27,0.0,0.0
6,121,7.103606982424109e-28,0.0,0.0
6,122,4.0004601617355434e-28,0.0,0.0
6,123,2.252895120074887e-28,0.0,0.0
6,124,1.2687381493271332e-28,0.0,0.0
6,125,7.14501299778447e-29,0.0,0.0
6,126,4.023778331689931e-29,0.0,0.0
6,127,2.2660269572074747e-29,0.0,0.0
6,128,1.2761334615156073e-29,0.0,0.0
7,2,5.9131044959559305e-201,0.0,0.0
7,3,7.858394154741014e-123,0.0,0.0
7,4,5.346026587533864e-75,0.0,0.0
7,5,9.610189942507884e-46,0.0,0.0
7,6,6.968792888348311e-28,0.0,0.0
7,7,5.1908071571124226e-17,0.0,0.0
7,8,2.0008361676199469e-10,0.0,0.0
7,9,1.8131453272878642e-06,0.0,0.0
7,10,0.00040122014612285577,0.0,0.004032258064516129
7,11,0.009109472163362182,0.016129032258064516,0.012096774193548387
7,12,0.0511832177269544,0.036290322580645164,0.08064516129032258
7,13,0.12212298929311582,0.06854838709677419,0.0967741935483871
7,14,0.17231917677807188,0.14516129032258066,0.14516129032258066
7,15,0.17617757790675423,0.0967741935483871,0.12096774193548387
7,16,0.1478265017615817,0.0846774193548387,0.17338709677419356
7,17,0.10988074691241317,0.08064516129032258,0.11290322580645161
7,18,0.07582464291678769,0.07258064516129033,0.06451612903225806
7,19,0.04999203508251738,0.028225806451612902,0.0846774193548387
7,20,0.032051512515070504,0.028225806451612902,0.06048387096774194
7,21,0.02019988279692116,0.036290322580645164,0.016129032258064516
7,22,0.012597417675560559,0.016129032258064516,0.016129032258064516
7,23,0.007805716570125771,0.016129032258064516,0.008064516129032258
7,24,0.004817545781605154,0.004032258064516129,0.004032258064516129
7,25,0.002966095498264113,0.008064516129032258,0.0
7,26,0.0018234677859352653,0.008064516129032258,0.0
7,27,0.0011199913361573804,0.012096774193548387,0.0
7,28,0.0006875243939505733,0.004032258064516129,0.0
7,29,0.000421902841806019,0.004032258064516129,0.0
7,30,0.0002588483119393741,0.008064516129032258,0.0
7,31,0.00015878962896847772,0.0,0.0
7,32,9.74012498594171e-05,0.22580645161290322,0.0
7,33,5.9742834913256395e-05,0.0,0.0
7,34,3.6643266705779384e-05,0.0,0.0
7,35,2.2474736244386815e-05,0.0,0.0
7,36,1.378447265378322e-05,0.0,0.0
7,37,8.454398667634626e-06,0.0,0.0
7,38,5.1852948801260014e-06,0.0,0.0
7,39,3.180263259975962e-06,0.0,0.0
7,40,1.950527134174051e-06,0.0,0.0
7,41,1.196301088768547e-06,0.0,0.0
7,42,7.337172685969034e-07,0.0,0.0
7,43,4.5000446653204784e-07,0.0,0.0
7,44,2.759972854971127e-07,0.0,0.0
7,45,1.6927496676768806e-07,0.0,0.0
7,46,1.0381990498125822e-07,0.0,0.0
7,47,6.367493267371713e-08,0.0,0.0
7,48,3.9053175043744664e-08,0.0,0.0
7,49,2.395213292348675e-08,0.0,0.0
7,50,1.4690346280146296e-08,0.0,0.0
7,51,9.009897905085652e-09,0.0,0.0
7,52,5.525959589192135e-09,0.0,0.0
7,53,3.389187049500292e-09,0.0,0.0
7,54,2.07865957969592e-09,0.0,0.0
7,55,1.2748855642003491e-09,0.0,0.0
7,56,7.819140837918646e-10,0.0,0.0
7,57,4.795643243298917e-10,0.0,0.0
7,58,2.9412686877271415e-10,0.0,0.0
7,59,1.803941839131499e-10,0.0,0.0
7,60,1.1063954042196274e-10,0.0,0.0
7,61,6.785755304617347e-11,0.0,0.0
7,62,4.161846196845152e-11,0.0,0.0
7,63,2.5525476514086825e-11,0.0,0.0
7,64,1.5655310658928374e-11,0.0,0.0
7,65,9.601730713641546e-12,0.0,0.0
7,66,5.8889430369921696e-12,0.0,0.0
7,67,3.6118124041498148e-12,0.0,0.0
7,68,2.2152003782006287e-12,0.0,0.0
7,69,1.3586289005311326e-12,0.0,0.0
7,70,8.332756293841706e-13,0.0,0.0
7,71,5.11065438291395e-13,0.0,0.0
7,72,3.134471632260971e-13,0.0,0.0
7,73,1.9224372609296461e-13,0.0,0.0
7,74,1.1790711340859956e-13,0.0,0.0
7,75,7.231490813710531e-14,0.0,0.0
7,76,4.4352251426557135e-14,0.0,0.0
7,77,2.7202166984364217e-14,0.0,0.0
7,78,1.6683660126488055e-14,0.0,0.0
7,79,1.0232439032381414e-14,0.0,0.0
7,80,6.275769690678906e-15,0.0,0.0
7,81,3.849061312342636e-15,0.0,0.0
7,82,2.3607101146775843e-15,0.0,0.0
7,83,1.447873076916318e-15,0.0,0.0
7,84,8.880109564597767e-16,0.0,0.0
7,85,5.446357635657478e-16,0.0,0.0
7,86,3.340365485324743e-16,0.0,0.0
7,87,2.048716283796119e-16,0.0,0.0
7,88,1.2565207100633586e-16,0.0,0.0
7,89,7.706505323873568e-17,0.0,0.0
7,90,4.726561514763809e-17,0.0,0.0
7,91,2.898899412116057e-17,0.0,0.0
7,92,1.7779558724280686e-17,0.0,0.0
7,93,1.0904576651019377e-17,0.0,0.0
7,94,6.688005803854265e-18,0.0,0.0
7,95,4.101894375533318e-18,0.0,0.0
7,96,2.5157779406135377e-18,0.0,0.0
7,97,1.5429794302430797e-18,0.0,0.0
7,98,9.46341679732132e-19,0.0,0.0
7,99,5.804112208139681e-19,0.0,0.0
7,100,3.559783875757415e-19,0.0,0.0
7,101,2.1832901893817973e-19,0.0,0.0
7,102,1.3390577117653194e-19,0.0,0.0
7,103,8.212722084121516e-20,0.0,0.0
7,104,5.03703488194676e-20,0.0,0.0
7,105,3.0893192466602664e-20,0.0,0.0
7,106,1.8947443548568285e-20,0.0,0.0
7,107,1.1620864933732178e-20,0.0,0.0
7,108,7.127320446258855e-21,0.0,0.0
7,109,4.371335269219493e-21,0.0,0.0
7,110,2.6810316976771244e-21,0.0,0.0
7,111,1.644333028986106e-21,0.0,0.0
7,112,1.0085039697804587e-21,0.0,0.0
7,113,6.185366584104163e-22,0.0,0.0
7,114,3.793615189048879e-22,0.0,0.0
7,115,2.326703843158992e-22,0.0,0.0
7,116,1.427016316625432e-22,0.0,0.0
7,117,8.752190674814915e-23,0.0,0.0
7,118,5.367902294870788e-23,0.0,0.0
7,119,3.292247177634577e-23,0.0,0.0
7,120,2.0192043154361748e-23,0.0,0.0
7,121,1.238420400258482e-23,0.0,0.0
7,122,7.595492323643744e-24,0.0,0.0
7,123,4.658474910982549e-24,0.0,0.0
7,124,2.857140468525045e-24,0.0,0.0
7,125,1.7523442355862658e-24,0.0,0.0
7,126,1.0747495105053837e-24,0.0,0.0
7,127,6.591664393754888e-25,0.0,0.0
7,128,4.0428061660120527e-25,0.0,0.0
8,3,3.20850319158969e-222,0.0,0.0
8,4,2.147765298168573e-117,0.0,0.0
8,5,7.017011459151487e-62,0.0,0.0
8,6,1.530886789170592e-32,0.0,0.0
8,7,4.260002144023949e-17,0.0,0.0
8,8,4.995031116369909e-09,0.0,0.0
8,9,7.123842374519954e-05,0.0,0.0
8,10,0.008487281737647644,0.004032258064516129,0.020161290322580645
8,11,0.07974828034126298,0.020161290322580645,0.07258064516129033
8,12,0.1945939584327017,0.07258064516129033,0.15725806451612903
8,13,0.232124254289851,0.14516129032258066,0.20161290322580644
8,14,0.18937599739136007,0.10080645161290322,0.20161290322580644
8,15,0.12628495962406242,0.10483870967741936,0.14112903225806453
8,16,0.07566423028503465,0.07258064516129033,0.12903225806451613
8,17,0.04283050140953645,0.06854838709677419,0.05241935483870968
8,18,0.023524317347913812,0.020161290322580645,0.008064516129032258
8,19,0.012715337990660124,0.024193548387096774,0.012096774193548387
8,20,0.006814720126736459,0.020161290322580645,0.004032258064516129
8,21,0.0036358756500434204,0.008064516129032258,0.0
8,22,0.0019352188509484467,0.016129032258064516,0.0
8,23,0.0010287246264912666,0.028225806451612902,0.0
8,24,0.0005464811284266934,0.004032258064516129,0.0
8,25,0.00029019883383723844,0.004032258064516129,0.0
8,26,0.0001540755029543695,0.0,0.0
8,27,8.179517759317485e-05,0.004032258064516129,0.0
8,28,4.3420872098665365e-05,0.004032258064516129,0.0
8,29,2.3049262585327718e-05,0.016129032258064516,0.0
8,30,1.2235140881467312e-05,0.020161290322580645,0.0
8,31,6.494675155330811e-06,0.03225806451612903,0.0
8,32,3.44749818570849e-06,0.20967741935483872,0.0
8,33,1.8299940530287654e-06,0.0,0.0
8,34,9.713925985923168e-07,0.0,0.0
8,35,5.156317195936197e-07,0.0,0.0
8,36,2.737059978303006e-07,0.0,0.0
8,37,1.4528772566782762e-07,0.0,0.0
8,38,7.712114966033911e-08,0.0,0.0
8,39,4.0937191337020165e-08,0.0,0.0
8,40,2.1730142730272492e-08,0.0,0.0
8,41,1.1534721385054755e-08,0.0,0.0
8,42,6.122822020887185e-09,0.0,0.0
8,43,3.250095784518409e-09,0.0,0.0
8,44,1.725204905520667e-09,0.0,0.0
8,45,9.15767460407745e-10,0.0,0.0
8,46,4.861046003029328e-10,0.0,0.0
8,47,2.5803240732668933e-10,0.0,0.0
8,48,1.3696789369626464e-10,0.0,0.0
8,49,7.270483617260079e-11,0.0,0.0
8,50,3.859293634430207e-11,0.0,0.0
8,51,2.0485772529654733e-11,0.0,0.0
8,52,1.0874188799398963e-11,0.0,0.0
8,53,5.772200285488814e-12,0.0,0.0
8,54,3.0639799207378832e-12,0.0,0.0
8,55,1.6264115052049106e-12,0.0,0.0
8,56,8.633262791170838e-13,0.0,0.0
8,57,4.582679486885584e-13,0.0,0.0
8,58,2.43256249549049e-13,0.0,0.0
8,59,1.291244633494416e-13,0.0,0.0
8,60,6.854141287711516e-14,0.0,0.0
8,61,3.63829220066319e-14,0.0,0.0
8,62,1.9312660159396846e-14,0.0,0.0
8,63,1.025148124068655e-14,0.0,0.0
8,64,5.4416567557635755e-15,0.0,0.0
8,65,2.888521917205805e-15,0.0,0.0
8,66,1.533275478527959e-15,0.0,0.0
8,67,8.138881270214795e-16,0.0,0.0
8,68,4.320253552495934e-16,0.0,0.0
8,69,2.2932624445768934e-16,0.0,0.0
8,70,1.217301849487155e-16,0.0,0.0
8,71,6.461640691273974e-17,0.0,0.0
8,72,3.429946355599304e-17,0.0,0.0
8,73,1.8206725759567947e-17,0.0,0.0
8,74,9.664432866215874e-18,0.0,0.0
8,75,5.130041714200568e-18,0.0,0.0
8,76,2.723111470041457e-18,0.0,0.0
8,77,1.445472861895988e-18,0.0,0.0
8,78,7.672810376895692e-19,0.0,0.0
8,79,4.0728553701504545e-19,0.0,0.0
8,80,2.161939374406232e-19,0.0,0.0
8,81,1.147593379539847e-19,0.0,0.0
8,82,6.091616538162123e-20,0.0,0.0
8,83,3.233531380504259e-20,0.0,0.0
8,84,1.7164122401999395e-20,0.0,0.0
8,85,9.111001662364334e-21,0.0,0.0
8,86,4.836271225957701e-21,0.0,0.0
8,87,2.567173208588434e-21,0.0,0.0
8,88,1.3626982389907683e-21,0.0,0.0
8,89,7.233428910585951e-22,0.0,0.0
8,90,3.839624379587616e-22,0.0,0.0
8,91,2.0381364852771236e-22,0.0,0.0
8,92,1.0818767467728095e-22,0.0,0.0
8,93,5.742781720766671e-23,0.0,0.0
8,94,3.0483640572503586e-23,0.0,0.0
8,95,1.6181223451228965e-23,0.0,0.0
8,96,8.589262550706557e-24,0.0,0.0
8,97,4.559323427386843e-24,0.0,0.0
8,98,2.420164710625654e-24,0.0,0.0
8,99,1.2846636830751848e-24,0.0,0.0
8,100,6.819208508274067e-25,0.0,0.0
8,101,3.619749300299602e-25,0.0,0.0
8,102,1.9214231360019968e-25,0.0,0.0
8,103,1.0199233596807873e-25,0.0,0.0
8,104,5.413922837356063e-26,0.0,0.0
8,105,2.8738002920159474e-26,0.0,0.0
8,106,1.5254609950119212e-26,0.0,0.0
8,107,8.097400691926187e-27,0.0,0.0
8,108,4.298234971592619e-27,0.0,0.0
8,109,2.281574615597655e-27,0.0,0.0
8,110,1.2110977554609513e-27,0.0,0.0
8,111,6.428708328253991e-28,0.0,0.0
8,112,3.4124653095433007e-28,0.0,0.0
8,113,1.8113933459474713e-28,0.0,0.0
8,114,9.615177169909233e-29,0.0,0.0
8,115,5.10389597132947e-29,0.0,0.0
8,116,2.709232874842503e-29,0.0,0.0
8,117,1.438105872721276e-29,0.0,0.0
8,118,7.633705173002715e-30,0.0,0.0
8,119,4.0520976774859865e-30,0.0,0.0
8,120,2.150920845876568e-30,0.0,0.0
8,121,1.1417445613247892e-30,0.0,0.0
8,122,6.060570038240839e-31,0.0,0.0
8,123,3.2170513819486392e-31,0.0,0.0
8,124,1.707664382854275e-31,0.0,0.0
8,125,9.064566580539706e-32,0.0,0.0
8,126,4.811622712169025e-32,0.0,0.0
8,127,2.5540893674899067e-32,0.0,0.0
8,128,1.3557531185117233e-32,0.0,0.0
9,7,3.4329068726853224e-274,0.0,0.0
9,8,1.2915812926096088e-181,0.0,0.0
9,9,3.176837228870761e-120,0.0,0.0
9,10,1.558966530299563e-79,0.0,0.0
9,11,1.390576920170161e-52,0.0,0.0
9,12,9.391850043257984e-35,0.0,0.0
9,13,5.59765023075551e-23,0.0,0.0
9,14,3.1950135272507073e-15,0.0,0.0
9,15,3.920186096858796e-10,0.004032258064516129,0.0
9,16,8.154387128045071e-07,0.004032258064516129,0.0
9,17,0.00011325814038372516,0.012096774193548387,0.0
9,18,0.002609299104763993,0.04032258064516129,0.016129032258064516
9,19,0.018242034433487774,0.09274193548387097,0.008064516129032258
9,20,0.05778861033994603,0.0967741935483871,0.028225806451612902
9,21,0.10824629976555518,0.0846774193548387,0.09274193548387097
9,22,0.1430566650306003,0.10483870967741936,0.12096774193548387
9,23,0.14998746304654828,0.0846774193548387,0.14112903225806453
9,24,0.1348524690202653,0.0846774193548387,0.1774193548387097
9,25,0.10948623742248956,0.05241935483870968,0.16532258064516128
9,26,0.08307149801179507,0.008064516129032258,0.12903225806451613
9,27,0.06025925034921133,0.024193548387096774,0.056451612903225805
9,28,0.04242654506175131,0.012096774193548387,0.04032258064516129
9,29,0.02928534774698789,0.004032258064516129,0.020161290322580645
9,30,0.01995049579561188,0.0,0.0
9,31,0.013473088050561882,0.008064516129032258,0.004032258064516129
9,32,0.009046173962408725,0.28225806451612906,0.0
9,33,0.0060505220214511855,0.0,0.0
9,34,0.004036568331140598,0.0,0.0
9,35,0.002688413045062124,0.0,0.0
9,36,0.0017885096081370203,0.0,0.0
9,37,0.0011889466417984724,0.0,0.0
9,38,0.0007899839228201141,0.0,0.0
9,39,0.0005247244422030015,0.0,0.0
9,40,0.00034845725880078526,0.0,0.0
9,41,0.000231368801176416,0.0,0.0
9,42,0.0001536095784286093,0.0,0.0
9,43,0.00010197743059516201,0.0,0.0
9,44,6.769731196894095e-05,0.0,0.0
9,45,4.4939327013451045e-05,0.0,0.0
9,46,2.9831397072813113e-05,0.0,0.0
9,47,1.9802281828301793e-05,0.0,0.0
9,48,1.3144779565230763e-05,0.0,0.0
9,49,8.725473532267463e-06,0.0,0.0
9,50,5.791927656439839e-06,0.0,0.0
9,51,3.844644661466024e-06,0.0,0.0
9,52,2.552046543740166e-06,0.0,0.0
9,53,1.694027726299328e-06,0.0,0.0
9,54,1.1244810265392902e-06,0.0,0.0
9,55,7.464204797559759e-07,0.0,0.0
9,56,4.954671058339094e-07,0.0,0.0
9,57,3.288864776314542e-07,0.0,0.0
9,58,2.183117690600456e-07,0.0,0.0
9,59,1.44913298137429e-07,0.0,0.0
9,60,9.619207797583027e-08,0.0,0.0
9,61,6.385138986116356e-08,0.0,0.0
9,62,4.238394642070634e-08,0.0,0.0
9,63,2.8134060769226534e-08,0.0,0.0
9,64,1.867512190242627e-08,0.0,0.0
9,65,1.2396368168273521e-08,0.0,0.0
9,66,8.228591158583397e-09,0.0,0.0
9,67,5.46206044419366e-09,0.0,0.0
9,68,3.625663695441643e-09,0.0,0.0
9,69,2.4066810221061836e-09,0.0,0.0
9,70,1.597531934265016e-09,0.0,0.0
9,71,1.0604264777343941e-09,0.0,0.0
9,72,7.039009925657582e-10,0.0,0.0
9,73,4.672427722181325e-10,0.0,0.0
9,74,3.101513003297849e-10,0.0,0.0
9,75,2.0587547802441044e-10,0.0,0.0
9,76,1.3665818071078672e-10,0.0,0.0
9,77,9.071239825807323e-11,0.0,0.0
9,78,6.021402564136118e-11,0.0,0.0
9,79,3.99694964907965e-11,0.0,0.0
9,80,2.653137093368293e-11,0.0,0.0
9,81,1.761127122967394e-11,0.0,0.0
9,82,1.1690194038526297e-11,0.0,0.0
9,83,7.759839416218151e-12,0.0,0.0
9,84,5.150907467134695e-12,0.0,0.0
9,85,3.419123297767628e-12,0.0,0.0
9,86,2.269581466937882e-12,0.0,0.0
9,87,1.5065265527061184e-12,0.0,0.0
9,88,1.0000179711853775e-12,0.0,0.0
9,89,6.638024008916262e-13,0.0,0.0
9,90,4.4062570886306755e-13,0.0,0.0
9,91,2.9248314716888735e-13,0.0,0.0
9,92,1.94147526249749e-13,0.0,0.0
9,93,1.2887327804609736e-13,0.0,0.0
9,94,8.554485403528247e-14,0.0,0.0
9,95,5.678385901924478e-14,0.0,0.0
9,96,3.769258456841234e-14,0.0,0.0
9,97,2.5019978493631388e-14,0.0,0.0
9,98,1.6608023328450045e-14,0.0,0.0
9,99,1.102424764068235e-14,0.0,0.0
9,100,7.317790542532468e-15,0.0,0.0
9,101,4.8574796366840834e-15,0.0,0.0
9,102,3.224348699742239e-15,0.0,0.0
9,103,2.140291944615644e-15,0.0,0.0
9,104,1.4207053996836066e-15,0.0,0.0
9,105,9.430507075298127e-16,0.0,0.0
9,106,6.259880740726016e-16,0.0,0.0
9,107,4.1552491902322695e-16,0.0,0.0
9,108,2.7582148203870446e-16,0.0,0.0
9,109,1.8308767169214065e-16,0.0,0.0
9,110,1.2153185197135954e-16,0.0,0.0
9,111,8.067168535751542e-17,0.0,0.0
9,112,5.354909608351631e-17,0.0,0.0
9,113,3.554537975317634e-17,0.0,0.0
9,114,2.3594684396296403e-17,0.0,0.0
9,115,1.566192668714097e-17,0.0,0.0
9,116,1.0396237704789292e-17,0.0,0.0
9,117,6.9009235308974446e-18,0.0,0.0
9,118,4.580767286357392e-18,0.0,0.0
9,119,3.0406696781689137e-18,0.0,0.0
9,120,2.0183675602276447e-18,0.0,0.0
9,121,1.339773155048047e-18,0.0,0.0
9,122,8.893286546802012e-19,0.0,0.0
9,123,5.903278872660553e-19,0.0,0.0
9,124,3.918540267988092e-19,0.0,0.0
9,125,2.6010896932138265e-19,0.0,0.0
9,126,1.7265785546251043e-19,0.0,0.0
9,127,1.14608639335616e-19,0.0,0.0
9,128,7.6076122775737e-20,0.0,0.0
10,15,5.527247314851519e-270,0.0,0.0
10,16,7.320517485006791e-157,0.0,0.0
10,17,5.104192848079244e-91,0.0,0.0
10,18,9.808948184055346e-53,0.0,0.0
10,19,1.622599373174785e-30,0.0,0.0
10,20,1.1591009474352114e-17,0.004032258064516129,0.0
10,21,2.878514987042757e-10,0.0,0.0
10,22,4.700381236132113e-06,0.016129032258064516,0.0
10,23,0.001072004642065219,0.020161290322580645,0.0
10,24,0.020276852504650562,0.07661290322580645,0.016129032258064516
10,25,0.08984957716184709,0.0846774193548387,0.04032258064516129
10,26,0.1708533720946017,0.14112903225806453,0.08064516129032258
10,27,0.19840903852088906,0.13306451612903225,0.2540322580645161
10,28,0.1728444751215575,0.10887096774193548,0.20161290322580644
10,29,0.12734313023957783,0.06451612903225806,0.20967741935483872
10,30,0.08508912748941594,0.04032258064516129,0.13709677419354838
10,31,0.053708655161361085,0.020161290322580645,0.05241935483870968
10,32,0.032794410594448604,0.2903225806451613,0.008064516129032258
10,33,0.01964051106109854,0.0,0.0
10,34,0.011630749254274155,0.0,0.0
10,35,0.006842383797240711,0.0,0.0
10,36,0.004009985763630134,0.0,0.0
10,37,0.002344812143471331,0.0,0.0
10,38,0.0013693288011225103,0.0,0.0
10,39,0.0007990570152248392,0.0,0.0
10,40,0.0004660748062764215,0.0,0.0
10,41,0.00027178248721895093,0.0,0.0
10,42,0.00015846086132319934,0.0,0.0
10,43,9.238138997865359e-05,0.0,0.0
10,44,5.385484554588174e-05,0.0,0.0
10,45,3.1394396807644995e-05,0.0,0.0
10,46,1.8300879538493985e-05,0.0,0.0
10,47,1.0668107583193197e-05,0.0,0.0
10,48,6.2187092061920546e-06,0.0,0.0
10,49,3.625030110757739e-06,0.0,0.0
10,50,2.1131100568547945e-06,0.0,0.0
10,51,1.2317770497673672e-06,0.0,0.0
10,52,7.180286999291738e-07,0.0,0.0
10,53,4.1855383596285553e-07,0.0,0.0
10,54,2.4398366398513684e-07,0.0,0.0
10,55,1.4222309090524494e-07,0.0,0.0
10,56,8.290475544786216e-08,0.0,0.0
10,57,4.832687939102836e-08,0.0,0.0
10,58,2.8170726717069714e-08,0.0,0.0
10,59,1.6421292692732333e-08,0.0,0.0
10,60,9.57230723794284e-09,0.0,0.0
10,61,5.57989356179901e-09,0.0,0.0
10,62,3.2526340088134926e-09,0.0,0.0
10,63,1.8960268433600375e-09,0.0,0.0
10,64,1.1052327981666702e-09,0.0,0.0
10,65,6.442627865078477e-10,0.0,0.0
10,66,3.7555394539458884e-10,0.0,0.0
10,67,2.1891807011956807e-10,0.0,0.0
10,68,1.276118171750826e-10,0.0,0.0
10,69,7.438753627182605e-11,0.0,0.0
10,70,4.336201517115557e-11,0.0,0.0
10,71,2.5276604843956607e-11,0.0,0.0
10,72,1.4734249547830208e-11,0.0,0.0
10,73,8.588895188899178e-12,0.0,0.0
10,74,5.006642538941434e-12,0.0,0.0
10,75,2.9184742579075742e-12,0.0,0.0
10,76,1.7012382904924411e-12,0.0,0.0
10,77,9.916865681419231e-13,0.0,0.0
10,78,5.780743679052174e-13,0.0,0.0
10,79,3.369713632957902e-13,0.0,0.0
10,80,1.9642749442926553e-13,0.0,0.0
10,81,1.145016009383746e-13,0.0,0.0
10,82,6.674532328350413e-14,0.0,0.0
10,83,3.890721303204292e-14,0.0,0.0
10,84,2.2679809632368077e-14,0.0,0.0
10,85,1.3220524547384678e-14,0.0,0.0
10,86,7.706513949683035e-15,0.0,0.0
10,87,4.492284481133371e-15,0.0,0.0
10,88,2.618644433941696e-15,0.0,0.0
10,89,1.5264613584052953e-15,0.0,0.0
10,90,8.898055224691883e-16,0.0,0.0
10,91,5.186858242149161e-16,0.0,0.0
10,92,3.0235256744073633e-16,0.0,0.0
10,93,1.7624749081271834e-16,0.0,0.0
10,94,1.0273826440672662e-16,0.0,0.0
10,95,5.988823400908691e-17,0.0,0.0
10,96,3.491007555401458e-17,0.0,0.0
10,97,2.0349796505973087e-17,0.0,0.0
10,98,1.1862312276974986e-17,0.0,0.0
10,99,6.914784259153101e-18,0.0,0.0
10,100,4.0307690637549656e-18,0.0,0.0
10,101,2.3496176650512134e-18,0.0,0.0
10,102,1.3696401566548015e-18,0.0,0.0
10,103,7.983912389765337e-19,0.0,0.0
10,104,4.653985701115361e-19,0.0,0.0
10,105,2.7129033797956043e-19,0.0,0.0
10,106,1.5814068243360786e-19,0.0,0.0
10,107,9.2183435749383e-20,0.0,0.0
10,108,5.3735608673171416e-20,0.0,0.0
10,109,3.1323584503038684e-20,0.0,0.0
10,110,1.825915757438634e-20,0.0,0.0
10,111,1.0643636116866746e-20,0.0,0.0
10,112,6.20439301905075e-21,0.0,0.0
10,113,3.616667491464175e-21,0.0,0.0
10,114,2.1082293954703273e-21,0.0,0.0
10,115,1.228930001006482e-21,0.0,0.0
10,116,7.163684135221275e-22,0.0,0.0
10,117,4.1758578883412466e-22,0.0,0.0
10,118,2.4341929061174426e-22,0.0,0.0
10,119,1.4189407931566736e-22,0.0,0.0
10,120,8.271295875623382e-23,0.0,0.0
10,121,4.821507408346837e-23,0.0,0.0
10,122,2.8105552066219065e-23,0.0,0.0
10,123,1.6383300699267984e-23,0.0,0.0
10,124,9.550160807026032e-24,0.0,0.0
10,125,5.566983913328969e-24,0.0,0.0
10,126,3.2451086968570734e-24,0.0,0.0
10,127,1.8916401804581696e-24,0.0,0.0
10,128,1.102675721090466e-24,0.0,0.0
11,13,8.813069464923748e-205,0.0,0.0
11,14,7.661444410604322e-129,0.0,0.0
11,15,5.442170164191633e-81,0.0,0.0
11,16,7.262349855239958e-51,0.0,0.0
11,17,6.300978863233727e-32,0.0,0.0
11,18,4.7603779320728656e-20,0.0,0.0
11,19,1.2596462202058718e-12,0.0,0.0
11,20,5.139380781311105e-08,0.0,0.0
11,21,3.523343968870975e-05,0.008064516129032258,0.0
11,22,0.001832475631344578,0.04032258064516129,0.012096774193548387
11,23,0.018720357151267228,0.06451612903225806,0.028225806451612902
11,24,0.06847375202791088,0.08064516129032258,0.07258064516129033
11,25,0.13098512949340557,0.12096774193548387,0.08064516129032258
11,26,0.16643996185435378,0.0967741935483871,0.1975806451612903
11,27,0.16336935860754814,0.13306451612903225,0.18951612903225806
11,28,0.13624577270069607,0.0846774193548387,0.1814516129032258
11,29,0.1025223350290909,0.04435483870967742,0.14112903225806453
11,30,0.07229877349640122,0.028225806451612902,0.0846774193548387
11,31,0.048939223775430314,0.008064516129032258,0.012096774193548387
11,32,0.03228184119150719,0.2903225806451613,0.0
11,33,0.020949587074302303,0.0,0.0
11,34,0.013456183331288734,0.0,0.0
11,35,0.008587106297839623,0.0,0.0
11,36,0.005457467322393825,0.0,0.0
11,37,0.0034594868834712535,0.0,0.0
11,38,0.0021893894828887736,0.0,0.0
11,39,0.001384161570766435,0.0,0.0
11,40,0.0008745166456590843,0.0,0.0
11,41,0.000552294995671362,0.0,0.0
11,42,0.0003487077767146387,0.0,0.0
11,43,0.00022013097496301226,0.0,0.0
11,44,0.00013894914308570108,0.0,0.0
11,45,8.770054855932803e-05,0.0,0.0
11,46,5.535169190768866e-05,0.0,0.0
11,47,3.493399290484326e-05,0.0,0.0
11,48,2.2047454095788523e-05,0.0,0.0
11,49,1.3914390277060184e-05,0.0,0.0
11,50,8.78146718657768e-06,0.0,0.0
11,51,5.542021401431691e-06,0.0,0.0
11,52,3.4975842666930526e-06,0.0,0.0
11,53,2.207331002906904e-06,0.0,0.0
11,54,1.393048672024507e-06,0.0,0.0
11,55,8.79153753391155e-07,0.0,0.0
11,56,5.54834170040225e-07,0.0,0.0
11,57,3.501559028108075e-07,0.0,0.0
11,58,2.2098339067978587e-07,0.0,0.0
11,59,1.3946260368255919e-07,0.0,0.0
11,60,8.801483448749947e-08,0.0,0.0
11,61,5.5546150479737374e-08,0.0,0.0
11,62,3.5055167356681804e-08,0.0,0.0
11,63,2.212331057347038e-08,0.0,0.0
11,64,1.3962017658553676e-08,0.0,0.0
11,65,8.811426986721705e-09,0.0,0.0
11,66,5.560890060489433e-09,0.0,0.0
11,67,3.5094767545472575e-09,0.0,0.0
11,68,2.2148301686392375e-09,0.0,0.0
11,69,1.3977789322777364e-09,0.0,0.0
11,70,8.82138039252232e-10,0.0,0.0
11,71,5.567171617804632e-10,0.0,0.0
11,72,3.513441030190512e-10,0.0,0.0
11,73,2.2173320166950843e-10,0.0,0.0
11,74,1.3993578459131718e-10,0.0,0.0
11,75,8.831344904806247e-11,0.0,0.0
11,76,5.5734602162126074e-11,0.0,0.0
11,77,3.517409762128994e-11,0.0,0.0
11,78,2.2198366821614878e-11,0.0,0.0
11,79,1.4009385396246501e-11,0.0,0.0
11,80,8.841320659147443e-12,0.0,0.0
11,81,5.579755912667481e-12,0.0,0.0
11,82,3.5213829749127516e-12,0.0,0.0
11,83,2.2223441759940497e-12,0.0,0.0
11,84,1.4025210185188387e-12,0.0,0.0
11,85,8.85130768057546e-13,0.0,0.0
11,86,5.586058720098194e-13,0.0,0.0
11,87,3.525360675559315e-13,0.0,0.0
11,88,2.2248545021667042e-13,0.0,0.0
11,89,1.4041052849225389e-13,0.0,0.0
11,90,8.861305983053221e-14,0.0,0.0
11,91,5.59236864702946e-14,0.0,0.0
11,92,3.5293428693341836e-14,0.0,0.0
11,93,2.227367663956902e-14,0.0,0.0
11,94,1.4056913408859942e-14,0.0,0.0
11,95,8.871315579447525e-15,0.0,0.0
11,96,5.598685701552646e-15,0.0,0.0
11,97,3.5333295613323354e-15,0.0,0.0
11,98,2.2298836645755514e-15,0.0,0.0
11,99,1.4072791884337904e-15,0.0,0.0
11,100,8.881336482528208e-16,0.0,0.0
11,101,5.605009891723994e-16,0.0,0.0
11,102,3.5373207566369003e-16,0.0,0.0
11,103,2.232402507230118e-16,0.0,0.0
11,104,1.408868829589964e-16,0.0,0.0
11,105,8.891368705068396e-17,0.0,0.0
11,106,5.611341225604203e-17,0.0,0.0
11,107,3.5413164603348955e-17,0.0,0.0
11,108,2.234924195131017e-17,0.0,0.0
11,109,1.4104602663806074e-17,0.0,0.0
11,110,8.901412259854437e-18,0.0,0.0
11,111,5.617679711262857e-18,0.0,0.0
11,112,3.54531667751901e-18,0.0,0.0
11,113,2.237448731492179e-18,0.0,0.0
11,114,1.412053500834032e-18,0.0,0.0
11,115,8.91146715968719e-19,0.0,0.0
11,116,5.624025356778416e-19,0.0,0.0
11,117,3.5493214132875817e-19,0.0,0.0
11,118,2.2399761195312143e-19,0.0,0.0
11,119,1.4136485349808406e-19,0.0,0.0
11,120,8.921533417381723e-20,0.0,0.0
11,121,5.630378170238625e-20,0.0,0.0
11,122,3.553330672744712e-20,0.0,0.0
11,123,2.242506362469302e-20,0.0,0.0
11,124,1.415245370853959e-20,0.0,0.0
11,125,8.931611045767829e-21,0.0,0.0
11,126,5.636738159740206e-21,0.0,0.0
11,127,3.557344461000339e-21,0.0,0.0
11,128,2.245039463531325e-21,0.0,0.0
12,6,9.17604614394641e-309,0.0,0.0
12,7,4.281111137753132e-203,0.0,0.0
12,8,1.6496658410097271e-133,0.0,0.0
12,9,1.048301243573181e-87,0.0,0.0
12,10,1.4063717046382475e-57,0.0,0.0
12,11,8.786835986325487e-38,0.0,0.0
12,12,8.505624157183757e-25,0.0,0.0
12,13,2.6737808119370187e-16,0.0,0.0
12,14,9.250285735881245e-11,0.0,0.0
12,15,3.5915042118999947e-07,0.0,0.0
12,16,7.23088352091577e-05,0.016129032258064516,0.0
12,17,0.002070201124109939,0.028225806451612902,0.012096774193548387
12,18,0.016387198299710994,0.07258064516129033,0.008064516129032258
12,19,0.055589911945355716,0.09274193548387097,0.06048387096774194
12,20,0.10787821686737589,0.14112903225806453,0.06451612903225806
12,21,0.1448777876111119,0.08064516129032258,0.17338709677419356
12,22,0.1526503927977681,0.06854838709677419,0.12903225806451613
12,23,0.13706994310060333,0.05241935483870968,0.125
12,24,0.11076691778563495,0.08064516129032258,0.1532258064516129
12,25,0.08350377858603313,0.028225806451612902,0.11290322580645161
12,26,0.06013338143896866,0.036290322580645164,0.09274193548387097
12,27,0.042016286956634945,0.008064516129032258,0.04435483870967742
12,28,0.028779314552443997,0.004032258064516129,0.020161290322580645
12,29,0.019455795043105455,0.0,0.004032258064516129
12,30,0.013039603401793793,0.0,0.0
12,31,0.0086897253120388,0.004032258064516129,0.0
12,32,0.0057692219628289925,0.2862903225806452,0.0
12,33,0.003820795465181027,0.0,0.0
12,34,0.00252628307114071,0.0,0.0
12,35,0.0016685659347179245,0.0,0.0
12,36,0.0011012781442377706,0.0,0.0
12,37,0.0007265204622220619,0.0,0.0
12,38,0.0004791428387399831,0.0,0.0
12,39,0.00031593231014406434,0.0,0.0
12,40,0.0002082883649227746,0.0,0.0
12,41,0.0001373085880182533,0.0,0.0
12,42,9.051179186856894e-05,0.0,0.0
12,43,5.966175105355469e-05,0.0,0.0
12,44,3.932564626084297e-05,0.0,0.0
12,45,2.5920806924539115e-05,0.0,0.0
12,46,1.7085055919005252e-05,0.0,0.0
12,47,1.1261108780400777e-05,0.0,0.0
12,48,7.422391098875955e-06,0.0,0.0
12,49,4.892210683016759e-06,0.0,0.0
12,50,3.224523677979902e-06,0.0,0.0
12,51,2.1253252248613836e-06,0.0,0.0
12,52,1.4008280609130233e-06,0.0,0.0
12,53,9.233025001019129e-07,0.0,0.0
12,54,6.085594639248774e-07,0.0,0.0
12,55,4.011085486846052e-07,0.0,0.0
12,56,2.6437521733161287e-07,0.0,0.0
12,57,1.7425270030575067e-07,0.0,0.0
12,58,1.1485192005726591e-07,0.0,0.0
12,59,7.570019217461567e-08,0.0,0.0
12,60,4.98948464156867e-08,0.0,0.0
12,61,3.288625266060738e-08,0.0,0.0
12,62,2.1675697526045703e-08,0.0,0.0
12,63,1.4286694923323856e-08,0.0,0.0
12,64,9.416520522745262e-09,0.0,0.0
12,65,6.20653404290056e-09,0.0,0.0
12,66,4.090796025083926e-09,0.0,0.0
12,67,2.6962894224404226e-09,0.0,0.0
12,68,1.7771545187527689e-09,0.0,0.0
12,69,1.1713424215012427e-09,0.0,0.0
12,70,7.720448915672239e-10,0.0,0.0
12,71,5.088634232477398e-10,0.0,0.0
12,72,3.3539757375770945e-10,0.0,0.0
12,73,2.2106429216044262e-10,0.0,0.0
12,74,1.4570594747095993e-10,0.0,0.0
12,75,9.603641962987655e-11,0.0,0.0
12,76,6.329867829718696e-11,0.0,0.0
12,77,4.172086682849465e-11,0.0,0.0
12,78,2.7498689952387486e-11,0.0,0.0
12,79,1.8124694105643314e-11,0.0,0.0
12,80,1.1946188599871879e-11,0.0,0.0
12,81,7.873866517755611e-12,0.0,0.0
12,82,5.189753486722255e-12,0.0,0.0
12,83,3.4206245676315804e-12,0.0,0.0
12,84,2.254571910323581e-12,0.0,0.0
12,85,1.4860135622351468e-12,0.0,0.0
12,86,9.794481591090482e-13,0.0,0.0
12,87,6.455652362544851e-13,0.0,0.0
12,88,4.2549926750518106e-13,0.0,0.0
12,89,2.8045132618640903e-13,0.0,0.0
12,90,1.8484860578226116e-13,0.0,0.0
12,91,1.218357835003852e-13,0.0,0.0
12,92,8.030332757087225e-14,0.0,0.0
12,93,5.2928821350208594e-14,0.0,0.0
12,94,3.488597813147644e-14,0.0,0.0
12,95,2.2993738366800682e-14,0.0,0.0
12,96,1.515543012978733e-14,0.0,0.0
12,97,9.989113503635184e-15,0.0,0.0
12,98,6.583936432948141e-15,0.0,0.0
12,99,4.33954614063866e-15,0.0,0.0
12,100,2.86024339671509e-15,0.0,0.0
12,101,1.885218413013178e-15,0.0,0.0
12,102,1.2425685411408259e-15,0.0,0.0
12,103,8.189908229068609e-16,0.0,0.0
12,104,5.398060113366728e-16,0.0,0.0
12,105,3.5579217950326914e-16,0.0,0.0
12,106,2.3450660484907884e-16,0.0,0.0
12,107,1.545659260825229e-16,0.0,0.0
12,108,1.0187613061526856e-16,0.0,0.0
12,109,6.714769711662091e-17,0.0,0.0
12,110,4.42577981793677e-17,0.0,0.0
12,111,2.917080977898194e-17,0.0,0.0
12,112,1.9226806984678283e-17,0.0,0.0
12,113,1.2672603524788918e-17,0.0,0.0
12,114,8.352654719240147e-18,0.0,0.0
12,115,5.505328145268142e-18,0.0,0.0
12,116,3.628623354592415e-18,0.0,0.0
12,117,2.391666237154389e-18,0.0,0.0
12,118,1.576373966370709e-18,0.0,0.0
12,119,1.039005712104682e-18,0.0,0.0
12,120,6.84820285551638e-19,0.0,0.0
12,121,4.513727095426945e-19,0.0,0.0
12,122,2.975048012133559e-19,0.0,0.0
12,123,1.96088741906153e-19,0.0,0.0
12,124,1.2924428293432098e-19,0.0,0.0
12,125,8.518635240773433e-20,0.0,0.0
12,126,5.614727763410937e-20,0.0,0.0
12,127,3.700729866484496e-20,0.0,0.0
12,128,2.4391924456138587e-20,0.0,0.0
13,9,1.395077648113808e-237,0.0,0.0
13,10,3.0334286476673275e-148,0.0,0.0
13,11,2.043731193729944e-92,0.0,0.0
13,12,1.479325250461968e-57,0.0,0.0
13,13,8.091215942338618e-36,0.0,0.0
13,14,2.7214246314561446e-22,0.0,0.0
13,15,6.656893421003578e-14,0.0,0.0
13,16,9.916201241337533e-09,0.004032258064516129,0.0
13,17,1.4365320287509748e-05,0.004032258064516129,0.004032258064516129
13,18,0.0011459612664721534,0.024193548387096774,0.004032258064516129
13,19,0.014897287520264892,0.04032258064516129,0.024193548387096774
13,20,0.062228444325454116,0.06854838709677419,0.04435483870967742
13,21,0.12774121559583376,0.11693548387096774,0.0846774193548387
13,22,0.1681117655482662,0.11693548387096774,0.17338709677419356
13,23,0.16751144844729535,0.0967741935483871,0.18951612903225806
13,24,0.14024418080452072,0.05241935483870968,0.16532258064516128
13,25,0.10529631595532724,0.07258064516129033,0.1532258064516129
13,26,0.07384736889997423,0.04838709677419355,0.0846774193548387
13,27,0.049628370276218824,0.008064516129032258,0.03225806451612903
13,28,0.032473674663063466,0.03225806451612903,0.024193548387096774
13,29,0.02089671138137879,0.016129032258064516,0.016129032258064516
13,30,0.013307134378946754,0.012096774193548387,0.0
13,31,0.00841880010616207,0.012096774193548387,0.0
13,32,0.0053044220873729895,0.27419354838709675,0.0
13,33,0.0033335998676778983,0.0,0.0
13,34,0.002091667784168005,0.0,0.0
13,35,0.0013111014853061027,0.0,0.0
13,36,0.00082131036471517,0.0,0.0
13,37,0.0005142895593676231,0.0,0.0
13,38,0.0003219595871531272,0.0,0.0
13,39,0.00020152466819773503,0.0,0.0
13,40,0.00012612851007728004,0.0,0.0
13,41,7.893546246885107e-05,0.0,0.0
13,42,4.9398604538702996e-05,0.0,0.0
13,43,3.091341329861383e-05,0.0,0.0
13,44,1.9345182438450535e-05,0.0,0.0
13,45,1.2105833266706415e-05,0.0,0.0
13,46,7.575547686240588e-06,0.0,0.0
13,47,4.740583644276935e-06,0.0,0.0
13,48,2.9665290691215e-06,0.0,0.0
13,49,1.8563710535608201e-06,0.0,0.0
13,50,1.1616641381280828e-06,0.0,0.0
13,51,7.269359316984612e-07,0.0,0.0
13,52,4.5489539364656094e-07,0.0,0.0
13,53,2.846602639894619e-07,0.0,0.0
13,54,1.78132062918076e-07,0.0,0.0
13,55,1.1146982264480062e-07,0.0,0.0
13,56,6.975454331834084e-08,0.0,0.0
13,57,4.365034442565488e-08,0.0,0.0
13,58,2.7315102904139078e-08,0.0,0.0
13,59,1.7092988537687147e-08,0.0,0.0
13,60,1.0696289733580773e-08,0.0,0.0
13,61,6.693423635556685e-09,0.0,0.0
13,62,4.188547705584926e-09,0.0,0.0
13,63,2.6210699937893885e-09,0.0,0.0
13,64,1.640188529925547e-09,0.0,0.0
13,65,1.0263817517148265e-09,0.0,0.0
13,66,6.422795187970279e-10,0.0,0.0
13,67,4.0191963609098213e-10,0.0,0.0
13,68,2.515094894308156e-10,0.0,0.0
13,69,1.5738724258755684e-10,0.0,0.0
13,70,9.848830826825381e-11,0.0,0.0
13,71,6.163108715555672e-11,0.0,0.0
13,72,3.8566922009852596e-11,0.0,0.0
13,73,2.4134045689190285e-11,0.0,0.0
13,74,1.5102376102827487e-11,0.0,0.0
13,75,9.450622862281582e-12,0.0,0.0
13,76,5.9139218806738234e-12,0.0,0.0
13,77,3.7007584071734e-12,0.0,0.0
13,78,2.3158257860991416e-12,0.0,0.0
13,79,1.4491756773855552e-12,0.0,0.0
13,80,9.068515242081e-13,0.0,0.0
13,81,5.674810168231953e-13,0.0,0.0
13,82,3.551129328870177e-13,0.0,0.0
13,83,2.2221923089083327e-13,0.0,0.0
13,84,1.3905826007587045e-13,0.0,0.0
13,85,8.701856998518121e-14,0.0,0.0
13,86,5.4453662214198286e-14,0.0,0.0
13,87,3.4075500540205265e-14,0.0,0.0
13,88,2.1323446208228553e-14,0.0,0.0
13,89,1.3343585596306431e-14,0.0,0.0
13,90,8.350023482472827e-15,0.0,0.0
13,91,5.2251991531531835e-15,0.0,0.0
13,92,3.2697759769685168e-15,0.0,0.0
13,93,2.0461296548110706e-15,0.0,0.0
13,94,1.2804077691520732e-15,0.0,0.0
13,95,8.012415300516936e-16,0.0,0.0
13,96,5.013933880647479e-16,0.0,0.0
13,97,3.1375723819361635e-16,0.0,0.0
13,98,1.9634005326406978e-16,0.0,0.0
13,99,1.2286383172441613e-16,0.0,0.0
13,100,7.688457293888297e-17,0.0,0.0
13,101,4.8112104864622616e-17,0.0,0.0
13,102,3.010714043172878e-17,0.0,0.0
13,103,1.8840163146600284e-17,0.0,0.0
13,104,1.1789620080173663e-17,0.0,0.0
13,105,7.377597558645122e-18,0.0,0.0
13,106,4.616683605340091e-18,0.0,0.0
13,107,2.8889848412564205e-18,0.0,0.0
13,108,1.807841759689866e-18,0.0,0.0
13,109,1.1312942115186548e-18,0.0,0.0
13,110,7.07930650542765e-19,0.0,0.0
13,111,4.430021835832918e-19,0.0,0.0
13,112,2.7721773949058293e-19,0.0,0.0
13,113,1.7347470946228477e-19,0.0,0.0
13,114,1.0855537195535921e-19,0.0,0.0
13,115,6.79307595723533e-20,0.0,0.0
13,116,4.250907175717236e-20,0.0,0.0
13,117,2.6600927076809208e-20,0.0,0.0
13,118,1.664607793338429e-20,0.0,0.0
13,119,1.0416626073377542e-20,0.0,0.0
13,120,6.518418283682069e-21,0.0,0.0
13,121,4.0790344802367754e-21,0.0,0.0
13,122,2.5525398289662974e-21,0.0,0.0
13,123,1.5973043645566568e-21,0.0,0.0
13,124,9.995461007419266e-22,0.0,0.0
13,125,6.2548655702553105e-22,0.0,0.0
13,126,3.9141109422492328e-22,0.0,0.0
13,127,2.449335528662645e-22,0.0,0.0
13,128,1.5327221482694389e-22,0.0,0.0
14,1,6.53915761888255e-290,0.0,0.0
14,2,5.842092928726328e-178,0.0,0.0
14,3,3.8888954825574185e-109,0.0,0.0
14,4,7.388089060362875e-67,0.0,0.0
14,5,6.448174920461891e-41,0.0,0.0
14,6,4.950544426428612e-25,0.0,0.0
14,7,2.4588565934570142e-15,0.0,0.0
14,8,1.894465432267761e-09,0.0,0.0
14,9,6.60165360346394e-06,0.0,0.0
14,10,0.0008293883739522927,0.0,0.008064516129032258
14,11,0.013479672922916073,0.0,0.020161290322580645
14,12,0.062220863816201545,0.024193548387096774,0.06854838709677419
14,13,0.13235129911873142,0.06451612903225806,0.1774193548387097
14,14,0.17475562860375643,0.08064516129032258,0.11290322580645161
14,15,0.17205750458516544,0.0967741935483871,0.1693548387096774
14,16,0.14140536869116518,0.11693548387096774,0.1774193548387097
14,17,0.10398559794508953,0.0967741935483871,0.10483870967741936
14,18,0.07141044757665779,0.07661290322580645,0.07661290322580645
14,19,0.04701742616420126,0.08870967741935484,0.04032258064516129
14,20,0.03016461632122831,0.036290322580645164,0.028225806451612902
14,21,0.019046164506226246,0.028225806451612902,0.008064516129032258
14,22,0.011908372545942092,0.020161290322580645,0.004032258064516129
14,23,0.0074006922130974585,0.004032258064516129,0.004032258064516129
14,24,0.004582227543248263,0.004032258064516129,0.0
14,25,0.0028306525697914687,0.020161290322580645,0.0
14,26,0.0017461616662757492,0.008064516129032258,0.0
14,27,0.0010762313361049488,0.008064516129032258,0.0
14,28,0.0006629716590097743,0.016129032258064516,0.0
14,29,0.00040826447501866625,0.004032258064516129,0.0
14,30,0.0002513624429759014,0.016129032258064516,0.0
14,31,0.00015474090294541424,0.004032258064516129,0.0
14,32,9.525254592123994e-05,0.18548387096774194,0.0
14,33,5.863103750107641e-05,0.0,0.0
14,34,3.608826156174557e-05,0.0,0.0
14,35,2.2212456304738826e-05,0.0,0.0
14,36,1.36716973658059e-05,0.0,0.0
14,37,8.414830015134564e-06,0.0,0.0
14,38,5.179244930014216e-06,0.0,0.0
14,39,3.1877660312692556e-06,0.0,0.0
14,40,1.962030445416371e-06,0.0,0.0
14,41,1.2076042258634445e-06,0.0,0.0
14,42,7.432642536716534e-07,0.0,0.0
14,43,4.574690413667574e-07,0.0,0.0
14,44,2.8156591063004353e-07,0.0,0.0
14,45,1.732999259222217e-07,0.0,0.0
14,46,1.0666369974051685e-07,0.0,0.0
14,47,6.565002368674377e-08,0.0,0.0
14,48,4.0406675190450764e-08,0.0,0.0
14,49,2.486974528881636e-08,0.0,0.0
14,50,1.5306981339150136e-08,0.0,0.0
14,51,9.421233439304392e-09,0.0,0.0
14,52,5.798637702455626e-09,0.0,0.0
14,53,3.5689805718603235e-09,0.0,0.0
14,54,2.196657724351698e-09,0.0,0.0
14,55,1.3520121658136643e-09,0.0,0.0
14,56,8.321446145299793e-10,0.0,0.0
14,57,5.12173393639038e-10,0.0,0.0
14,58,3.152355738472172e-10,0.0,0.0
14,59,1.9402309498590422e-10,0.0,0.0
14,60,1.1941850637244114e-10,0.0,0.0
14,61,7.35004235677093e-11,0.0,0.0
14,62,4.5238484624715615e-11,0.0,0.0
14,63,2.7843655747228748e-11,0.0,0.0
14,64,1.7137381408570427e-11,0.0,0.0
14,65,1.0547819015093104e-11,0.0,0.0
14,66,6.492035353717383e-12,0.0,0.0
14,67,3.995757129836301e-12,0.0,0.0
14,68,2.459332731677701e-12,0.0,0.0
14,69,1.5136849634656652e-12,0.0,0.0
14,70,9.316519636028742e-13,0.0,0.0
14,71,5.734187775092956e-13,0.0,0.0
14,72,3.529312524911094e-13,0.0,0.0
14,73,2.1722425890195383e-13,0.0,0.0
14,74,1.3369849885052765e-13,0.0,0.0
14,75,8.228955957884813e-14,0.0,0.0
14,76,5.064807513845758e-14,0.0,0.0
14,77,3.117318318823695e-14,0.0,0.0
14,78,1.918665906711815e-14,0.0,0.0
14,79,1.1809120805370126e-14,0.0,0.0
14,80,7.268348997498051e-15,0.0,0.0
14,81,4.473567340034893e-15,0.0,0.0
14,82,2.75341824570006e-15,0.0,0.0
14,83,1.6946904918379781e-15,0.0,0.0
14,84,1.043058339433581e-15,0.0,0.0
14,85,6.419878465724865e-16,0.0,0.0
14,86,3.95134557258411e-16,0.0,0.0
14,87,2.4319980381773754e-16,0.0,0.0
14,88,1.496860841212252e-16,0.0,0.0
14,89,9.212969512236307e-17,0.0,0.0
14,90,5.670454119479506e-17,0.0,0.0
14,91,3.490085349616766e-17,0.0,0.0
14,92,2.1480988102462137e-17,0.0,0.0
14,93,1.3221248297231138e-17,0.0,0.0
14,94,8.137493755094086e-18,0.0,0.0
14,95,5.008513804862404e-18,0.0,0.0
14,96,3.0826703268182408e-18,0.0,0.0
14,97,1.897340551326818e-18,0.0,0.0
14,98,1.1677866220046938e-18,0.0,0.0
14,99,7.187563632577581e-19,0.0,0.0
14,100,4.423845075709748e-19,0.0,0.0
14,101,2.722814886142853e-19,0.0,0.0
14,102,1.6758545512608705e-19,0.0,0.0
14,103,1.0314650809626967e-19,0.0,0.0
14,104,6.348523578283738e-20,0.0,0.0
14,105,3.907427635495732e-20,0.0,0.0
14,106,2.4049671610045943e-20,0.0,0.0
14,107,1.4802237136700457e-20,0.0,0.0
14,108,9.110570314797617e-21,0.0,0.0
14,109,5.607428842973768e-21,0.0,0.0
14,110,3.45129417177572e-21,0.0,0.0
14,111,2.1242233818193566e-21,0.0,0.0
14,112,1.3074298368331885e-21,0.0,0.0
14,113,8.047048125313508e-22,0.0,0.0
14,114,4.95284578237548e-22,0.0,0.0
14,115,3.048407436116714e-22,0.0,0.0
14,116,1.8762522204183545e-22,0.0,0.0
14,117,1.1548070487287702e-22,0.0,0.0
14,118,7.107676171044366e-23,0.0,0.0
14,119,4.374675458384505e-23,0.0,0.0
14,120,2.69255167309902e-23,0.0,0.0
14,121,1.657227966114228e-23,0.0,0.0
14,122,1.020000677836611e-23,0.0,0.0
14,123,6.277961777501325e-24,0.0,0.0
14,124,3.8639978321741106e-24,0.0,0.0
14,125,2.3782367233507854e-24,0.0,0.0
14,126,1.463771502457567e-24,0.0,0.0
14,127,9.009309251553572e-25,0.0,0.0
14,128,5.545104072176203e-25,0.0,0.0
15,3,7.245914552921636e-293,0.0,0.0
15,4,1.0727481807471384e-154,0.0,0.0
15,5,1.5042255436094747e-81,0.0,0.0
15,6,6.9189193930437264e-43,0.0,0.0
15,7,1.6396359330964143e-22,0.0,0.0
15,8,7.775646357230564e-12,0.0,0.0
15,9,2.6496225233960494e-06,0.0,0.0
15,10,0.0016898449403155494,0.0,0.004032258064516129
15,11,0.03853702869091244,0.024193548387096774,0.04032258064516129
15,12,0.15021546267491823,0.056451612903225805,0.16532258064516128
15,13,0.229447336912081,0.10080645161290322,0.20161290322580644
15,14,0.21324372888251042,0.13306451612903225,0.18951612903225806
15,15,0.15227796253930337,0.0967741935483871,0.1532258064516129
15,16,0.09456069446426318,0.10887096774193548,0.12096774193548387
15,17,0.05452552907904498,0.08064516129032258,0.06451612903225806
15,18,0.03022878750165876,0.04032258064516129,0.028225806451612902
15,19,0.016413063527178445,0.020161290322580645,0.016129032258064516
15,20,0.008813695704737983,0.020161290322580645,0.008064516129032258
15,21,0.0047052270415580445,0.028225806451612902,0.008064516129032258
15,22,0.0025041074487277856,0.024193548387096774,0.0
15,23,0.001330482923406952,0.012096774193548387,0.0
15,24,0.0007062946479887568,0.016129032258064516,0.0
15,25,0.00037476682612460146,0.008064516129032258,0.0
15,26,0.0001988060355937607,0.012096774193548387,0.0
15,27,0.00010544872900695197,0.004032258064516129,0.0
15,28,5.592720244306563e-05,0.012096774193548387,0.0
15,29,2.9661213308934175e-05,0.004032258064516129,0.0
15,30,1.5730635940171224e-05,0.004032258064516129,0.0
15,31,8.342556714830164e-06,0.012096774193548387,0.0
15,32,4.424352074764754e-06,0.1814516129032258,0.0
15,33,2.346383147721114e-06,0.0,0.0
15,34,1.2443642167628265e-06,0.0,0.0
15,35,6.599267650912481e-07,0.0,0.0
15,36,3.499804486010766e-07,0.0,0.0
15,37,1.856058774540514e-07,0.0,0.0
15,38,9.843274871485273e-08,0.0,0.0
15,39,5.220203975766217e-08,0.0,0.0
15,40,2.7684412933185314e-08,0.0,0.0
15,41,1.4681930229129633e-08,0.0,0.0
15,42,7.786297426561668e-09,0.0,0.0
15,43,4.129322668011343e-09,0.0,0.0
15,44,2.189911933264866e-09,0.0,0.0
15,45,1.1613803652883602e-09,0.0,0.0
15,46,6.159171660566014e-10,0.0,0.0
15,47,3.2664057928667963e-10,0.0,0.0
15,48,1.7322794994818778e-10,0.0,0.0
15,49,9.186832421548588e-11,0.0,0.0
15,50,4.8720711618289556e-11,0.0,0.0
15,51,2.5838152168193808e-11,0.0,0.0
15,52,1.3702798774490993e-11,0.0,0.0
15,53,7.267032604740265e-12,0.0,0.0
15,54,3.8539398955793234e-12,0.0,0.0
15,55,2.0438676316123826e-12,0.0,0.0
15,56,1.0839283976221052e-12,0.0,0.0
15,57,5.748419090349454e-13,0.0,0.0
15,58,3.048570561558611e-13,0.0,0.0
15,59,1.6167545063654925e-13,0.0,0.0
15,60,8.574166420200845e-14,0.0,0.0
15,61,4.5471547790246763e-14,0.0,0.0
15,62,2.4115016633794274e-14,0.0,0.0
15,63,1.2788964869432e-14,0.0,0.0
15,64,6.782397247130983e-15,0.0,0.0
15,65,3.596922259739773e-15,0.0,0.0
15,66,1.9075629561633837e-15,0.0,0.0
15,67,1.0116416672263557e-15,0.0,0.0
15,68,5.365059431259285e-16,0.0,0.0
15,69,2.8452626689311515e-16,0.0,0.0
15,70,1.5089338261651091e-16,0.0,0.0
15,71,8.002358856381407e-17,0.0,0.0
15,72,4.243906933218876e-17,0.0,0.0
15,73,2.2506796284773887e-17,0.0,0.0
15,74,1.1936074164098226e-17,0.0,0.0
15,75,6.330082018258491e-18,0.0,0.0
15,76,3.3570450222572404e-18,0.0,0.0
15,77,1.7803483823678177e-18,0.0,0.0
15,78,9.441757085725573e-19,0.0,0.0
15,79,5.007265867104398e-19,0.0,0.0
15,80,2.655513294424284e-19,0.0,0.0
15,81,1.4083036619227791e-19,0.0,0.0
15,82,7.468684899260099e-20,0.0,0.0
15,83,3.9608825591120623e-20,0.0,0.0
15,84,2.1005827476578175e-20,0.0,0.0
15,85,1.1140062382326232e-20,0.0,0.0
15,86,5.9079315023649775e-21,0.0,0.0
15,87,3.1331650971731836e-21,0.0,0.0
15,88,1.6616176951636216e-21,0.0,0.0
15,89,8.812090264160997e-22,0.0,0.0
15,90,4.673333405737106e-22,0.0,0.0
15,91,2.478418226150317e-22,0.0,0.0
15,92,1.3143844811442988e-22,0.0,0.0
15,93,6.970601434594952e-23,0.0,0.0
15,94,3.696732961855717e-23,0.0,0.0
15,95,1.9604957648915617e-23,0.0,0.0
15,96,1.0397136292550423e-23,0.0,0.0
15,97,5.513934027388648e-24,0.0,0.0
15,98,2.9242156304307346e-24,0.0,0.0
15,99,1.5508051077109197e-24,0.0,0.0
15,100,8.22441565893697e-25,0.0,0.0
15,101,4.361670760216271e-25,0.0,0.0
15,102,2.3131335537319512e-25,0.0,0.0
15,103,1.2267287311560717e-25,0.0,0.0
15,104,6.505734947365517e-26,0.0,0.0
15,105,3.4501993904949327e-26,0.0,0.0
15,106,1.8297511242741382e-26,0.0,0.0
15,107,9.703755632227975e-27,0.0,0.0
15,108,5.146212078834009e-27,0.0,0.0
15,109,2.7292009160226847e-27,0.0,0.0
15,110,1.4473825652569484e-27,0.0,0.0
15,111,7.675932826751153e-28,0.0,0.0
15,112,4.0707927658598345e-28,0.0,0.0
15,113,2.1588716468211325e-28,0.0,0.0
15,114,1.1449187063846385e-28,0.0,0.0
15,115,6.071870211272869e-29,0.0,0.0
15,116,3.220107039648327e-29,0.0,0.0
15,117,1.7077257889244557e-29,0.0,0.0
15,118,9.056616237440697e-30,0.0,0.0
15,119,4.803013352860015e-30,0.0,0.0
15,120,2.5471916511580755e-30,0.0,0.0
15,121,1.350857228799049e-30,0.0,0.0
15,122,7.164028084690935e-31,0.0,0.0
15,123,3.799313302995582e-31,0.0,0.0
15,124,2.014897401807455e-31,0.0,0.0
15,125,1.0685645578661437e-31,0.0,0.0
15,126,5.666939732531181e-32,0.0,0.0
15,127,3.0053594512128576e-32,0.0,0.0
15,128,1.5938382720297657e-32,0.0,0.0
16,1,9.31102268192085e-238,0.0,0.0
16,2,5.768495573355429e-148,0.0,0.0
16,3,5.3386627472553964e-92,0.0,0.0
16,4,3.8163413663414196e-57,0.0,0.0
16,5,1.8147025945393596e-35,0.0,0.0
16,6,5.147108332679489e-22,0.0,0.0
16,7,1.074233593089799e-13,0.0,0.0
16,8,1.4020274395402757e-08,0.0,0.0
16,9,1.8311693695825058e-05,0.0,0.0
16,10,0.001350845409401572,0.004032258064516129,0.0
16,11,0.016576391824559226,0.008064516129032258,0.024193548387096774
16,12,0.06640022065494575,0.03225806451612903,0.05241935483870968
16,13,0.13224720017826286,0.07661290322580645,0.125
16,14,0.17029373249165283,0.125,0.18548387096774194
16,15,0.1670300840130855,0.13709677419354838,0.1693548387096774
16,16,0.13823138581162686,0.10080645161290322,0.13306451612903225
16,17,0.1028884508013937,0.08870967741935484,0.12903225806451613
16,18,0.07167759884047752,0.04435483870967742,0.08870967741935484
16,19,0.04791377217982675,0.04032258064516129,0.036290322580645164
16,20,0.031213334610209524,0.020161290322580645,0.03225806451612903
16,21,0.02000927469258094,0.028225806451612902,0.016129032258064516
16,22,0.012698739233798422,0.016129032258064516,0.008064516129032258
16,23,0.008008798950831668,0.0,0.0
16,24,0.005031239124343211,0.008064516129032258,0.0
16,25,0.0031529854496899156,0.004032258064516129,0.0
16,26,0.0019729088938669702,0.008064516129032258,0.0
16,27,0.0012333290058787632,0.016129032258064516,0.0
16,28,0.0007705361085326002,0.0,0.0
16,29,0.0004812226935005788,0.020161290322580645,0.0
16,30,0.00030046836282455466,0.008064516129032258,0.0
16,31,0.00018758093840675857,0.016129032258064516,0.0
16,32,0.0001170953166438762,0.1975806451612903,0.0
16,33,7.309133970425861e-05,0.0,0.0
16,34,4.5622289369620664e-05,0.0,0.0
16,35,2.8475982194333502e-05,0.0,0.0
16,36,1.777355948660963e-05,0.0,0.0
16,37,1.109344424429771e-05,0.0,0.0
16,38,6.923984458783485e-06,0.0,0.0
16,39,4.321597543434949e-06,0.0,0.0
16,40,2.69731491797792e-06,0.0,0.0
16,41,1.6835205663331545e-06,0.0,0.0
16,42,1.0507631820303174e-06,0.0,0.0
16,43,6.558296522927314e-07,0.0,0.0
16,44,4.093333347958295e-07,0.0,0.0
16,45,2.554836388642083e-07,0.0,0.0
16,46,1.594589938605263e-07,0.0,0.0
16,47,9.952562476869406e-08,0.0,0.0
16,48,6.211847492841382e-08,0.0,0.0
16,49,3.8770967992474106e-08,0.0,0.0
16,50,2.419872562585812e-08,0.0,0.0
16,51,1.5103525793453972e-08,0.0,0.0
16,52,9.42679764489038e-09,0.0,0.0
16,53,5.883693294580781e-09,0.0,0.0
16,54,3.672280661042784e-09,0.0,0.0
16,55,2.2920374252190675e-09,0.0,0.0
16,56,1.430564828160864e-09,0.0,0.0
16,57,8.928805889675049e-10,0.0,0.0
16,58,5.572873945447731e-10,0.0,0.0
16,59,3.4782841498943147e-10,0.0,0.0
16,60,2.1709553712888312e-10,0.0,0.0
16,61,1.3549920077057938e-10,0.0,0.0
16,62,8.457121528652824e-11,0.0,0.0
16,63,5.278474274442237e-11,0.0,0.0
16,64,3.2945359210985175e-11,0.0,0.0
16,65,2.0562697421469684e-11,0.0,0.0
16,66,1.2834114891112083e-11,0.0,0.0
16,67,8.010354948143614e-12,0.0,0.0
16,68,4.999626927092455e-12,0.0,0.0
16,69,3.120494606277186e-12,0.0,0.0
16,70,1.947642640098602e-12,0.0,0.0
16,71,1.2156123730821657e-12,0.0,0.0
16,72,7.587189822023934e-13,0.0,0.0
16,73,4.735510321390216e-13,0.0,0.0
16,74,2.955647417558104e-13,0.0,0.0
16,75,1.8447540104509876e-13,0.0,0.0
16,76,1.151394898748203e-13,0.0,0.0
16,77,7.186379351137537e-14,0.0,0.0
16,78,4.485346272994745e-14,0.0,0.0
16,79,2.79950865458875e-14,0.0,0.0
16,80,1.7473007054780876e-14,0.0,0.0
16,81,1.0905698578069464e-14,0.0,0.0
16,82,6.8067426003336126e-15,0.0,0.0
16,83,4.24839770653169e-15,0.0,0.0
16,84,2.6516182750878588e-15,0.0,0.0
16,85,1.6549955918604309e-15,0.0,0.0
16,86,1.0329580372901465e-15,0.0,0.0
16,87,6.447161019944891e-16,0.0,0.0
16,88,4.023966484266887e-16,0.0,0.0
16,89,2.5115405395352967e-16,0.0,0.0
16,90,1.5675667047406854e-16,0.0,0.0
16,91,9.783896915580942e-17,0.0,0.0
16,92,6.106575150213391e-17,0.0,0.0
16,93,3.811391349168716e-17,0.0,0.0
16,94,2.378862727335895e-17,0.0,0.0
16,95,1.4847564464200682e-17,0.0,0.0
16,96,9.267040421684195e-18,0.0,0.0
16,97,5.783981499739622e-18,0.0,0.0
16,98,3.610045976604301e-18,0.0,0.0
16,99,2.2531939207937447e-18,0.0,0.0
16,100,1.4063208273810769e-18,0.0,0.0
16,101,8.777488041637814e-19,0.0,0.0
16,102,5.4784295888278995e-19,0.0,0.0
16,103,3.419337128956659e-19,0.0,0.0
16,104,2.134163853324788e-19,0.0,0.0
16,105,1.332028747404588e-19,0.0,0.0
16,106,8.313797373842978e-20,0.0,0.0
16,107,5.1890191490232353e-20,0.0,0.0
16,108,3.238702907728402e-20,0.0,0.0
16,109,2.0214218185151208e-20,0.0,0.0
16,110,1.2616613146634663e-20,0.0,0.0
16,111,7.874602214829253e-21,0.0,0.0
16,112,4.914897470588969e-21,0.0,0.0
16,113,3.067611097981723e-21,0.0,0.0
16,114,1.914635636810745e-21,0.0,0.0
16,115,1.1950112007866891e-21,0.0,0.0
16,116,7.4586085339160155e-22,0.0,0.0
16,117,4.655256890109716e-22,0.0,0.0
16,118,2.905557600237216e-22,0.0,0.0
16,119,1.8134906767942808e-22,0.0,0.0
16,120,1.1318820299935735e-22,0.0,0.0
16,121,7.06459066052152e-23,0.0,0.0
16,122,4.409332410817724e-23,0.0,0.0
16,123,2.7520649452111713e-23,0.0,0.0
16,124,1.717688928164893e-23,0.0,0.0
16,125,1.072087800498416e-23,0.0,0.0
16,126,6.691387672886037e-24,0.0,0.0
16,127,4.176399448630518e-24,0.0,0.0
16,128,2.606680887015222e-24,0.0,0.0
17,4,1.8875653107318377e-305,0.0,0.0
17,5,7.088327683307825e-206,0.0,0.0
17,6,1.0849098005972388e-138,0.0,0.0
17,7,2.2296728204277754e-93,0.0,0.0
17,8,7.78900543036649e-63,0.0,0.0
17,9,2.8919003606279543e-42,0.0,0.0
17,10,1.9770022645981504e-28,0.0,0.0
17,11,3.827715213969446e-19,0.0,0.0
17,12,6.29211623266436e-13,0.0,0.0
17,13,8.726394181577677e-09,0.0,0.0
17,14,4.81366314829953e-06,0.0,0.0
17,15,0.0003009289398683355,0.012096774193548387,0.004032258064516129
17,16,0.004323914218708284,0.016129032258064516,0.016129032258064516
17,17,0.02301847973411021,0.04838709677419355,0.028225806451612902
17,18,0.06267418120142003,0.04838709677419355,0.05241935483870968
17,19,0.10850985100309674,0.08064516129032258,0.08064516129032258
17,20,0.1383787471023532,0.1693548387096774,0.10483870967741936
17,21,0.14355108605474148,0.06451612903225806,0.12096774193548387
17,22,0.1295377457315053,0.06451612903225806,0.13306451612903225
17,23,0.10638984585684359,0.05241935483870968,0.13709677419354838
17,24,0.08199639211045832,0.08870967741935484,0.1774193548387097
17,25,0.060540424630998346,0.03225806451612903,0.08064516129032258
17,26,0.043421664558138236,0.020161290322580645,0.03225806451612903
17,27,0.030539783906008994,0.012096774193548387,0.020161290322580645
17,28,0.021197497647870638,0.0,0.004032258064516129
17,29,0.014582318442792588,0.004032258064516129,0.008064516129032258
17,30,0.009971276390476524,0.008064516129032258,0.0
17,31,0.006790585057408105,0.012096774193548387,0.0
17,32,0.0046117942580081095,0.2661290322580645,0.0
17,33,0.0031262706562565734,0.0,0.0
17,34,0.0021166005198475562,0.0,0.0
17,35,0.0014318042699987211,0.0,0.0
17,36,0.0009680107890655316,0.0,0.0
17,37,0.0006541978798218171,0.0,0.0
17,38,0.0004420026610136011,0.0,0.0
17,39,0.0002985824010957288,0.0,0.0
17,40,0.00020167493120932205,0.0,0.0
17,41,0.00013620867783072535,0.0,0.0
17,42,9.198861980152948e-05,0.0,0.0
17,43,6.212230136011159e-05,0.0,0.0
17,44,4.1951765057184554e-05,0.0,0.0
17,45,2.832994248671309e-05,0.0,0.0
17,46,1.9130937563182596e-05,0.0,0.0
17,47,1.2918839755518934e-05,0.0,0.0
17,48,8.7238569753454e-06,0.0,0.0
17,49,5.891041139151039e-06,0.0,0.0
17,50,3.9780895641877355e-06,0.0,0.0
17,51,2.6863114973150875e-06,0.0,0.0
17,52,1.8140018304090307e-06,0.0,0.0
17,53,1.2249511160694517e-06,0.0,0.0
17,54,8.271791574860011e-07,0.0,0.0
17,55,5.585734193882283e-07,0.0,0.0
17,56,3.771905913152917e-07,0.0,0.0
17,57,2.547072880591208e-07,0.0,0.0
17,58,1.7199738676505988e-07,0.0,0.0
17,59,1.161454752858413e-07,0.0,0.0
17,60,7.84300916425196e-08,0.0,0.0
17,61,5.2961848647515725e-08,0.0,0.0
17,62,3.576379033019241e-08,0.0,0.0
17,63,2.4150378305373512e-08,0.0,0.0
17,64,1.630813628270244e-08,0.0,0.0
17,65,1.1012469615479076e-08,0.0,0.0
17,66,7.436440583914719e-09,0.0,0.0
17,67,5.021639135041166e-09,0.0,0.0
17,68,3.3909851450652797e-09,0.0,0.0
17,69,2.2898459903873046e-09,0.0,0.0
17,70,1.546274734511341e-09,0.0,0.0
17,71,1.0441599841888757e-09,0.0,0.0
17,72,7.050946690098432e-10,0.0,0.0
17,73,4.761324889431497e-10,0.0,0.0
17,74,3.2152015459516117e-10,0.0,0.0
17,75,2.1711437929206477e-10,0.0,0.0
17,76,1.4661181583052652e-10,0.0,0.0
17,77,9.900322866665392e-11,0.0,0.0
17,78,6.685436116121707e-11,0.0,0.0
17,79,4.514504896809498e-11,0.0,0.0
17,80,3.048530284180497e-11,0.0,0.0
17,81,2.0585949303146952e-11,0.0,0.0
17,82,1.3901167749828937e-11,0.0,0.0
17,83,9.387104862746186e-12,0.0,0.0
17,84,6.33887305654216e-12,0.0,0.0
17,85,4.280479680835263e-12,0.0,0.0
17,86,2.8904990105618634e-12,0.0,0.0
17,87,1.951880432339574e-12,0.0,0.0
17,88,1.3180551898568518e-12,0.0,0.0
17,89,8.900491314549109e-13,0.0,0.0
17,90,6.010275309407937e-13,0.0,0.0
17,91,4.0585859834300537e-13,0.0,0.0
17,92,2.740659842837533e-13,0.0,0.0
17,93,1.850697855067593e-13,0.0,0.0
17,94,1.2497291700400872e-13,0.0,0.0
17,95,8.439103088450795e-14,0.0,0.0
17,96,5.698711580462849e-14,0.0,0.0
17,97,3.848194925091542e-14,0.0,0.0
17,98,2.598588114595778e-14,0.0,0.0
17,99,1.754760432037557e-14,0.0,0.0
17,100,1.1849450694203626e-14,0.0,0.0
17,101,8.001632541447494e-15,0.0,0.0
17,102,5.403298851622782e-15,0.0,0.0
17,103,3.648710226159248e-15,0.0,0.0
17,104,2.463881173346664e-15,0.0,0.0
17,105,1.663796262265069e-15,0.0,0.0
17,106,1.1235192801799008e-15,0.0,0.0
17,107,7.586839816658037e-16,0.0,0.0
17,108,5.12319987908098e-16,0.0,0.0
17,109,3.459566517192808e-16,0.0,0.0
17,110,2.336157239492375e-16,0.0,0.0
17,111,1.577547539701925e-16,0.0,0.0
17,112,1.0652777124541243e-16,0.0,0.0
17,113,7.193549329523988e-17,0.0,0.0
17,114,4.8576208204978747e-17,0.0,0.0
17,115,3.2802277366596873e-17,0.0,0.0
17,116,2.2150543243201905e-17,0.0,0.0
17,117,1.4957698225812454e-17,0.0,0.0
17,118,1.0100553009377733e-17,0.0,0.0
17,119,6.8206464360399545e-18,0.0,0.0
17,120,4.605808985139014e-18,0.0,0.0
17,121,3.110185611659376e-18,0.0,0.0
17,122,2.100229204073468e-18,0.0,0.0
17,123,1.4182313406336304e-18,0.0,0.0
17,124,9.576955370653393e-19,0.0,0.0
17,125,6.467074273687265e-19,0.0,0.0
17,126,4.367050700637678e-19,0.0,0.0
17,127,2.948958217402119e-19,0.0,0.0
17,128,1.9913564472044486e-19,0.0,0.0
18,3,1.3024135247875942e-263,0.0,0.0
18,4,2.165110251960863e-142,0.0,0.0
18,5,9.081196070428761e-77,0.0,0.0
18,6,2.673619953074816e-41,0.0,0.0
18,7,3.484516588709172e-22,0.0,0.0
18,8,6.132147132906686e-12,0.0,0.0
18,9,1.6697626601956735e-06,0.0,0.0
18,10,0.001118801985366319,0.0,0.0
18,11,0.02883279066871171,0.0,0.036290322580645164
18,12,0.12694378603329037,0.04838709677419355,0.10483870967741936
18,13,0.2143536166554845,0.06854838709677419,0.1975806451612903
18,14,0.21523875973896825,0.11290322580645161,0.2540322580645161
18,15,0.16303665606171736,0.13306451612903225,0.15725806451612903
18,16,0.10598702275386153,0.11290322580645161,0.10483870967741936
18,17,0.06341754324183885,0.06451612903225806,0.07258064516129033
18,18,0.03627735908223314,0.04435483870967742,0.036290322580645164
18,19,0.02025207513174312,0.036290322580645164,0.024193548387096774
18,20,0.01115728684436127,0.04032258064516129,0.004032258064516129
18,21,0.006102839755101591,0.028225806451612902,0.004032258064516129
18,22,0.0033251828294707203,0.024193548387096774,0.004032258064516129
18,23,0.0018079342113109793,0.012096774193548387,0.0
18,24,0.0009818670097701402,0.028225806451612902,0.0
18,25,0.0005329091025029938,0.008064516129032258,0.0
18,26,0.00028913948563079496,0.012096774193548387,0.0
18,27,0.0001568492244095963,0.004032258064516129,0.0
18,28,8.5077425933927e-05,0.008064516129032258,0.0
18,29,4.6144822909955636e-05,0.012096774193548387,0.0
18,30,2.5027586775602407e-05,0.004032258064516129,0.0
18,31,1.3574008205196928e-05,0.024193548387096774,0.0
18,32,7.361961094761864e-06,0.17338709677419356,0.0
18,33,3.992794058964127e-06,0.0,0.0
18,34,2.1655050896186928e-06,0.0,0.0
18,35,1.1744672563678503e-06,0.0,0.0
18,36,6.369748657630125e-07,0.0,0.0
18,37,3.4546456215971124e-07,0.0,0.0
18,38,1.873633389637105e-07,0.0,0.0
18,39,1.0161683854554707e-07,0.0,0.0
18,40,5.5112068726057444e-08,0.0,0.0
18,41,2.9890125072632845e-08,0.0,0.0
18,42,1.621096033327186e-08,0.0,0.0
18,43,8.79204190679847e-09,0.0,0.0
18,44,4.768378854353907e-09,0.0,0.0
18,45,2.5861383591263427e-09,0.0,0.0
18,46,1.4025965230344477e-09,0.0,0.0
18,47,7.607006012436775e-10,0.0,0.0
18,48,4.1256726004335533e-10,0.0,0.0
18,49,2.2375655249526225e-10,0.0,0.0
18,50,1.213547453383302e-10,0.0,0.0
18,51,6.581695173067531e-11,0.0,0.0
18,52,3.569593527522206e-11,0.0,0.0
18,53,1.9359750970512833e-11,0.0,0.0
18,54,1.0499793736903575e-11,0.0,0.0
18,55,5.6945809212476824e-12,0.0,0.0
18,56,3.0884656100001483e-12,0.0,0.0
18,57,1.6750345558431487e-12,0.0,0.0
18,58,9.084578290854109e-13,0.0,0.0
18,59,4.927036426485443e-13,0.0,0.0
18,60,2.6721865529351494e-13,0.0,0.0
18,61,1.44926490401041e-13,0.0,0.0
18,62,7.860112759302138e-14,0.0,0.0
18,63,4.262945471043933e-14,0.0,0.0
18,64,2.3120156981955296e-14,0.0,0.0
18,65,1.2539256307666244e-14,0.0,0.0
18,66,6.8006869015665565e-15,0.0,0.0
18,67,3.688364062297927e-15,0.0,0.0
18,68,2.0003904977476965e-15,0.0,0.0
18,69,1.084915175370775e-15,0.0,0.0
18,70,5.884055833473895e-16,0.0,0.0
18,71,3.1912276496275984e-16,0.0,0.0
18,72,1.730767722123271e-16,0.0,0.0
18,73,9.386848062354067e-17,0.0,0.0
18,74,5.090972949138767e-17,0.0,0.0
18,75,2.7610978037246167e-17,0.0,0.0
18,76,1.4974860715028233e-17,0.0,0.0
18,77,8.12164107812459e-18,0.0,0.0
18,78,4.40478579781948e-18,0.0,0.0
18,79,2.388943039717818e-18,0.0,0.0
18,80,1.2956473047659738e-18,0.0,0.0
18,81,7.026965107320467e-19,0.0,0.0
18,82,3.8110864305327505e-19,0.0,0.0
18,83,2.0669491820672247e-19,0.0,0.0
18,84,1.1210133905703942e-19,0.0,0.0
18,85,6.079835115158956e-20,0.0,0.0
18,86,3.297408874724631e-20,0.0,0.0
18,87,1.788355289439221e-20,0.0,0.0
18,88,9.699175209299154e-21,0.0,0.0
18,89,5.260364106406563e-21,0.0,0.0
18,90,2.852967384839088e-21,0.0,0.0
18,91,1.5473116944590762e-21,0.0,0.0
18,92,8.391871188337597e-22,0.0,0.0
18,93,4.551345555897868e-22,0.0,0.0
18,94,2.4684299728026037e-22,0.0,0.0
18,95,1.3387571775855368e-22,0.0,0.0
18,96,7.260772232893742e-23,0.0,0.0
18,97,3.937892121186587e-23,0.0,0.0
18,98,2.135722463218389e-23,0.0,0.0
18,99,1.1583126961134609e-23,0.0,0.0
18,100,6.282128530669716e-24,0.0,0.0
18,101,3.407123051337806e-24,0.0,0.0
18,102,1.8478589589952216e-24,0.0,0.0
18,103,1.0021894369204383e-24,0.0,0.0
18,104,5.435391389508691e-25,0.0,0.0
18,105,2.9478937283481265e-25,0.0,0.0
18,106,1.5987951576785686e-25,0.0,0.0
18,107,8.671092623304218e-26,0.0,0.0
18,108,4.702781774188834e-26,0.0,0.0
18,109,2.5505616623450284e-26,0.0,0.0
18,110,1.3833014385504563e-26,0.0,0.0
18,111,7.502358786873727e-27,0.0,0.0
18,112,4.0689169980161476e-27,0.0,0.0
18,113,2.206784027139799e-27,0.0,0.0
18,114,1.196853055693614e-27,0.0,0.0
18,115,6.4911528237756535e-28,0.0,0.0
18,116,3.5204877308176936e-28,0.0,0.0
18,117,1.9093424849654037e-28,0.0,0.0
18,118,1.035535131391322e-28,0.0,0.0
18,119,5.616242328390236e-29,0.0,0.0
18,120,3.04597854143515e-29,0.0,0.0
18,121,1.6519916222245206e-29,0.0,0.0
18,122,8.959604549985453e-30,0.0,0.0
18,123,4.8592567064004674e-30,0.0,0.0
18,124,2.6354261069185526e-30,0.0,0.0
18,125,1.4293278138361188e-30,0.0,0.0
18,126,7.7519836129812835e-31,0.0,0.0
18,127,4.2043014453519585e-31,0.0,0.0
18,128,2.2802100115109265e-31,0.0,0.0
19,5,1.8855366355864463e-282,0.0,0.0
19,6,9.880647225186152e-191,0.0,0.0
19,7,9.931226867107926e-129,0.0,0.0
19,8,7.810533109497217e-87,0.0,0.0
19,9,1.528701347760163e-58,0.0,0.0
19,10,1.8685603714970814e-39,0.0,0.0
19,11,1.3520044082701546e-26,0.0,0.0
19,12,5.9812683831235075e-18,0.0,0.0
19,13,3.729573998250568e-12,0.0,0.0
19,14,2.7389231925716073e-08,0.0,0.0
19,15,9.962785469385647e-06,0.020161290322580645,0.0
19,16,0.00047439586410715255,0.04435483870967742,0.012096774193548387
19,17,0.00570739261271364,0.04838709677419355,0.024193548387096774
19,18,0.027070259356341917,0.0846774193548387,0.036290322580645164
19,19,0.06839711851247442,0.08870967741935484,0.04838709677419355
19,20,0.11285673535639162,0.08870967741935484,0.12096774193548387
19,21,0.13957541142409755,0.06048387096774194,0.12903225806451613
19,22,0.1420282570576761,0.0846774193548387,0.16129032258064516
19,23,0.12665496949658278,0.07258064516129033,0.17338709677419356
19,24,0.10329712792790918,0.056451612903225805,0.11290322580645161
19,25,0.07930760111222397,0.03225806451612903,0.0846774193548387
19,26,0.058450446908307495,0.04435483870967742,0.04838709677419355
19,27,0.041903360540580754,0.008064516129032258,0.04032258064516129
19,28,0.029483740350085958,0.008064516129032258,0.004032258064516129
19,29,0.0204841239606605,0.004032258064516129,0.004032258064516129
19,30,0.014110151142117142,0.0,0.0
19,31,0.009663370326110894,0.016129032258064516,0.0
19,32,0.006592078535547349,0.23790322580645162,0.0
19,33,0.0044850133078702505,0.0,0.0
19,34,0.0030459684283441375,0.0,0.0
19,35,0.0020661389015775595,0.0,0.0
19,36,0.001400350325772517,0.0,0.0
19,37,0.0009485765350423785,0.0,0.0
19,38,0.0006423099630314551,0.0,0.0
19,39,0.00043481686868421417,0.0,0.0
19,40,0.00029430206417681407,0.0,0.0
19,41,0.00019917261324645127,0.0,0.0
19,42,0.00013478193652747777,0.0,0.0
19,43,9.120330860335533e-05,0.0,0.0
19,44,6.171259650314937e-05,0.0,0.0
19,45,4.175672590473553e-05,0.0,0.0
19,46,2.82534757255487e-05,0.0,0.0
19,47,1.911667997994436e-05,0.0,0.0
19,48,1.2934503798838932e-05,0.0,0.0
19,49,8.751547468004885e-06,0.0,0.0
19,50,5.92131859557137e-06,0.0,0.0
19,51,4.0063693752768305e-06,0.0,0.0
19,52,2.7107087496831423e-06,0.0,0.0
19,53,1.834063052157457e-06,0.0,0.0
19,54,1.2409244772634076e-06,0.0,0.0
19,55,8.396073408542195e-07,0.0,0.0
19,56,5.680766763358005e-07,0.0,0.0
19,57,3.8435947609947697e-07,0.0,0.0
19,58,2.600567679580286e-07,0.0,0.0
19,59,1.7595381357102853e-07,0.0,0.0
19,60,1.1904993897240502e-07,0.0,0.0
19,61,8.054890663679803e-08,0.0,0.0
19,62,5.449919764431101e-08,0.0,0.0
19,63,3.687402602766788e-08,0.0,0.0
19,64,2.4948876945403106e-08,0.0,0.0
19,65,1.688034971351594e-08,0.0,0.0
19,66,1.1421203654616447e-08,0.0,0.0
19,67,7.727558643307861e-09,0.0,0.0
19,68,5.2284473868952655e-09,0.0,0.0
19,69,3.537554780597202e-09,0.0,0.0
19,70,2.3935009539497138e-09,0.0,0.0
19,71,1.6194369179960996e-09,0.0,0.0
19,72,1.095707075178105e-09,0.0,0.0
19,73,7.413527385558533e-10,0.0,0.0
19,74,5.015974572526249e-10,0.0,0.0
19,75,3.3937961780849047e-10,0.0,0.0
19,76,2.296234227327074e-10,0.0,0.0
19,77,1.5536264847951673e-10,0.0,0.0
19,78,1.0511798950572762e-10,0.0,0.0
19,79,7.112257563453874e-11,0.0,0.0
19,80,4.812136141999476e-11,0.0,0.0
19,81,3.2558795912688e-11,0.0,0.0
19,82,2.2029202000713652e-11,0.0,0.0
19,83,1.4904904410021615e-11,0.0,0.0
19,84,1.0084622015058677e-11,0.0,0.0
19,85,6.8232306889415955e-12,0.0,0.0
19,86,4.616581262527152e-12,0.0,0.0
19,87,3.1235676360788367e-12,0.0,0.0
19,88,2.113398253452633e-12,0.0,0.0
19,89,1.4299201099739515e-12,0.0,0.0
19,90,9.674804630724004e-13,0.0,0.0
19,91,6.545949244978996e-13,0.0,0.0
19,92,4.428973312986015e-13,0.0,0.0
19,93,2.996632554428212e-13,0.0,0.0
19,94,2.027514286421317e-13,0.0,0.0
19,95,1.3718112270947385e-13,0.0,0.0
19,96,9.28164134470627e-14,0.0,0.0
19,97,6.279935923414644e-14,0.0,0.0
19,98,4.2489893476314534e-14,0.0,0.0
19,99,2.874855841915772e-14,0.0,0.0
19,100,1.9451204593874214e-14,0.0,0.0
19,101,1.3160637644377428e-14,0.0,0.0
19,102,8.904455370396432e-15,0.0,0.0
19,103,6.0247328120348405e-15,0.0,0.0
19,104,4.0763195441557224e-15,0.0,0.0
19,105,2.7580278735138685e-15,0.0,0.0
19,106,1.8660749405638098e-15,0.0,0.0
19,107,1.2625817589594118e-15,0.0,0.0
19,108,8.542597424170984e-16,0.0,0.0
19,109,5.779900607117686e-16,0.0,0.0
19,110,3.9106666707288553e-16,0.0,0.0
19,111,2.645947542889643e-16,0.0,0.0
19,112,1.7902416618951992e-16,0.0,0.0
19,113,1.2112731473448312e-16,0.0,0.0
19,114,8.195444607883071e-17,0.0,0.0
19,115,5.5450178572941056e-17,0.0,0.0
19,116,3.751745574381096e-17,0.0,0.0
19,117,2.53842191623829e-17,0.0,0.0
19,118,1.71749008483921e-17,0.0,0.0
19,119,1.162049607534223e-17,0.0,0.0
19,120,7.862399336627731e-18,0.0,0.0
19,121,5.3196802380730736e-18,0.0,0.0
19,122,3.5992826901467374e-18,0.0,0.0
19,123,2.4352659001704256e-18,0.0,0.0
19,124,1.6476949756594796e-18,0.0,0.0
19,125,1.1148264066866284e-18,0.0,0.0
19,126,7.542888310067165e-19,0.0,0.0
19,127,5.103499855842614e-19,0.0,0.0
19,128,3.453015570152841e-19,0.0,0.0
20,2,3.953288646944399e-208,0.0,0.0
20,3,2.4080282186994116e-123,0.0,0.0
20,4,5.258661920204582e-73,0.0,0.0
20,5,3.729325891908279e-43,0.0,0.0
20,6,1.7206114222282347e-25,0.0,0.0
20,7,4.476977877045865e-15,0.0,0.0
20,8,5.684223721368639e-09,0.0,0.0
20,9,1.966857890242453e-05,0.0,0.0
20,10,0.0020297336141341265,0.004032258064516129,0.0
20,11,0.02592766757455745,0.004032258064516129,0.028225806451612902
20,12,0.09558585366261121,0.020161290322580645,0.07661290322580645
20,13,0.1682709924046141,0.07661290322580645,0.16129032258064516
20,14,0.1908458923051624,0.08870967741935484,0.20967741935483872
20,15,0.16664123380659931,0.12903225806451613,0.1814516129032258
20,16,0.12454532812091636,0.125,0.1532258064516129
20,17,0.08485751897769253,0.11693548387096774,0.07258064516129033
20,18,0.05472081904701593,0.0846774193548387,0.06854838709677419
20,19,0.034150617324386054,0.04032258064516129,0.036290322580645164
20,20,0.020902034620007632,0.028225806451612902,0.008064516129032258
20,21,0.01264587514199422,0.020161290322580645,0.004032258064516129
20,22,0.007598319010345229,0.008064516129032258,0.0
20,23,0.004546808605165767,0.012096774193548387,0.0
20,24,0.002714172038053825,0.004032258064516129,0.0
20,25,0.0016178509013619797,0.008064516129032258,0.0
20,26,0.0009635297794372873,0.004032258064516129,0.0
20,27,0.0005735470449866925,0.0,0.0
20,28,0.000341303280569717,0.008064516129032258,0.0
20,29,0.00020306406394157215,0.008064516129032258,0.0
20,30,0.00012080330338306847,0.012096774193548387,0.0
20,31,7.186156416755497e-05,0.036290322580645164,0.0
20,32,4.274624177495099e-05,0.16129032258064516,0.0
20,33,2.5426661734505313e-05,0.0,0.0
20,34,1.5124286153480544e-05,0.0,0.0
20,35,8.99615513398284e-06,0.0,0.0
20,36,5.351024143636593e-06,0.0,0.0
20,37,3.1828461773603553e-06,0.0,0.0
20,38,1.8931876189195332e-06,0.0,0.0
20,39,1.1260851312071138e-06,0.0,0.0
20,40,6.698052276337535e-07,0.0,0.0
20,41,3.9840583173879685e-07,0.0,0.0
20,42,2.3697511846169582e-07,0.0,0.0
20,43,1.409547632731308e-07,0.0,0.0
20,44,8.38410544128855e-08,0.0,0.0
20,45,4.9869347645387466e-08,0.0,0.0
20,46,2.96626967074523e-08,0.0,0.0
20,47,1.7643614838279366e-08,0.0,0.0
20,48,1.0494566448680047e-08,0.0,0.0
20,49,6.242253945189943e-09,0.0,0.0
20,50,3.7129436816238015e-09,0.0,0.0
20,51,2.2084892535231226e-09,0.0,0.0
20,52,1.3136274598894473e-09,0.0,0.0
20,53,7.813563500109447e-10,0.0,0.0
20,54,4.6475714317083055e-10,0.0,0.0
20,55,2.7644134724437946e-10,0.0,0.0
20,56,1.644295726875433e-10,0.0,0.0
20,57,9.780405370382197e-11,0.0,0.0
20,58,5.817465048443589e-11,0.0,0.0
20,59,3.460275756187212e-11,0.0,0.0
20,60,2.05820030011875e-11,0.0,0.0
20,61,1.2242343598737643e-11,0.0,0.0
20,62,7.28184602732453e-12,0.0,0.0
20,63,4.3313015304458635e-12,0.0,0.0
20,64,2.5762935493559766e-12,0.0,0.0
20,65,1.5324004587971673e-12,0.0,0.0
20,66,9.11484316958705e-13,0.0,0.0
20,67,5.421583211436808e-13,0.0,0.0
20,68,3.2248020039006955e-13,0.0,0.0
20,69,1.9181385877141614e-13,0.0,0.0
20,70,1.140924508613951e-13,0.0,0.0
20,71,6.786312223180667e-14,0.0,0.0
20,72,4.0365539737978056e-14,0.0,0.0
20,73,2.400975293728205e-14,0.0,0.0
20,74,1.428119727498517e-14,0.0,0.0
20,75,8.494572857113686e-15,0.0,0.0
20,76,5.0526413602032884e-15,0.0,0.0
20,77,3.005352375482625e-15,0.0,0.0
20,78,1.7876081552037283e-15,0.0,0.0
20,79,1.0632839405521246e-15,0.0,0.0
20,80,6.324499778908238e-16,0.0,0.0
20,81,3.761864157624742e-16,0.0,0.0
20,82,2.2375875460722565e-16,0.0,0.0
20,83,1.3309353598506707e-16,0.0,0.0
20,84,7.916512295620509e-17,0.0,0.0
20,85,4.708806213830125e-17,0.0,0.0
20,86,2.800836420309918e-17,0.0,0.0
20,87,1.665960393590649e-17,0.0,0.0
20,88,9.909268577368702e-18,0.0,0.0
20,89,5.8941139366938856e-18,0.0,0.0
20,90,3.505867141200655e-18,0.0,0.0
20,91,2.0853184284803356e-18,0.0,0.0
20,92,1.2403644442357325e-18,0.0,0.0
20,93,7.377789087326072e-19,0.0,0.0
20,94,4.388369246637551e-19,0.0,0.0
20,95,2.610237893343441e-19,0.0,0.0
20,96,1.5525908320195618e-19,0.0,0.0
20,97,9.23493715963004e-20,0.0,0.0
20,98,5.493016098219574e-20,0.0,0.0
20,99,3.267290868767337e-20,0.0,0.0
20,100,1.9434113117910795e-20,0.0,0.0
20,101,1.1559569314446914e-20,0.0,0.0
20,102,6.875726302753278e-21,0.0,0.0
20,103,4.089738199094421e-21,0.0,0.0
20,104,2.4326097056007638e-21,0.0,0.0
20,105,1.446936134223298e-21,0.0,0.0
20,106,8.606494382147627e-22,0.0,0.0
20,107,5.119213198010235e-22,0.0,0.0
20,108,3.0449498486912105e-22,0.0,0.0
20,109,1.8111610558920288e-22,0.0,0.0
20,110,1.0772933983756423e-22,0.0,0.0
20,111,6.40782917901321e-23,0.0,0.0
20,112,3.8114291658451055e-23,0.0,0.0
20,113,2.267069218048636e-23,0.0,0.0
20,114,1.3484712992912342e-23,0.0,0.0
20,115,8.02081749659746e-24,0.0,0.0
20,116,4.770847799841022e-24,0.0,0.0
20,117,2.8377392627252073e-24,0.0,0.0
20,118,1.6879105058603093e-24,0.0,0.0
20,119,1.0039829639096385e-24,0.0,0.0
20,120,5.971772723264331e-25,0.0,0.0
20,121,3.552059222145659e-25,0.0,0.0
20,122,2.1127938557469353e-25,0.0,0.0
20,123,1.2567070529261999e-25,0.0,0.0
20,124,7.474996259472424e-26,0.0,0.0
20,125,4.446188867088949e-26,0.0,0.0
20,126,2.6446294761384877e-26,0.0,0.0
20,127,1.573047226542977e-26,0.0,0.0
20,128,9.356613466123883e-27,0.0,0.0
21,8,3.278549222225303e-258,0.0,0.0
21,9,4.575326400650897e-171,0.0,0.0
21,10,2.9044894034415823e-113,0.0,0.0
21,11,6.069327734448392e-75,0.0,0.0
21,12,1.4694692560137772e-49,0.0,0.0
21,13,9.15999169811376e-33,0.0,0.0
21,14,1.131128144445795e-21,0.0,0.0
21,15,2.2822834519836414e-14,0.0,0.0
21,16,1.4089426159809645e-09,0.0,0.0
21,17,1.8618654266706543e-06,0.004032258064516129,0.0
21,18,0.00019164990327774644,0.004032258064516129,0.012096774193548387
21,19,0.003622847853099413,0.056451612903225805,0.012096774193548387
21,20,0.022227440157635052,0.04435483870967742,0.04435483870967742
21,21,0.06460113103605,0.06854838709677419,0.03225806451612903
21,22,0.11432379726047351,0.08870967741935484,0.10887096774193548
21,23,0.1455378006810212,0.07661290322580645,0.10887096774193548
21,24,0.1488770257176914,0.07258064516129033,0.13709677419354838
21,25,0.13170730178040857,0.11290322580645161,0.17338709677419356
21,26,0.10580713787399437,0.0846774193548387,0.14112903225806453
21,27,0.07972867259074243,0.06854838709677419,0.07661290322580645
21,28,0.057577361547815696,0.04032258064516129,0.09274193548387097
21,29,0.0404231684943385,0.012096774193548387,0.04032258064516129
21,30,0.02785283781789058,0.016129032258064516,0.016129032258064516
21,31,0.018954139988237074,0.008064516129032258,0.0
21,32,0.01279234778501083,0.24193548387096775,0.004032258064516129
21,33,0.00858645237254562,0.0,0.0
21,34,0.005742423631649242,0.0,0.0
21,35,0.0038311243156819524,0.0,0.0
21,36,0.0025518772776968787,0.0,0.0
21,37,0.0016979707895953887,0.0,0.0
21,38,0.0011289979368398224,0.0,0.0
21,39,0.0007503293077649619,0.0,0.0
21,40,0.0004985114138664272,0.0,0.0
21,41,0.00033113744174469964,0.0,0.0
21,42,0.0002199285977568641,0.0,0.0
21,43,0.00014605466639443113,0.0,0.0
21,44,9.698907546277771e-05,0.0,0.0
21,45,6.440397998409996e-05,0.0,0.0
21,46,4.276524619342608e-05,0.0,0.0
21,47,2.839628546675585e-05,0.0,0.0
21,48,1.885501876417787e-05,0.0,0.0
21,49,1.25195582130951e-05,0.0,0.0
21,50,8.312827737088523e-06,0.0,0.0
21,51,5.519593045110055e-06,0.0,0.0
21,52,3.6649186675003537e-06,0.0,0.0
21,53,2.4334417932764772e-06,0.0,0.0
21,54,1.615761089025923e-06,0.0,0.0
21,55,1.0728352543143887e-06,0.0,0.0
21,56,7.123422998322199e-07,0.0,0.0
21,57,4.7298166236473544e-07,0.0,0.0
21,58,3.140507155716694e-07,0.0,0.0
21,59,2.0852360025065147e-07,0.0,0.0
21,60,1.384556249686832e-07,0.0,0.0
21,61,9.193184349519517e-08,0.0,0.0
21,62,6.104095465748651e-08,0.0,0.0
21,63,4.0530004722972744e-08,0.0,0.0
21,64,2.6911133097682974e-08,0.0,0.0
21,65,1.786846760710233e-08,0.0,0.0
21,66,1.18643139661956e-08,0.0,0.0
21,67,7.877673020993508e-09,0.0,0.0
21,68,5.230621188844125e-09,0.0,0.0
21,69,3.4730304099761353e-09,0.0,0.0
21,70,2.3060244234373156e-09,0.0,0.0
21,71,1.5311552185440539e-09,0.0,0.0
21,72,1.016657186262353e-09,0.0,0.0
21,73,6.75040532419273e-10,0.0,0.0
21,74,4.4821374051997727e-10,0.0,0.0
21,75,2.97605177030673e-10,0.0,0.0
21,76,1.9760402990270346e-10,0.0,0.0
21,77,1.3120521968124304e-10,0.0,0.0
21,78,8.711770543921346e-11,0.0,0.0
21,79,5.7844456334567685e-11,0.0,0.0
21,80,3.840759018723225e-11,0.0,0.0
21,81,2.5501890370180864e-11,0.0,0.0
21,82,1.6932757542857415e-11,0.0,0.0
21,83,1.1243020569896146e-11,0.0,0.0
21,84,7.465146253619997e-12,0.0,0.0
21,85,4.956711431888665e-12,0.0,0.0
21,86,3.2911596617482658e-12,0.0,0.0
21,87,2.185265789212359e-12,0.0,0.0
21,88,1.4509738390998931e-12,0.0,0.0
21,89,9.6341831375571e-13,0.0,0.0
21,90,6.396909594561101e-13,0.0,0.0
21,91,4.247423136628597e-13,0.0,0.0
21,92,2.8202060752747634e-13,0.0,0.0
21,93,1.8725617983351996e-13,0.0,0.0
21,94,1.2433444914987132e-13,0.0,0.0
21,95,8.255564787845713e-14,0.0,0.0
21,96,5.4815339137557216e-14,0.0,0.0
21,97,3.6396315479094434e-14,0.0,0.0
21,98,2.4166443212719567e-14,0.0,0.0
21,99,1.6046046690881368e-14,0.0,0.0
21,100,1.0654261867978383e-14,0.0,0.0
21,101,7.0742219649631346e-15,0.0,0.0
21,102,4.6971453329842484e-15,0.0,0.0
21,103,3.1188128374327648e-15,0.0,0.0
21,104,2.0708308611680683e-15,0.0,0.0
21,105,1.3749912800461729e-15,0.0,0.0
21,106,9.12967377324374e-16,0.0,0.0
21,107,6.061925222031677e-16,0.0,0.0
21,108,4.025000050406813e-16,0.0,0.0
21,109,2.6725214865559067e-16,0.0,0.0
21,110,1.7745021134549062e-16,0.0,0.0
21,111,1.1782347743493197e-16,0.0,0.0
21,112,7.82324897197864e-17,0.0,0.0
21,113,5.194484648559479e-17,0.0,0.0
21,114,3.449036437516791e-17,0.0,0.0
21,115,2.290092887389196e-17,0.0,0.0
21,116,1.5205769866109426e-17,0.0,0.0
21,117,1.0096334454131114e-17,0.0,0.0
21,118,6.703769049988689e-18,0.0,0.0
21,119,4.451171826741333e-18,0.0,0.0
21,120,2.9554912294016248e-18,0.0,0.0
21,121,1.9623885006175466e-18,0.0,0.0
21,122,1.3029876688673709e-18,0.0,0.0
21,123,8.651583846349229e-19,0.0,0.0
21,124,5.7444828403843675e-19,0.0,0.0
21,125,3.814224503805224e-19,0.0,0.0
21,126,2.532570636846879e-19,0.0,0.0
21,127,1.6815774803555032e-19,0.0,0.0
21,128,1.116534631373335e-19,0.0,0.0
22,12,3.436034069574458e-249,0.0,0.0
22,13,1.1537930795389852e-157,0.0,0.0
22,14,1.131834945659279e-99,0.0,0.0
22,15,5.905930072845169e-63,0.0,0.0
22,16,9.829365417173212e-40,0.0,0.0
22,17,4.48501264593223e-25,0.0,0.0
22,18,7.573400451690114e-16,0.0,0.0
22,19,4.5809358366921163e-10,0.0,0.0
22,20,1.8053854499112367e-06,0.0,0.0
22,21,0.00029198632583436876,0.008064516129032258,0.008064516129032258
22,22,0.006228133543475302,0.004032258064516129,0.024193548387096774
22,23,0.03674617787960371,0.008064516129032258,0.020161290322580645
22,24,0.09593632321289694,0.016129032258064516,0.06048387096774194
22,25,0.14932219345721912,0.036290322580645164,0.12903225806451613
22,26,0.16740220963938432,0.0846774193548387,0.16129032258064516
22,27,0.15240300553232533,0.13306451612903225,0.2056451612903226
22,28,0.12158318036084206,0.12096774193548387,0.16129032258064516
22,29,0.08920090500569616,0.1532258064516129,0.13306451612903225
22,30,0.062055884683400765,0.07661290322580645,0.07661290322580645
22,31,0.04174010013393191,0.04838709677419355,0.016129032258064516
22,32,0.027481117865796777,0.31048387096774194,0.004032258064516129
22,33,0.017849333306800188,0.0,0.0
22,34,0.011493992427220328,0.0,0.0
22,35,0.00736118942786739,0.0,0.0
22,36,0.004698079957794276,0.0,0.0
22,37,0.0029918392178486584,0.0,0.0
22,38,0.0019026132855216142,0.0,0.0
22,39,0.0012088672874722684,0.0,0.0
22,40,0.0007676495632572617,0.0,0.0
22,41,0.00048729591888282595,0.0,0.0
22,42,0.00030926050022327654,0.0,0.0
22,43,0.00019624287945642105,0.0,0.0
22,44,0.00012451563423114428,0.0,0.0
22,45,7.900031425547156e-05,0.0,0.0
22,46,5.0120785086930675e-05,0.0,0.0
22,47,3.179778234760784e-05,0.0,0.0
22,48,2.017294968862249e-05,0.0,0.0
22,49,1.2797876710920281e-05,0.0,0.0
22,50,8.119024750421439e-06,0.0,0.0
22,51,5.15072277960641e-06,0.0,0.0
22,52,3.267619289349664e-06,0.0,0.0
22,53,2.0729750218562065e-06,0.0,0.0
22,54,1.3150924071587147e-06,0.0,0.0
22,55,8.342922457363092e-07,0.0,0.0
22,56,5.292732880576781e-07,0.0,0.0
22,57,3.3576980517061205e-07,0.0,0.0
22,58,2.130115898188772e-07,0.0,0.0
22,59,1.351340478613048e-07,0.0,0.0
22,60,8.572871440651844e-08,0.0,0.0
22,61,5.438608772845594e-08,0.0,0.0
22,62,3.450240079307138e-08,0.0,0.0
22,63,2.1888238172479533e-08,0.0,0.0
22,64,1.3885844301485746e-08,0.0,0.0
22,65,8.809145313848153e-09,0.0,0.0
22,66,5.588499997489668e-09,0.0,0.0
22,67,3.5453305659559715e-09,0.0,0.0
22,68,2.24914893207765e-09,0.0,0.0
22,69,1.4268545116706942e-09,0.0,0.0
22,70,9.051929674792103e-10,0.0,0.0
22,71,5.742521759075649e-10,0.0,0.0
22,72,3.643041575601618e-10,0.0,0.0
22,73,2.3111365487380826e-10,0.0,0.0
22,74,1.4661792997680323e-10,0.0,0.0
22,75,9.301405146728011e-11,0.0,0.0
22,76,5.900788376533528e-11,0.0,0.0
22,77,3.7434455240271204e-11,0.0,0.0
22,78,2.3748325642120584e-11,0.0,0.0
22,79,1.5065878939017646e-11,0.0,0.0
22,80,9.557756265602752e-12,0.0,0.0
22,81,6.063416890712166e-12,0.0,0.0
22,82,3.846616650267953e-12,0.0,0.0
22,83,2.4402840709760972e-12,0.0,0.0
22,84,1.5481101675775527e-12,0.0,0.0
22,85,9.821172540771673e-13,0.0,0.0
22,86,6.230527522889054e-13,0.0,0.0
22,87,3.952631221202098e-13,0.0,0.0
22,88,2.5075394520646025e-13,0.0,0.0
22,89,1.5907768146777646e-13,0.0,0.0
22,90,1.0091848692679945e-13,0.0,0.0
22,91,6.402243802916553e-14,0.0,0.0
22,92,4.061567603734812e-14,0.0,0.0
22,93,2.576648423197014e-14,0.0,0.0
22,94,1.6346193747110276e-14,0.0,0.0
22,95,1.0369984807105979e-14,0.0,0.0
22,96,6.578692664683401e-15,0.0,0.0
22,97,4.173506324397152e-15,0.0,0.0
22,98,2.647662070199641e-15,0.0,0.0
22,99,1.6796702563968156e-15,0.0,0.0
22,100,1.0655786484154347e-15,0.0,0.0
22,101,6.760004540382936e-16,0.0,0.0
22,102,4.288530129047927e-16,0.0,0.0
22,103,2.7206328868397656e-16,0.0,0.0
22,104,1.725962761650755e-16,0.0,0.0
22,105,1.0949464990351519e-16,0.0,0.0
22,106,6.946313456975621e-17,0.0,0.0
22,107,4.4067240440586314e-17,0.0,0.0
22,108,2.795614813636642e-17,0.0,0.0
22,109,1.7735311102045938e-17,0.0,0.0
22,110,1.1251237414827862e-17,0.0,0.0
22,111,7.137757135267734e-18,0.0,0.0
22,112,4.528175439167456e-18,0.0,0.0
22,113,2.8726632777356907e-18,0.0,0.0
22,114,1.8224104649020267e-18,0.0,0.0
22,115,1.1561326829792204e-18,0.0,0.0
22,116,7.334477091715886e-19,0.0,0.0
22,117,4.652974092063822e-19,0.0,0.0
22,118,2.951835233880591e-19,0.0,0.0
22,119,1.8726369576913103e-19,0.0,0.0
22,120,1.1879962455429004e-19,0.0,0.0
22,121,7.53661874303703e-20,0.0,0.0
22,122,4.78121225475256e-20,0.0,0.0
22,123,3.033189206514646e-20,0.0,0.0
22,124,1.9242477163342647e-20,0.0,0.0
22,125,1.2207379829339133e-20,0.0,0.0
22,126,7.744331513701503e-21,0.0,0.0
22,127,4.912984721747405e-21,0.0,0.0
22,128,3.116785333042448e-21,0.0,0.0
23,13,1.7048844676017145e-264,0.0,0.0
23,14,1.2898407644047207e-163,0.0,0.0
23,15,4.056198796965435e-101,0.0,0.0
23,16,1.983163337023314e-62,0.0,0.0
23,17,1.6519738801150227e-38,0.0,0.0
23,18,9.495452930005582e-24,0.0,0.0
23,19,1.1331061658884919e-14,0.0,0.0
23,20,4.035937457725409e-09,0.0,0.0
23,21,9.35339259360549e-06,0.0,0.0
23,22,0.0009540911307848154,0.0,0.0
23,23,0.014022234979309534,0.008064516129032258,0.03225806451612903
23,24,0.06196101102235202,0.016129032258064516,0.06854838709677419
23,25,0.1299160659452592,0.024193548387096774,0.10483870967741936
23,26,0.17154459380411968,0.056451612903225805,0.1532258064516129
23,27,0.17002543373049334,0.0846774193548387,0.13709677419354838
23,28,0.14105028777949244,0.14112903225806453,0.2661290322580645
23,29,0.10478482104151043,0.10080645161290322,0.125
23,30,0.07269218248498953,0.1774193548387097,0.06451612903225806
23,31,0.04833169540219335,0.0967741935483871,0.04435483870967742
23,32,0.03129930508734752,0.29435483870967744,0.004032258064516129
23,33,0.01994068016162473,0.0,0.0
23,34,0.012576003334134176,0.0,0.0
23,35,0.007881599053694332,0.0,0.0
23,36,0.004920304404468761,0.0,0.0
23,37,0.003064211660168824,0.0,0.0
23,38,0.0019054330680052978,0.0,0.0
23,39,0.0011837616981896883,0.0,0.0
23,40,0.0007349944266411885,0.0,0.0
23,41,0.00045619258196410935,0.0,0.0
23,42,0.000283084361727937,0.0,0.0
23,43,0.00017564009749167307,0.0,0.0
23,44,0.00010896683161939628,0.0,0.0
23,45,6.759925979294784e-05,0.0,0.0
23,46,4.1934866789694574e-05,0.0,0.0
23,47,2.6013556447644354e-05,0.0,0.0
23,48,1.6136847526254295e-05,0.0,0.0
23,49,1.0010003958179818e-05,0.0,0.0
23,50,6.209372117544305e-06,0.0,0.0
23,51,3.85176526785731e-06,0.0,0.0
23,52,2.3893024264589807e-06,0.0,0.0
23,53,1.4821150952350419e-06,0.0,0.0
23,54,9.193744361173474e-07,0.0,0.0
23,55,5.702991476882104e-07,0.0,0.0
23,56,3.537634012929243e-07,0.0,0.0
23,57,2.194436429635051e-07,0.0,0.0
23,58,1.361234856917736e-07,0.0,0.0
23,59,8.443900164566286e-08,0.0,0.0
23,60,5.237850522031846e-08,0.0,0.0
23,61,3.249100161903609e-08,0.0,0.0
23,62,2.0154549372398958e-08,0.0,0.0
23,63,1.250210323408747e-08,0.0,0.0
23,64,7.755201142765852e-09,0.0,0.0
23,65,4.810642130499883e-09,0.0,0.0
23,66,2.984097669103841e-09,0.0,0.0
23,67,1.8510707394676291e-09,0.0,0.0
23,68,1.1482408618533669e-09,0.0,0.0
23,69,7.122672559084219e-10,0.0,0.0
23,70,4.418277214456422e-10,0.0,0.0
23,71,2.7407091056979725e-10,0.0,0.0
23,72,1.700093958902482e-10,0.0,0.0
23,73,1.0545881950217034e-10,0.0,0.0
23,74,6.541734091802918e-11,0.0,0.0
23,75,4.0579142767299133e-11,0.0,0.0
23,76,2.517171753831567e-11,0.0,0.0
23,77,1.5614311210427645e-11,0.0,0.0
23,78,9.68574012492869e-12,0.0,0.0
23,79,6.0081780427535105e-12,0.0,0.0
23,80,3.726943210092114e-12,0.0,0.0
23,81,2.3118665246579147e-12,0.0,0.0
23,82,1.4340778827418046e-12,0.0,0.0
23,83,8.895753071523433e-13,0.0,0.0
23,84,5.518139820843461e-13,0.0,0.0
23,85,3.422966761503803e-13,0.0,0.0
23,86,2.1233063733000793e-13,0.0,0.0
23,87,1.3171118123611562e-13,0.0,0.0
23,88,8.170198837414848e-14,0.0,0.0
23,89,5.0680700314445604e-14,0.0,0.0
23,90,3.143783199743153e-14,0.0,0.0
23,91,1.9501255400312774e-14,0.0,0.0
23,92,1.209685713121994e-14,0.0,0.0
23,93,7.503822161664485e-15,0.0,0.0
23,94,4.654708774609493e-15,0.0,0.0
23,95,2.88737037067793e-15,0.0,0.0
23,96,1.79106965895374e-15,0.0,0.0
23,97,1.1110214871642862e-15,0.0,0.0
23,98,6.891796412104852e-16,0.0,0.0
23,99,4.2750620338703056e-16,0.0,0.0
23,100,2.6518710508248335e-16,0.0,0.0
23,101,1.644986672587814e-16,0.0,0.0
23,102,1.0204044997398588e-16,0.0,0.0
23,103,6.329688625691696e-17,0.0,0.0
23,104,3.9263799903298117e-17,0.0,0.0
23,105,2.4355794953148508e-17,0.0,0.0
23,106,1.5108184874128436e-17,0.0,0.0
23,107,9.371784030450404e-18,0.0,0.0
23,108,5.813427400124571e-18,0.0,0.0
23,109,3.606137105455139e-18,0.0,0.0
23,110,2.2369290830159358e-18,0.0,0.0
23,111,1.3875933099917362e-18,0.0,0.0
23,112,8.607403822287852e-19,0.0,0.0
23,113,5.33927340427843e-19,0.0,0.0
23,114,3.3120138283529e-19,0.0,0.0
23,115,2.054480969341424e-19,0.0,0.0
23,116,1.2744186081750578e-19,0.0,0.0
23,117,7.905367891450907e-20,0.0,0.0
23,118,4.9037922938581645e-20,0.0,0.0
23,119,3.04187979503244e-20,0.0,0.0
23,120,1.8869136645562482e-20,0.0,0.0
23,121,1.1704746464023637e-20,0.0,0.0
23,122,7.260591322247531e-21,0.0,0.0
23,123,4.503829836103461e-21,0.0,0.0
23,124,2.7937783979689173e-21,0.0,0.0
23,125,1.7330134620961765e-21,0.0,0.0
23,126,1.0750085482764234e-21,0.0,0.0
23,127,6.6684039342058425e-22,0.0,0.0
23,128,4.136489063368614e-22,0.0,0.0
