bs,series,x,prob
2,pred_bs1_marginal_expansion,0,6.098698437291151e-05
2,cont_batch,0,0.0
2,pred_bs1_marginal_expansion,1,0.25022061247075317
2,cont_batch,1,0.29847916666666663
2,pred_bs1_marginal_expansion,2,0.7497184005448738
2,cont_batch,2,0.7015208333333334
4,pred_bs1_marginal_expansion,0,5.7025353048620185e-09
4,cont_batch,0,0.0
4,pred_bs1_marginal_expansion,1,0.006254229458380154
4,cont_batch,1,0.0014812499999999997
4,pred_bs1_marginal_expansion,2,0.23400784971317903
4,cont_batch,2,0.26160416666666664
4,pred_bs1_marginal_expansion,3,0.4675105292874855
4,cont_batch,3,0.47180625000000004
4,pred_bs1_marginal_expansion,4,0.29222738583841995
4,cont_batch,4,0.26510833333333333
8,pred_bs1_marginal_expansion,0,7.513574331457237e-17
8,cont_batch,0,0.0
8,pred_bs1_marginal_expansion,1,6.277168730981765e-07
8,cont_batch,1,0.0
8,pred_bs1_marginal_expansion,2,0.00255531418034861
8,cont_batch,2,0.0007229166666666664
8,pred_bs1_marginal_expansion,3,0.06531385914628941
8,cont_batch,3,0.062374999999999986
8,pred_bs1_marginal_expansion,4,0.2025604537343269
8,cont_batch,4,0.21897291666666666
8,pred_bs1_marginal_expansion,5,0.23660389643169194
8,cont_batch,5,0.24421875000000004
8,pred_bs1_marginal_expansion,6,0.2220098294450399
8,cont_batch,6,0.2190125
8,pred_bs1_marginal_expansion,7,0.1820766329065417
8,cont_batch,7,0.17165416666666664
8,pred_bs1_marginal_expansion,8,0.08887938643888824
8,cont_batch,8,0.08304375
16,pred_bs1_marginal_expansion,0,2.3960218072007988e-32
16,cont_batch,0,0.0
16,pred_bs1_marginal_expansion,1,7.832196127382346e-17
16,cont_batch,1,0.0
16,pred_bs1_marginal_expansion,2,2.640265438852398e-09
16,cont_batch,2,0.0
16,pred_bs1_marginal_expansion,3,1.739114981033219e-05
16,cont_batch,3,2.0833333333333334e-06
16,pred_bs1_marginal_expansion,4,0.0015923138496013293
16,cont_batch,4,0.0007291666666666666
16,pred_bs1_marginal_expansion,5,0.017341117857232045
16,cont_batch,5,0.014097916666666663
16,pred_bs1_marginal_expansion,6,0.0634126744655648
16,cont_batch,6,0.06657708333333333
16,pred_bs1_marginal_expansion,7,0.1128312711941487
16,cont_batch,7,0.12046666666666668
16,pred_bs1_marginal_expansion,8,0.11936795803806272
16,cont_batch,8,0.11884375
16,pred_bs1_marginal_expansion,9,0.1023954446884452
16,cont_batch,9,0.1039
16,pred_bs1_marginal_expansion,10,0.09840071077956794
16,cont_batch,10,0.10131458333333333
16,pred_bs1_marginal_expansion,11,0.10716067767219194
16,cont_batch,11,0.10834166666666667
16,pred_bs1_marginal_expansion,12,0.11190097649554179
16,cont_batch,12,0.10989583333333335
16,pred_bs1_marginal_expansion,13,0.10575279365424496
16,cont_batch,13,0.10388125
16,pred_bs1_marginal_expansion,14,0.08794013687545861
16,cont_batch,14,0.08468333333333333
16,pred_bs1_marginal_expansion,15,0.05450923056222738
16,cont_batch,15,0.050637499999999995
16,pred_bs1_marginal_expansion,16,0.017377300077636777
16,cont_batch,16,0.016629166666666667
32,pred_bs1_marginal_expansion,0,5.48891922947213e-63
32,cont_batch,0,0.0
32,pred_bs1_marginal_expansion,1,1.609363097411164e-40
32,cont_batch,1,0.0
32,pred_bs1_marginal_expansion,2,4.9164609023201556e-27
32,cont_batch,2,0.0
32,pred_bs1_marginal_expansion,3,2.2556961427135084e-18
32,cont_batch,3,0.0
32,pred_bs1_marginal_expansion,4,1.077443837240404e-12
32,cont_batch,4,0.0
32,pred_bs1_marginal_expansion,5,6.090401441609437e-09
32,cont_batch,5,0.0
32,pred_bs1_marginal_expansion,6,1.8828750674877407e-06
32,cont_batch,6,0.0
32,pred_bs1_marginal_expansion,7,8.459566143031938e-05
32,cont_batch,7,1.4583333333333333e-05
32,pred_bs1_marginal_expansion,8,0.0010243927742247865
32,cont_batch,8,0.00060625
32,pred_bs1_marginal_expansion,9,0.00508613093742019
32,cont_batch,9,0.003952083333333334
32,pred_bs1_marginal_expansion,10,0.014502208640962928
32,cont_batch,10,0.013433333333333335
32,pred_bs1_marginal_expansion,11,0.030337402486922974
32,cont_batch,11,0.030285416666666662
32,pred_bs1_marginal_expansion,12,0.05037974038895006
32,cont_batch,12,0.054218749999999996
32,pred_bs1_marginal_expansion,13,0.06600401838771815
32,cont_batch,13,0.07057083333333333
32,pred_bs1_marginal_expansion,14,0.0695111638567926
32,cont_batch,14,0.0702875
32,pred_bs1_marginal_expansion,15,0.061919715744638816
32,cont_batch,15,0.05996875
32,pred_bs1_marginal_expansion,16,0.04996415048473238
32,cont_batch,16,0.04769791666666666
32,pred_bs1_marginal_expansion,17,0.04006116336092311
32,cont_batch,17,0.039460416666666664
32,pred_bs1_marginal_expansion,18,0.03570716632783308
32,cont_batch,18,0.03707083333333333
32,pred_bs1_marginal_expansion,19,0.037453888466364445
32,cont_batch,19,0.03881458333333333
32,pred_bs1_marginal_expansion,20,0.04371805771218159
32,cont_batch,20,0.04527708333333332
32,pred_bs1_marginal_expansion,21,0.05174220918205933
32,cont_batch,21,0.052179166666666665
32,pred_bs1_marginal_expansion,22,0.05846142605065164
32,cont_batch,22,0.05791458333333334
32,pred_bs1_marginal_expansion,23,0.061467449451091435
32,cont_batch,23,0.06129166666666666
32,pred_bs1_marginal_expansion,24,0.0602295032049481
32,cont_batch,24,0.05967083333333334
32,pred_bs1_marginal_expansion,25,0.05663223208006316
32,cont_batch,25,0.056487499999999996
32,pred_bs1_marginal_expansion,26,0.05328391201486783
32,cont_batch,26,0.053187500000000006
32,pred_bs1_marginal_expansion,27,0.050209070164720024
32,cont_batch,27,0.04911041666666667
32,pred_bs1_marginal_expansion,28,0.044059250311354554
32,cont_batch,28,0.0419375
32,pred_bs1_marginal_expansion,29,0.03239449214017699
32,cont_batch,29,0.031241666666666668
32,pred_bs1_marginal_expansion,30,0.017975453411204174
32,cont_batch,30,0.017650000000000002
32,pred_bs1_marginal_expansion,31,0.006594671374798517
32,cont_batch,31,0.0064875
32,pred_bs1_marginal_expansion,32,0.0011946464164224937
32,cont_batch,32,0.0011833333333333333
64,pred_bs1_marginal_expansion,0,4.592769919362379e-124
64,cont_batch,0,0.0
64,pred_bs1_marginal_expansion,1,1.381806351175264e-93
64,cont_batch,1,0.0
64,pred_bs1_marginal_expansion,2,1.4674664157862026e-72
64,cont_batch,2,0.0
64,pred_bs1_marginal_expansion,3,6.21472444843713e-57
64,cont_batch,3,0.0
64,pred_bs1_marginal_expansion,4,5.609490002916303e-45
64,cont_batch,4,0.0
64,pred_bs1_marginal_expansion,5,1.0505582707337913e-35
64,cont_batch,5,0.0
64,pred_bs1_marginal_expansion,6,1.834631929093399e-28
64,cont_batch,6,0.0
64,pred_bs1_marginal_expansion,7,8.751879471668029e-23
64,cont_batch,7,0.0
64,pred_bs1_marginal_expansion,8,2.5479099163474766e-18
64,cont_batch,8,0.0
64,pred_bs1_marginal_expansion,9,8.382298045933079e-15
64,cont_batch,9,0.0
64,pred_bs1_marginal_expansion,10,5.027753844864555e-12
64,cont_batch,10,0.0
64,pred_bs1_marginal_expansion,11,7.977641858673788e-10
64,cont_batch,11,0.0
64,pred_bs1_marginal_expansion,12,4.460501611426628e-08
64,cont_batch,12,0.0
64,pred_bs1_marginal_expansion,13,1.0914043160274244e-06
64,cont_batch,13,0.0
64,pred_bs1_marginal_expansion,14,1.3729221658636694e-05
64,cont_batch,14,0.0
64,pred_bs1_marginal_expansion,15,0.00010013352849849765
64,cont_batch,15,2.0833333333333333e-05
64,pred_bs1_marginal_expansion,16,0.0004645736434375448
64,cont_batch,16,0.0003368055555555556
64,pred_bs1_marginal_expansion,17,0.0014797639587126707
64,cont_batch,17,0.0013090277777777777
64,pred_bs1_marginal_expansion,18,0.0034689752469599417
64,cont_batch,18,0.0029305555555555556
64,pred_bs1_marginal_expansion,19,0.0064323135585405405
64,cont_batch,19,0.006340277777777779
64,pred_bs1_marginal_expansion,20,0.010197402499057562
64,cont_batch,20,0.009850694444444445
64,pred_bs1_marginal_expansion,21,0.014813746576993584
64,cont_batch,21,0.014684027777777775
64,pred_bs1_marginal_expansion,22,0.020413119769737524
64,cont_batch,22,0.020361111111111108
64,pred_bs1_marginal_expansion,23,0.02660316287174665
64,cont_batch,23,0.02770833333333333
64,pred_bs1_marginal_expansion,24,0.03232476630738751
64,cont_batch,24,0.0344375
64,pred_bs1_marginal_expansion,25,0.036424700969190524
64,cont_batch,25,0.038326388888888896
64,pred_bs1_marginal_expansion,26,0.03826869356995519
64,cont_batch,26,0.03965277777777778
64,pred_bs1_marginal_expansion,27,0.03787995216074955
64,cont_batch,27,0.03760416666666667
64,pred_bs1_marginal_expansion,28,0.03570361480175448
64,cont_batch,28,0.03580208333333333
64,pred_bs1_marginal_expansion,29,0.03231719441348001
64,cont_batch,29,0.031124999999999996
64,pred_bs1_marginal_expansion,30,0.02826258342997879
64,cont_batch,30,0.027041666666666665
64,pred_bs1_marginal_expansion,31,0.024003201110440235
64,cont_batch,31,0.022850694444444444
64,pred_bs1_marginal_expansion,32,0.019943620917987615
64,cont_batch,32,0.01947916666666667
64,pred_bs1_marginal_expansion,33,0.01645408852279961
64,cont_batch,33,0.016208333333333335
64,pred_bs1_marginal_expansion,34,0.013867189931709696
64,cont_batch,34,0.014128472222222221
64,pred_bs1_marginal_expansion,35,0.012439378886101506
64,cont_batch,35,0.012934027777777777
64,pred_bs1_marginal_expansion,36,0.01229377266761287
64,cont_batch,36,0.012819444444444446
64,pred_bs1_marginal_expansion,37,0.013378027495333763
64,cont_batch,37,0.013718750000000004
64,pred_bs1_marginal_expansion,38,0.015471799987758307
64,cont_batch,38,0.01573263888888889
64,pred_bs1_marginal_expansion,39,0.018254623390651325
64,cont_batch,39,0.018541666666666668
64,pred_bs1_marginal_expansion,40,0.02140494158084219
64,cont_batch,40,0.021774305555555554
64,pred_bs1_marginal_expansion,41,0.02467181877961649
64,cont_batch,41,0.02436111111111111
64,pred_bs1_marginal_expansion,42,0.027871686108947517
64,cont_batch,42,0.028239583333333335
64,pred_bs1_marginal_expansion,43,0.030815384362542858
64,cont_batch,43,0.03046180555555555
64,pred_bs1_marginal_expansion,44,0.033229637779183065
64,cont_batch,44,0.033062499999999995
64,pred_bs1_marginal_expansion,45,0.034753358005295124
64,cont_batch,45,0.034687499999999996
64,pred_bs1_marginal_expansion,46,0.03504397982813801
64,cont_batch,46,0.03487152777777778
64,pred_bs1_marginal_expansion,47,0.03395276916415023
64,cont_batch,47,0.03356250000000001
64,pred_bs1_marginal_expansion,48,0.03167642718415076
64,cont_batch,48,0.03140277777777778
64,pred_bs1_marginal_expansion,49,0.028796675141901165
64,cont_batch,49,0.028340277777777777
64,pred_bs1_marginal_expansion,50,0.026160588881200417
64,cont_batch,50,0.026725694444444448
64,pred_bs1_marginal_expansion,51,0.024598132240247383
64,cont_batch,51,0.025197916666666667
64,pred_bs1_marginal_expansion,52,0.024531011797293965
64,cont_batch,52,0.025239583333333333
64,pred_bs1_marginal_expansion,53,0.025635082818759737
64,cont_batch,53,0.02583333333333333
64,pred_bs1_marginal_expansion,54,0.026816992699469723
64,cont_batch,54,0.025972222222222223
64,pred_bs1_marginal_expansion,55,0.02667212044020219
64,cont_batch,55,0.02606597222222222
64,pred_bs1_marginal_expansion,56,0.024244672940072317
64,cont_batch,56,0.023
64,pred_bs1_marginal_expansion,57,0.019597385989273026
64,cont_batch,57,0.01934722222222222
64,pred_bs1_marginal_expansion,58,0.013782230434786229
64,cont_batch,58,0.013645833333333331
64,pred_bs1_marginal_expansion,59,0.00824303348638765
64,cont_batch,59,0.00823611111111111
64,pred_bs1_marginal_expansion,60,0.004072362410151454
64,cont_batch,60,0.004013888888888889
64,pred_bs1_marginal_expansion,61,0.0015941237153337224
64,cont_batch,61,0.0015104166666666666
64,pred_bs1_marginal_expansion,62,0.00046317927530421376
64,cont_batch,62,0.0004201388888888889
64,pred_bs1_marginal_expansion,63,8.873556616894233e-05
64,cont_batch,63,7.638888888888889e-05
64,pred_bs1_marginal_expansion,64,8.403120215041054e-06
64,cont_batch,64,6.944444444444444e-06
128,pred_bs1_marginal_expansion,0,4.299157124555424e-246
128,cont_batch,0,0.0
128,pred_bs1_marginal_expansion,1,6.633816220732107e-207
128,cont_batch,1,0.0
128,pred_bs1_marginal_expansion,2,2.445913082621269e-177
128,cont_batch,2,0.0
128,pred_bs1_marginal_expansion,3,2.2411234634924472e-153
128,cont_batch,3,0.0
128,pred_bs1_marginal_expansion,4,2.3495924484949365e-133
128,cont_batch,4,0.0
128,pred_bs1_marginal_expansion,5,2.3799041576839168e-116
128,cont_batch,5,0.0
128,pred_bs1_marginal_expansion,6,9.247351475714045e-102
128,cont_batch,6,0.0
128,pred_bs1_marginal_expansion,7,3.655562497096069e-89
128,cont_batch,7,0.0
128,pred_bs1_marginal_expansion,8,3.0603393995361957e-78
128,cont_batch,8,0.0
128,pred_bs1_marginal_expansion,9,9.65126937949139e-69
128,cont_batch,9,0.0
128,pred_bs1_marginal_expansion,10,1.8295874802855614e-60
128,cont_batch,10,0.0
128,pred_bs1_marginal_expansion,11,3.072740579892413e-53
128,cont_batch,11,0.0
128,pred_bs1_marginal_expansion,12,6.338459182567405e-47
128,cont_batch,12,0.0
128,pred_bs1_marginal_expansion,13,2.1200099848596212e-41
128,cont_batch,13,0.0
128,pred_bs1_marginal_expansion,14,1.4581383562019325e-36
128,cont_batch,14,0.0
128,pred_bs1_marginal_expansion,15,2.5308201897565986e-32
128,cont_batch,15,0.0
128,pred_bs1_marginal_expansion,16,1.3238845620838518e-28
128,cont_batch,16,0.0
128,pred_bs1_marginal_expansion,17,2.437402671341448e-25
128,cont_batch,17,0.0
128,pred_bs1_marginal_expansion,18,1.8094318064612437e-22
128,cont_batch,18,0.0
128,pred_bs1_marginal_expansion,19,6.10100252983375e-20
128,cont_batch,19,0.0
128,pred_bs1_marginal_expansion,20,1.0363857779048704e-17
128,cont_batch,20,0.0
128,pred_bs1_marginal_expansion,21,9.699276251487661e-16
128,cont_batch,21,0.0
128,pred_bs1_marginal_expansion,22,5.3974430533887234e-14
128,cont_batch,22,0.0
128,pred_bs1_marginal_expansion,23,1.9045963612502227e-12
128,cont_batch,23,0.0
128,pred_bs1_marginal_expansion,24,4.496566004120642e-11
128,cont_batch,24,0.0
128,pred_bs1_marginal_expansion,25,7.425135888789307e-10
128,cont_batch,25,0.0
128,pred_bs1_marginal_expansion,26,8.896392517609676e-09
128,cont_batch,26,0.0
128,pred_bs1_marginal_expansion,27,7.974215382626276e-08
128,cont_batch,27,0.0
128,pred_bs1_marginal_expansion,28,5.487454663177431e-07
128,cont_batch,28,0.0
128,pred_bs1_marginal_expansion,29,2.964878045555687e-06
128,cont_batch,29,0.0
128,pred_bs1_marginal_expansion,30,1.283104670039588e-05
128,cont_batch,30,4.166666666666667e-06
128,pred_bs1_marginal_expansion,31,4.5294703022879254e-05
128,cont_batch,31,2.0833333333333333e-05
128,pred_bs1_marginal_expansion,32,0.00013266572364885055
128,cont_batch,32,0.00010416666666666667
128,pred_bs1_marginal_expansion,33,0.0003276866273681093
128,cont_batch,33,0.0002291666666666667
128,pred_bs1_marginal_expansion,34,0.000693457404922335
128,cont_batch,34,0.0006125
128,pred_bs1_marginal_expansion,35,0.0012771849040539966
128,cont_batch,35,0.0011666666666666665
128,pred_bs1_marginal_expansion,36,0.0020800155322381786
128,cont_batch,36,0.0020041666666666667
128,pred_bs1_marginal_expansion,37,0.003045694090499205
128,cont_batch,37,0.0029458333333333333
128,pred_bs1_marginal_expansion,38,0.004083076808888056
128,cont_batch,38,0.003908333333333333
128,pred_bs1_marginal_expansion,39,0.005114624719359343
128,cont_batch,39,0.005166666666666667
128,pred_bs1_marginal_expansion,40,0.006122766972373553
128,cont_batch,40,0.006045833333333334
128,pred_bs1_marginal_expansion,41,0.007164250474848502
128,cont_batch,41,0.006754166666666668
128,pred_bs1_marginal_expansion,42,0.00834095170527913
128,cont_batch,42,0.008395833333333332
128,pred_bs1_marginal_expansion,43,0.00974194234689841
128,cont_batch,43,0.009495833333333335
128,pred_bs1_marginal_expansion,44,0.011388458260653772
128,cont_batch,44,0.011283333333333334
128,pred_bs1_marginal_expansion,45,0.013210246417330127
128,cont_batch,45,0.013279166666666667
128,pred_bs1_marginal_expansion,46,0.015062415207221388
128,cont_batch,46,0.014833333333333334
128,pred_bs1_marginal_expansion,47,0.016770556057631652
128,cont_batch,47,0.0172625
128,pred_bs1_marginal_expansion,48,0.018181185932834104
128,cont_batch,48,0.019125
128,pred_bs1_marginal_expansion,49,0.019197501049147025
128,cont_batch,49,0.020025
128,pred_bs1_marginal_expansion,50,0.019791478276870778
128,cont_batch,50,0.0207375
128,pred_bs1_marginal_expansion,51,0.019994640114381068
128,cont_batch,51,0.020475
128,pred_bs1_marginal_expansion,52,0.019876292769278832
128,cont_batch,52,0.019674999999999998
128,pred_bs1_marginal_expansion,53,0.01951896895171283
128,cont_batch,53,0.0196625
128,pred_bs1_marginal_expansion,54,0.018998143664208395
128,cont_batch,54,0.018679166666666663
128,pred_bs1_marginal_expansion,55,0.01836960687137467
128,cont_batch,55,0.018020833333333333
128,pred_bs1_marginal_expansion,56,0.017664871806193968
128,cont_batch,56,0.0174875
128,pred_bs1_marginal_expansion,57,0.016893207744583583
128,cont_batch,57,0.016649999999999998
128,pred_bs1_marginal_expansion,58,0.01604811770058881
128,cont_batch,58,0.0159625
128,pred_bs1_marginal_expansion,59,0.01511595740062514
128,cont_batch,59,0.0147375
128,pred_bs1_marginal_expansion,60,0.014084638035849556
128,cont_batch,60,0.013541666666666667
128,pred_bs1_marginal_expansion,61,0.012950823045411057
128,cont_batch,61,0.012987499999999999
128,pred_bs1_marginal_expansion,62,0.01172462124674014
128,cont_batch,62,0.011258333333333334
128,pred_bs1_marginal_expansion,63,0.010431401457154854
128,cont_batch,63,0.010375
128,pred_bs1_marginal_expansion,64,0.009110912213097268
128,cont_batch,64,0.009379166666666666
128,pred_bs1_marginal_expansion,65,0.007814295990219622
128,cont_batch,65,0.0079875
128,pred_bs1_marginal_expansion,66,0.006599771609410533
128,cont_batch,66,0.006658333333333332
128,pred_bs1_marginal_expansion,67,0.005527698479439819
128,cont_batch,67,0.005595833333333334
128,pred_bs1_marginal_expansion,68,0.004655490962993626
128,cont_batch,68,0.004983333333333333
128,pred_bs1_marginal_expansion,69,0.0040325719726950066
128,cont_batch,69,0.004395833333333334
128,pred_bs1_marginal_expansion,70,0.003695433789685157
128,cont_batch,70,0.004075
128,pred_bs1_marginal_expansion,71,0.003663031183124104
128,cont_batch,71,0.004237500000000001
128,pred_bs1_marginal_expansion,72,0.003933108844047725
128,cont_batch,72,0.004133333333333334
128,pred_bs1_marginal_expansion,73,0.004480417655353507
128,cont_batch,73,0.0045291666666666675
128,pred_bs1_marginal_expansion,74,0.005257806473179549
128,cont_batch,74,0.005275000000000003
128,pred_bs1_marginal_expansion,75,0.006200744349996628
128,cont_batch,75,0.006191666666666667
128,pred_bs1_marginal_expansion,76,0.007235059121499855
128,cont_batch,76,0.007275
128,pred_bs1_marginal_expansion,77,0.008286888434124156
128,cont_batch,77,0.008208333333333333
128,pred_bs1_marginal_expansion,78,0.009293308280059542
128,cont_batch,78,0.008837499999999998
128,pred_bs1_marginal_expansion,79,0.010211896675776879
128,cont_batch,79,0.010237499999999998
128,pred_bs1_marginal_expansion,80,0.01102748972238871
128,cont_batch,80,0.010933333333333337
128,pred_bs1_marginal_expansion,81,0.011754505823997435
128,cont_batch,81,0.011779166666666669
128,pred_bs1_marginal_expansion,82,0.012433560683272383
128,cont_batch,82,0.012337500000000003
128,pred_bs1_marginal_expansion,83,0.013121914191935362
128,cont_batch,83,0.013320833333333334
128,pred_bs1_marginal_expansion,84,0.013878689116475326
128,cont_batch,84,0.013708333333333335
128,pred_bs1_marginal_expansion,85,0.01474751181400712
128,cont_batch,85,0.014770833333333334
128,pred_bs1_marginal_expansion,86,0.015740612020102213
128,cont_batch,86,0.015324999999999998
128,pred_bs1_marginal_expansion,87,0.016828773986137267
128,cont_batch,87,0.016775
128,pred_bs1_marginal_expansion,88,0.017940467143635886
128,cont_batch,88,0.0179
128,pred_bs1_marginal_expansion,89,0.01897118302598814
128,cont_batch,89,0.018975
128,pred_bs1_marginal_expansion,90,0.019801183708447117
128,cont_batch,90,0.01982083333333333
128,pred_bs1_marginal_expansion,91,0.020317488427087797
128,cont_batch,91,0.020291666666666666
128,pred_bs1_marginal_expansion,92,0.02043480638087574
128,cont_batch,92,0.020320833333333337
128,pred_bs1_marginal_expansion,93,0.02011062475799324
128,cont_batch,93,0.01977083333333333
128,pred_bs1_marginal_expansion,94,0.019351572019662675
128,cont_batch,94,0.01925
128,pred_bs1_marginal_expansion,95,0.018210822646384395
128,cont_batch,95,0.018583333333333337
128,pred_bs1_marginal_expansion,96,0.016778803530207324
128,cont_batch,96,0.016758333333333333
128,pred_bs1_marginal_expansion,97,0.01517099608693184
128,cont_batch,97,0.015149999999999999
128,pred_bs1_marginal_expansion,98,0.01351670414628717
128,cont_batch,98,0.013408333333333331
128,pred_bs1_marginal_expansion,99,0.011951204653699915
128,cont_batch,99,0.011841666666666665
128,pred_bs1_marginal_expansion,100,0.010611098940799703
128,cont_batch,100,0.010554166666666667
128,pred_bs1_marginal_expansion,101,0.009629784284531467
128,cont_batch,101,0.009866666666666666
128,pred_bs1_marginal_expansion,102,0.009128074288707457
128,cont_batch,102,0.009279166666666666
128,pred_bs1_marginal_expansion,103,0.009195644556496737
128,cont_batch,103,0.009283333333333334
128,pred_bs1_marginal_expansion,104,0.00986316204352939
128,cont_batch,104,0.010004166666666666
128,pred_bs1_marginal_expansion,105,0.01107191264551578
128,cont_batch,105,0.011320833333333334
128,pred_bs1_marginal_expansion,106,0.012654221753334744
128,cont_batch,106,0.012754166666666665
128,pred_bs1_marginal_expansion,107,0.014339322249674413
128,cont_batch,107,0.014275
128,pred_bs1_marginal_expansion,108,0.015792634936610744
128,cont_batch,108,0.016366666666666668
128,pred_bs1_marginal_expansion,109,0.016683441657373267
128,cont_batch,109,0.016079166666666665
128,pred_bs1_marginal_expansion,110,0.016762857283616258
128,cont_batch,110,0.016820833333333333
128,pred_bs1_marginal_expansion,111,0.015927572586796425
128,cont_batch,111,0.016116666666666665
128,pred_bs1_marginal_expansion,112,0.014248017166610819
128,cont_batch,112,0.013654166666666667
128,pred_bs1_marginal_expansion,113,0.011950669958944152
128,cont_batch,113,0.011604166666666667
128,pred_bs1_marginal_expansion,114,0.009359025654555448
128,cont_batch,114,0.009145833333333334
128,pred_bs1_marginal_expansion,115,0.006811523500160317
128,cont_batch,115,0.006787500000000001
128,pred_bs1_marginal_expansion,116,0.004582794953728237
128,cont_batch,116,0.004466666666666667
128,pred_bs1_marginal_expansion,117,0.0028329222124067886
128,cont_batch,117,0.002725
128,pred_bs1_marginal_expansion,118,0.0015975725719433037
128,cont_batch,118,0.0014833333333333335
128,pred_bs1_marginal_expansion,119,0.0008149751575784367
128,cont_batch,119,0.0008708333333333333
128,pred_bs1_marginal_expansion,120,0.0003722818807058114
128,cont_batch,120,0.0003708333333333333
128,pred_bs1_marginal_expansion,121,0.00015038610386556667
128,cont_batch,121,0.00017499999999999997
128,pred_bs1_marginal_expansion,122,5.28783936336134e-05
128,cont_batch,122,4.166666666666667e-05
128,pred_bs1_marginal_expansion,123,1.5852527710945773e-05
128,cont_batch,123,1.25e-05
128,pred_bs1_marginal_expansion,124,3.939181900960987e-06
128,cont_batch,124,4.166666666666667e-06
128,pred_bs1_marginal_expansion,125,7.788342230632035e-07
128,cont_batch,125,4.166666666666667e-06
128,pred_bs1_marginal_expansion,126,1.1485771695777618e-07
128,cont_batch,126,0.0
128,pred_bs1_marginal_expansion,127,1.122981420353941e-08
128,cont_batch,127,0.0
128,pred_bs1_marginal_expansion,128,5.45905242306984e-10
128,cont_batch,128,0.0
256,pred_bs1_marginal_expansion,0,0.0
256,cont_batch,0,0.0
256,pred_bs1_marginal_expansion,1,0.0
256,cont_batch,1,0.0
256,pred_bs1_marginal_expansion,2,0.0
256,cont_batch,2,0.0
256,pred_bs1_marginal_expansion,3,0.0
256,cont_batch,3,0.0
256,pred_bs1_marginal_expansion,4,0.0
256,cont_batch,4,0.0
256,pred_bs1_marginal_expansion,5,3.15945494e-315
256,cont_batch,5,0.0
256,pred_bs1_marginal_expansion,6,7.207086426363244e-292
256,cont_batch,6,0.0
256,pred_bs1_marginal_expansion,7,1.212384699924513e-270
256,cont_batch,7,0.0
256,pred_bs1_marginal_expansion,8,2.9701864009159216e-251
256,cont_batch,8,0.0
256,pred_bs1_marginal_expansion,9,1.7931591071128237e-233
256,cont_batch,9,0.0
256,pred_bs1_marginal_expansion,10,4.060869722514079e-217
256,cont_batch,10,0.0
256,pred_bs1_marginal_expansion,11,4.867254379911071e-202
256,cont_batch,11,0.0
256,pred_bs1_marginal_expansion,12,4.1176700573538825e-188
256,cont_batch,12,0.0
256,pred_bs1_marginal_expansion,13,3.141971431451481e-175
256,cont_batch,13,0.0
256,pred_bs1_marginal_expansion,14,2.6735976535212884e-163
256,cont_batch,14,0.0
256,pred_bs1_marginal_expansion,15,3.056558206593962e-152
256,cont_batch,15,0.0
256,pred_bs1_marginal_expansion,16,5.53926921764937e-142
256,cont_batch,16,0.0
256,pred_bs1_marginal_expansion,17,1.845559057765582e-132
256,cont_batch,17,0.0
256,pred_bs1_marginal_expansion,18,1.2922318176565598e-123
256,cont_batch,18,0.0
256,pred_bs1_marginal_expansion,19,2.1466987571474023e-115
256,cont_batch,19,0.0
256,pred_bs1_marginal_expansion,20,9.448835975587295e-108
256,cont_batch,20,0.0
256,pred_bs1_marginal_expansion,21,1.2187264806088507e-100
256,cont_batch,21,0.0
256,pred_bs1_marginal_expansion,22,5.049769209478941e-94
256,cont_batch,22,0.0
256,pred_bs1_marginal_expansion,23,7.309439124819044e-88
256,cont_batch,23,0.0
256,pred_bs1_marginal_expansion,24,3.9898542387981035e-82
256,cont_batch,24,0.0
256,pred_bs1_marginal_expansion,25,8.807256520701554e-77
256,cont_batch,25,0.0
256,pred_bs1_marginal_expansion,26,8.382679944557729e-72
256,cont_batch,26,0.0
256,pred_bs1_marginal_expansion,27,3.65001154256204e-67
256,cont_batch,27,0.0
256,pred_bs1_marginal_expansion,28,7.682122031187057e-63
256,cont_batch,28,0.0
256,pred_bs1_marginal_expansion,29,8.228454825382134e-59
256,cont_batch,29,0.0
256,pred_bs1_marginal_expansion,30,4.7080785855769175e-55
256,cont_batch,30,0.0
256,pred_bs1_marginal_expansion,31,1.506195110434428e-51
256,cont_batch,31,0.0
256,pred_bs1_marginal_expansion,32,2.8125721185167735e-48
256,cont_batch,32,0.0
256,pred_bs1_marginal_expansion,33,3.19196700829465e-45
256,cont_batch,33,0.0
256,pred_bs1_marginal_expansion,34,2.2865181126943037e-42
256,cont_batch,34,0.0
256,pred_bs1_marginal_expansion,35,1.0709435778151388e-39
256,cont_batch,35,0.0
256,pred_bs1_marginal_expansion,36,3.3887548751409883e-37
256,cont_batch,36,0.0
256,pred_bs1_marginal_expansion,37,7.466315140052226e-35
256,cont_batch,37,0.0
256,pred_bs1_marginal_expansion,38,1.1776080280818776e-32
256,cont_batch,38,0.0
256,pred_bs1_marginal_expansion,39,1.3636699179524629e-30
256,cont_batch,39,0.0
256,pred_bs1_marginal_expansion,40,1.18631253292362e-28
256,cont_batch,40,0.0
256,pred_bs1_marginal_expansion,41,7.915128952379032e-27
256,cont_batch,41,0.0
256,pred_bs1_marginal_expansion,42,4.126122020636985e-25
256,cont_batch,42,0.0
256,pred_bs1_marginal_expansion,43,1.7085774573238218e-23
256,cont_batch,43,0.0
256,pred_bs1_marginal_expansion,44,5.703154875942509e-22
256,cont_batch,44,0.0
256,pred_bs1_marginal_expansion,45,1.5546621867225276e-20
256,cont_batch,45,0.0
256,pred_bs1_marginal_expansion,46,3.5011036986151554e-19
256,cont_batch,46,0.0
256,pred_bs1_marginal_expansion,47,6.580638162241093e-18
256,cont_batch,47,0.0
256,pred_bs1_marginal_expansion,48,1.0418134628168866e-16
256,cont_batch,48,0.0
256,pred_bs1_marginal_expansion,49,1.400648563152167e-15
256,cont_batch,49,0.0
256,pred_bs1_marginal_expansion,50,1.6110334408005518e-14
256,cont_batch,50,0.0
256,pred_bs1_marginal_expansion,51,1.5960772767714707e-13
256,cont_batch,51,0.0
256,pred_bs1_marginal_expansion,52,1.370514692036898e-12
256,cont_batch,52,0.0
256,pred_bs1_marginal_expansion,53,1.0259131952179855e-11
256,cont_batch,53,0.0
256,pred_bs1_marginal_expansion,54,6.731260422319702e-11
256,cont_batch,54,0.0
256,pred_bs1_marginal_expansion,55,3.891139344316553e-10
256,cont_batch,55,0.0
256,pred_bs1_marginal_expansion,56,1.9915269353930437e-09
256,cont_batch,56,0.0
256,pred_bs1_marginal_expansion,57,9.067318943775146e-09
256,cont_batch,57,0.0
256,pred_bs1_marginal_expansion,58,3.6893326728668937e-08
256,cont_batch,58,0.0
256,pred_bs1_marginal_expansion,59,1.3475383801670787e-07
256,cont_batch,59,0.0
256,pred_bs1_marginal_expansion,60,4.437895374086025e-07
256,cont_batch,60,0.0
256,pred_bs1_marginal_expansion,61,1.3235991157468232e-06
256,cont_batch,61,0.0
256,pred_bs1_marginal_expansion,62,3.5906526464342384e-06
256,cont_batch,62,0.0
256,pred_bs1_marginal_expansion,63,8.898623475384502e-06
256,cont_batch,63,0.0
256,pred_bs1_marginal_expansion,64,2.0235125507806024e-05
256,cont_batch,64,0.0
256,pred_bs1_marginal_expansion,65,4.2406499157631644e-05
256,cont_batch,65,2.0833333333333333e-05
256,pred_bs1_marginal_expansion,66,8.22661529058098e-05
256,cont_batch,66,9.895833333333333e-05
256,pred_bs1_marginal_expansion,67,0.00014838793859185247
256,cont_batch,67,0.000109375
256,pred_bs1_marginal_expansion,68,0.0002499748201094249
256,cont_batch,68,0.00022916666666666666
256,pred_bs1_marginal_expansion,69,0.0003950465990627981
256,cont_batch,69,0.00034895833333333334
256,pred_bs1_marginal_expansion,70,0.0005882869148847032
256,cont_batch,70,0.0005989583333333334
256,pred_bs1_marginal_expansion,71,0.0008291861480360652
256,cont_batch,71,0.0007135416666666667
256,pred_bs1_marginal_expansion,72,0.0011111395041150985
256,cont_batch,72,0.001015625
256,pred_bs1_marginal_expansion,73,0.0014219042381149278
256,cont_batch,73,0.0014427083333333334
256,pred_bs1_marginal_expansion,74,0.001745388533435841
256,cont_batch,74,0.0018177083333333335
256,pred_bs1_marginal_expansion,75,0.0020643294872054415
256,cont_batch,75,0.0020781249999999997
256,pred_bs1_marginal_expansion,76,0.002363193392723309
256,cont_batch,76,0.0021927083333333334
256,pred_bs1_marginal_expansion,77,0.0026306643806187314
256,cont_batch,77,0.0025677083333333333
256,pred_bs1_marginal_expansion,78,0.002861316078527725
256,cont_batch,78,0.002927083333333333
256,pred_bs1_marginal_expansion,79,0.0030563475972925614
256,cont_batch,79,0.0031302083333333334
256,pred_bs1_marginal_expansion,80,0.0032234778817041123
256,cont_batch,80,0.0031406249999999998
256,pred_bs1_marginal_expansion,81,0.0033761684453893397
256,cont_batch,81,0.0032187500000000003
256,pred_bs1_marginal_expansion,82,0.0035323063855043292
256,cont_batch,82,0.003484375
256,pred_bs1_marginal_expansion,83,0.003712406301841053
256,cont_batch,83,0.0037552083333333335
256,pred_bs1_marginal_expansion,84,0.003937365080512534
256,cont_batch,84,0.003989583333333333
256,pred_bs1_marginal_expansion,85,0.004225870477054362
256,cont_batch,85,0.004239583333333333
256,pred_bs1_marginal_expansion,86,0.004591705686955031
256,cont_batch,86,0.00459375
256,pred_bs1_marginal_expansion,87,0.005041341083467351
256,cont_batch,87,0.0050416666666666665
256,pred_bs1_marginal_expansion,88,0.005572278809935922
256,cont_batch,88,0.0055781250000000015
256,pred_bs1_marginal_expansion,89,0.006172557360544467
256,cont_batch,89,0.006307291666666667
256,pred_bs1_marginal_expansion,90,0.006821624854628487
256,cont_batch,90,0.006453125
256,pred_bs1_marginal_expansion,91,0.0074925018722743295
256,cont_batch,91,0.007229166666666666
256,pred_bs1_marginal_expansion,92,0.008154866305155089
256,cont_batch,92,0.008026041666666666
256,pred_bs1_marginal_expansion,93,0.008778495839035526
256,cont_batch,93,0.009057291666666667
256,pred_bs1_marginal_expansion,94,0.009336457899769123
256,cont_batch,94,0.009604166666666667
256,pred_bs1_marginal_expansion,95,0.009807547533691424
256,cont_batch,95,0.010098958333333333
256,pred_bs1_marginal_expansion,96,0.010177693736700615
256,cont_batch,96,0.010640624999999999
256,pred_bs1_marginal_expansion,97,0.010440307204708031
256,cont_batch,97,0.010645833333333332
256,pred_bs1_marginal_expansion,98,0.010595751778734591
256,cont_batch,98,0.010848958333333334
256,pred_bs1_marginal_expansion,99,0.010650239783895144
256,cont_batch,99,0.010666666666666666
256,pred_bs1_marginal_expansion,100,0.01061446796118737
256,cont_batch,100,0.011026041666666665
256,pred_bs1_marginal_expansion,101,0.010502248415754848
256,cont_batch,101,0.010552083333333333
256,pred_bs1_marginal_expansion,102,0.010329287653223915
256,cont_batch,102,0.010520833333333332
256,pred_bs1_marginal_expansion,103,0.010112165908367391
256,cont_batch,103,0.010072916666666666
256,pred_bs1_marginal_expansion,104,0.009867495987023692
256,cont_batch,104,0.009859375
256,pred_bs1_marginal_expansion,105,0.009611206622100974
256,cont_batch,105,0.009869791666666666
256,pred_bs1_marginal_expansion,106,0.00935789638500276
256,cont_batch,106,0.009062500000000001
256,pred_bs1_marginal_expansion,107,0.009120228262315821
256,cont_batch,107,0.009125000000000001
256,pred_bs1_marginal_expansion,108,0.008908367341988365
256,cont_batch,108,0.008447916666666666
256,pred_bs1_marginal_expansion,109,0.00872949216130413
256,cont_batch,109,0.008692708333333334
256,pred_bs1_marginal_expansion,110,0.008587426518645174
256,cont_batch,110,0.008776041666666666
256,pred_bs1_marginal_expansion,111,0.008482440631849313
256,cont_batch,111,0.008447916666666668
256,pred_bs1_marginal_expansion,112,0.008411260339907571
256,cont_batch,112,0.0083125
256,pred_bs1_marginal_expansion,113,0.008367304816174488
256,cont_batch,113,0.008213541666666666
256,pred_bs1_marginal_expansion,114,0.008341151625428114
256,cont_batch,114,0.0081875
256,pred_bs1_marginal_expansion,115,0.008321206620743942
256,cont_batch,115,0.008401041666666668
256,pred_bs1_marginal_expansion,116,0.008294537407555265
256,cont_batch,116,0.008390624999999999
256,pred_bs1_marginal_expansion,117,0.008247813971932106
256,cont_batch,117,0.007994791666666667
256,pred_bs1_marginal_expansion,118,0.008168289088062
256,cont_batch,118,0.008109375
256,pred_bs1_marginal_expansion,119,0.008044744841498308
256,cont_batch,119,0.007734375
256,pred_bs1_marginal_expansion,120,0.0078683308829242
256,cont_batch,120,0.0076875
256,pred_bs1_marginal_expansion,121,0.007633225821355987
256,cont_batch,121,0.007734375000000001
256,pred_bs1_marginal_expansion,122,0.0073370660461441785
256,cont_batch,122,0.007479166666666667
256,pred_bs1_marginal_expansion,123,0.006981105882808362
256,cont_batch,123,0.006916666666666667
256,pred_bs1_marginal_expansion,124,0.006570097765627832
256,cont_batch,124,0.006526041666666667
256,pred_bs1_marginal_expansion,125,0.006111908325671941
256,cont_batch,125,0.006161458333333333
256,pred_bs1_marginal_expansion,126,0.005616912509644623
256,cont_batch,126,0.005656250000000001
256,pred_bs1_marginal_expansion,127,0.005097229569624264
256,cont_batch,127,0.004953125
256,pred_bs1_marginal_expansion,128,0.004565879125634339
256,cont_batch,128,0.00471875
256,pred_bs1_marginal_expansion,129,0.004035940760374824
256,cont_batch,129,0.003973958333333333
256,pred_bs1_marginal_expansion,130,0.0035197963690491844
256,cont_batch,130,0.0033281249999999995
256,pred_bs1_marginal_expansion,131,0.0030285216364345194
256,cont_batch,131,0.003010416666666667
256,pred_bs1_marginal_expansion,132,0.0025714733750598776
256,cont_batch,132,0.002578125
256,pred_bs1_marginal_expansion,133,0.0021560953781231997
256,cont_batch,133,0.002171875
256,pred_bs1_marginal_expansion,134,0.0017879393982880747
256,cont_batch,134,0.0019375
256,pred_bs1_marginal_expansion,135,0.0014708722572346913
256,cont_batch,135,0.001421875
256,pred_bs1_marginal_expansion,136,0.0012074172410885904
256,cont_batch,136,0.0012291666666666666
256,pred_bs1_marginal_expansion,137,0.0009991602480116813
256,cont_batch,137,0.0011770833333333332
256,pred_bs1_marginal_expansion,138,0.0008471412615029814
256,cont_batch,138,0.0010260416666666666
256,pred_bs1_marginal_expansion,139,0.0007521523856655224
256,cont_batch,139,0.000859375
256,pred_bs1_marginal_expansion,140,0.00071487721840002
256,cont_batch,140,0.000953125
256,pred_bs1_marginal_expansion,141,0.0007358335929552278
256,cont_batch,141,0.0009791666666666668
256,pred_bs1_marginal_expansion,142,0.0008151207658155807
256,cont_batch,142,0.00125
256,pred_bs1_marginal_expansion,143,0.0009520173276114075
256,cont_batch,143,0.00115625
256,pred_bs1_marginal_expansion,144,0.0011445181425325949
256,cont_batch,144,0.0013177083333333335
256,pred_bs1_marginal_expansion,145,0.0013889260481709895
256,cont_batch,145,0.001515625
256,pred_bs1_marginal_expansion,146,0.0016796164338875404
256,cont_batch,146,0.0016927083333333334
256,pred_bs1_marginal_expansion,147,0.0020090646315087395
256,cont_batch,147,0.0020833333333333333
256,pred_bs1_marginal_expansion,148,0.0023681700007828366
256,cont_batch,148,0.002364583333333333
256,pred_bs1_marginal_expansion,149,0.0027468387440756897
256,cont_batch,149,0.002734375
256,pred_bs1_marginal_expansion,150,0.0031347191167509954
256,cont_batch,150,0.003057291666666666
256,pred_bs1_marginal_expansion,151,0.0035219389104852385
256,cont_batch,151,0.003604166666666667
256,pred_bs1_marginal_expansion,152,0.003899691699056096
256,cont_batch,152,0.0036041666666666665
256,pred_bs1_marginal_expansion,153,0.00426055964351156
256,cont_batch,153,0.0039010416666666672
256,pred_bs1_marginal_expansion,154,0.00459853665004301
256,cont_batch,154,0.004276041666666668
256,pred_bs1_marginal_expansion,155,0.00490880430192235
256,cont_batch,155,0.00453125
256,pred_bs1_marginal_expansion,156,0.0051873870034932264
256,cont_batch,156,0.004942708333333333
256,pred_bs1_marginal_expansion,157,0.005430848883162161
256,cont_batch,157,0.0050260416666666665
256,pred_bs1_marginal_expansion,158,0.005636181822056591
256,cont_batch,158,0.005390625
256,pred_bs1_marginal_expansion,159,0.005800975776312106
256,cont_batch,159,0.0056927083333333335
256,pred_bs1_marginal_expansion,160,0.005923877386516524
256,cont_batch,160,0.0058125
256,pred_bs1_marginal_expansion,161,0.006005255927368169
256,cont_batch,161,0.005843749999999999
256,pred_bs1_marginal_expansion,162,0.006047930725814707
256,cont_batch,162,0.00621875
256,pred_bs1_marginal_expansion,163,0.006057786378878382
256,cont_batch,163,0.006046874999999999
256,pred_bs1_marginal_expansion,164,0.006044114496560184
256,cont_batch,164,0.0059791666666666665
256,pred_bs1_marginal_expansion,165,0.0060195654787069605
256,cont_batch,165,0.006067708333333333
256,pred_bs1_marginal_expansion,166,0.0059996568883648625
256,cont_batch,166,0.0061041666666666675
256,pred_bs1_marginal_expansion,167,0.0060018514459520955
256,cont_batch,167,0.005703125
256,pred_bs1_marginal_expansion,168,0.006044276215050001
256,cont_batch,168,0.0062968749999999995
256,pred_bs1_marginal_expansion,169,0.0061441990828767015
256,cont_batch,169,0.006307291666666667
256,pred_bs1_marginal_expansion,170,0.006316407466607612
256,cont_batch,170,0.006479166666666668
256,pred_bs1_marginal_expansion,171,0.0065716478765211655
256,cont_batch,171,0.006744791666666666
256,pred_bs1_marginal_expansion,172,0.006915284395376839
256,cont_batch,172,0.007234375000000001
256,pred_bs1_marginal_expansion,173,0.0073463196158411286
256,cont_batch,173,0.007197916666666667
256,pred_bs1_marginal_expansion,174,0.0078568933873615
256,cont_batch,174,0.008177083333333331
256,pred_bs1_marginal_expansion,175,0.008432334195024644
256,cont_batch,175,0.0083125
256,pred_bs1_marginal_expansion,176,0.009051788329493743
256,cont_batch,176,0.008927083333333334
256,pred_bs1_marginal_expansion,177,0.009689398168522231
256,cont_batch,177,0.009822916666666666
256,pred_bs1_marginal_expansion,178,0.01031594858602075
256,cont_batch,178,0.010333333333333333
256,pred_bs1_marginal_expansion,179,0.010900854898103399
256,cont_batch,179,0.01134375
256,pred_bs1_marginal_expansion,180,0.01141433062756579
256,cont_batch,180,0.011203125
256,pred_bs1_marginal_expansion,181,0.011829551128059208
256,cont_batch,181,0.0115
256,pred_bs1_marginal_expansion,182,0.012124621463415343
256,cont_batch,182,0.012328125
256,pred_bs1_marginal_expansion,183,0.012284165557455802
256,cont_batch,183,0.0119375
256,pred_bs1_marginal_expansion,184,0.012300380155288847
256,cont_batch,184,0.012041666666666666
256,pred_bs1_marginal_expansion,185,0.012173442278979376
256,cont_batch,185,0.012359374999999999
256,pred_bs1_marginal_expansion,186,0.01191122097933169
256,cont_batch,186,0.011708333333333333
256,pred_bs1_marginal_expansion,187,0.011528318139568157
256,cont_batch,187,0.0115
256,pred_bs1_marginal_expansion,188,0.01104454011363508
256,cont_batch,188,0.010875000000000001
256,pred_bs1_marginal_expansion,189,0.01048297092565669
256,cont_batch,189,0.010380208333333333
256,pred_bs1_marginal_expansion,190,0.009867867353616966
256,cont_batch,190,0.009489583333333336
256,pred_bs1_marginal_expansion,191,0.009222617691393835
256,cont_batch,191,0.009197916666666667
256,pred_bs1_marginal_expansion,192,0.008567995111257004
256,cont_batch,192,0.008765625
256,pred_bs1_marginal_expansion,193,0.007920894643013437
256,cont_batch,193,0.007833333333333333
256,pred_bs1_marginal_expansion,194,0.007293676380403263
256,cont_batch,194,0.0073906250000000005
256,pred_bs1_marginal_expansion,195,0.006694157021528727
256,cont_batch,195,0.006666666666666667
256,pred_bs1_marginal_expansion,196,0.006126209518507925
256,cont_batch,196,0.006041666666666667
256,pred_bs1_marginal_expansion,197,0.005590858383433542
256,cont_batch,197,0.005760416666666667
256,pred_bs1_marginal_expansion,198,0.005087705592441763
256,cont_batch,198,0.005276041666666667
256,pred_bs1_marginal_expansion,199,0.0046164944805124905
256,cont_batch,199,0.004703125
256,pred_bs1_marginal_expansion,200,0.004178616863234984
256,cont_batch,200,0.00425
256,pred_bs1_marginal_expansion,201,0.0037783870657363294
256,cont_batch,201,0.00365625
256,pred_bs1_marginal_expansion,202,0.0034239369457451057
256,cont_batch,202,0.0036093750000000006
256,pred_bs1_marginal_expansion,203,0.003127618629509184
256,cont_batch,203,0.0032343749999999994
256,pred_bs1_marginal_expansion,204,0.00290582953990416
256,cont_batch,204,0.002921875
256,pred_bs1_marginal_expansion,205,0.002778196910719528
256,cont_batch,205,0.0028229166666666667
256,pred_bs1_marginal_expansion,206,0.0027660842408265196
256,cont_batch,206,0.0027552083333333335
256,pred_bs1_marginal_expansion,207,0.0028904243140216207
256,cont_batch,207,0.002932291666666667
256,pred_bs1_marginal_expansion,208,0.0031689566491448678
256,cont_batch,208,0.003125
256,pred_bs1_marginal_expansion,209,0.0036130563483781266
256,cont_batch,209,0.0037552083333333335
256,pred_bs1_marginal_expansion,210,0.004224473976345301
256,cont_batch,210,0.00434375
256,pred_bs1_marginal_expansion,211,0.00499243167250922
256,cont_batch,211,0.0050885416666666666
256,pred_bs1_marginal_expansion,212,0.005891598000802558
256,cont_batch,212,0.0056927083333333335
256,pred_bs1_marginal_expansion,213,0.00688145593659492
256,cont_batch,213,0.0067552083333333336
256,pred_bs1_marginal_expansion,214,0.007907466120799261
256,cont_batch,214,0.008072916666666667
256,pred_bs1_marginal_expansion,215,0.00890421735039293
256,cont_batch,215,0.008942708333333334
256,pred_bs1_marginal_expansion,216,0.009800475853522887
256,cont_batch,216,0.009729166666666667
256,pred_bs1_marginal_expansion,217,0.01052573356418302
256,cont_batch,217,0.010921875
256,pred_bs1_marginal_expansion,218,0.011017556892186683
256,cont_batch,218,0.010609375
256,pred_bs1_marginal_expansion,219,0.011228798242080833
256,cont_batch,219,0.010911458333333334
256,pred_bs1_marginal_expansion,220,0.011133605210350415
256,cont_batch,220,0.011364583333333332
256,pred_bs1_marginal_expansion,221,0.010731200909432142
256,cont_batch,221,0.010796875000000001
256,pred_bs1_marginal_expansion,222,0.010046651636545757
256,cont_batch,222,0.010171875
256,pred_bs1_marginal_expansion,223,0.009128282220489418
256,cont_batch,223,0.008953125
256,pred_bs1_marginal_expansion,224,0.008041980725283861
256,cont_batch,224,0.008130208333333333
256,pred_bs1_marginal_expansion,225,0.006863229666067186
256,cont_batch,225,0.006921875
256,pred_bs1_marginal_expansion,226,0.005668158980711577
256,cont_batch,226,0.005729166666666667
256,pred_bs1_marginal_expansion,227,0.00452510631984667
256,cont_batch,227,0.004494791666666666
256,pred_bs1_marginal_expansion,228,0.0034880314451504373
256,cont_batch,228,0.003598958333333334
256,pred_bs1_marginal_expansion,229,0.0025926965737854356
256,cont_batch,229,0.0025208333333333333
256,pred_bs1_marginal_expansion,230,0.0018559118749997112
256,cont_batch,230,0.0016927083333333332
256,pred_bs1_marginal_expansion,231,0.001277520112855504
256,cont_batch,231,0.001203125
256,pred_bs1_marginal_expansion,232,0.0008443145609449662
256,cont_batch,232,0.0008489583333333334
256,pred_bs1_marginal_expansion,233,0.0005348523255214091
256,cont_batch,233,0.000515625
256,pred_bs1_marginal_expansion,234,0.0003241624123878494
256,cont_batch,234,0.00030208333333333335
256,pred_bs1_marginal_expansion,235,0.00018759802245716317
256,cont_batch,235,0.00019270833333333333
256,pred_bs1_marginal_expansion,236,0.00010344058475779417
256,cont_batch,236,9.375e-05
256,pred_bs1_marginal_expansion,237,5.421542389615996e-05
256,cont_batch,237,4.6875e-05
256,pred_bs1_marginal_expansion,238,2.6939818946220036e-05
256,cont_batch,238,3.6458333333333336e-05
256,pred_bs1_marginal_expansion,239,1.2654930750810608e-05
256,cont_batch,239,1.0416666666666666e-05
256,pred_bs1_marginal_expansion,240,5.601886316930491e-06
256,cont_batch,240,0.0
256,pred_bs1_marginal_expansion,241,2.328479125438916e-06
256,cont_batch,241,5.208333333333333e-06
256,pred_bs1_marginal_expansion,242,9.051795916981144e-07
256,cont_batch,242,0.0
256,pred_bs1_marginal_expansion,243,3.276038005132584e-07
256,cont_batch,243,0.0
256,pred_bs1_marginal_expansion,244,1.0981378402441527e-07
256,cont_batch,244,0.0
256,pred_bs1_marginal_expansion,245,3.388801966356756e-08
256,cont_batch,245,0.0
256,pred_bs1_marginal_expansion,246,9.559987163010334e-09
256,cont_batch,246,0.0
256,pred_bs1_marginal_expansion,247,2.444864181475977e-09
256,cont_batch,247,0.0
256,pred_bs1_marginal_expansion,248,5.61105051311018e-10
256,cont_batch,248,0.0
256,pred_bs1_marginal_expansion,249,1.1413082516102234e-10
256,cont_batch,249,0.0
256,pred_bs1_marginal_expansion,250,2.02519112590949e-11
256,cont_batch,250,0.0
256,pred_bs1_marginal_expansion,251,3.070821374961957e-12
256,cont_batch,251,0.0
256,pred_bs1_marginal_expansion,252,3.8682483142575147e-13
256,cont_batch,252,0.0
256,pred_bs1_marginal_expansion,253,3.885317993261127e-14
256,cont_batch,253,0.0
256,pred_bs1_marginal_expansion,254,2.91433543964104e-15
256,cont_batch,254,0.0
256,pred_bs1_marginal_expansion,255,1.4340380734741628e-16
256,cont_batch,255,0.0
256,pred_bs1_marginal_expansion,256,4.625929269271493e-18
256,cont_batch,256,0.0
512,pred_bs1_marginal_expansion,0,0.0
512,cont_batch,0,0.0
512,pred_bs1_marginal_expansion,1,0.0
512,cont_batch,1,0.0
512,pred_bs1_marginal_expansion,2,0.0
512,cont_batch,2,0.0
512,pred_bs1_marginal_expansion,3,0.0
512,cont_batch,3,0.0
512,pred_bs1_marginal_expansion,4,0.0
512,cont_batch,4,0.0
512,pred_bs1_marginal_expansion,5,0.0
512,cont_batch,5,0.0
512,pred_bs1_marginal_expansion,6,0.0
512,cont_batch,6,0.0
512,pred_bs1_marginal_expansion,7,0.0
512,cont_batch,7,0.0
512,pred_bs1_marginal_expansion,8,0.0
512,cont_batch,8,0.0
512,pred_bs1_marginal_expansion,9,0.0
512,cont_batch,9,0.0
512,pred_bs1_marginal_expansion,10,0.0
512,cont_batch,10,0.0
512,pred_bs1_marginal_expansion,11,0.0
512,cont_batch,11,0.0
512,pred_bs1_marginal_expansion,12,0.0
512,cont_batch,12,0.0
512,pred_bs1_marginal_expansion,13,0.0
512,cont_batch,13,0.0
512,pred_bs1_marginal_expansion,14,0.0
512,cont_batch,14,0.0
512,pred_bs1_marginal_expansion,15,0.0
512,cont_batch,15,0.0
512,pred_bs1_marginal_expansion,16,0.0
512,cont_batch,16,0.0
512,pred_bs1_marginal_expansion,17,0.0
512,cont_batch,17,0.0
512,pred_bs1_marginal_expansion,18,0.0
512,cont_batch,18,0.0
512,pred_bs1_marginal_expansion,19,0.0
512,cont_batch,19,0.0
512,pred_bs1_marginal_expansion,20,0.0
512,cont_batch,20,0.0
512,pred_bs1_marginal_expansion,21,0.0
512,cont_batch,21,0.0
512,pred_bs1_marginal_expansion,22,0.0
512,cont_batch,22,0.0
512,pred_bs1_marginal_expansion,23,0.0
512,cont_batch,23,0.0
512,pred_bs1_marginal_expansion,24,0.0
512,cont_batch,24,0.0
512,pred_bs1_marginal_expansion,25,0.0
512,cont_batch,25,0.0
512,pred_bs1_marginal_expansion,26,0.0
512,cont_batch,26,0.0
512,pred_bs1_marginal_expansion,27,7.813e-320
512,cont_batch,27,0.0
512,pred_bs1_marginal_expansion,28,2.5696979660339464e-308
512,cont_batch,28,0.0
512,pred_bs1_marginal_expansion,29,3.0258001324825227e-297
512,cont_batch,29,0.0
512,pred_bs1_marginal_expansion,30,1.3342088342755557e-286
512,cont_batch,30,0.0
512,pred_bs1_marginal_expansion,31,2.298704881327881e-276
512,cont_batch,31,0.0
512,pred_bs1_marginal_expansion,32,1.610995900704572e-266
512,cont_batch,32,0.0
512,pred_bs1_marginal_expansion,33,4.7715113226701694e-257
512,cont_batch,33,0.0
512,pred_bs1_marginal_expansion,34,6.1940493635415345e-248
512,cont_batch,34,0.0
512,pred_bs1_marginal_expansion,35,3.6486782883883243e-239
512,cont_batch,35,0.0
512,pred_bs1_marginal_expansion,36,1.0082122702949532e-230
512,cont_batch,36,0.0
512,pred_bs1_marginal_expansion,37,1.348947559975733e-222
512,cont_batch,37,0.0
512,pred_bs1_marginal_expansion,38,9.007525980926919e-215
512,cont_batch,38,0.0
512,pred_bs1_marginal_expansion,39,3.0895301600837148e-207
512,cont_batch,39,0.0
512,pred_bs1_marginal_expansion,40,5.594054516495333e-200
512,cont_batch,40,0.0
512,pred_bs1_marginal_expansion,41,5.487018726507918e-193
512,cont_batch,41,0.0
512,pred_bs1_marginal_expansion,42,2.987523373083138e-186
512,cont_batch,42,0.0
512,pred_bs1_marginal_expansion,43,9.238890505552008e-180
512,cont_batch,43,0.0
512,pred_bs1_marginal_expansion,44,1.6582184556152178e-173
512,cont_batch,44,0.0
512,pred_bs1_marginal_expansion,45,1.7628462398794255e-167
512,cont_batch,45,0.0
512,pred_bs1_marginal_expansion,46,1.13159182479573e-161
512,cont_batch,46,0.0
512,pred_bs1_marginal_expansion,47,4.466808471444178e-156
512,cont_batch,47,0.0
512,pred_bs1_marginal_expansion,48,1.1033364935689865e-150
512,cont_batch,48,0.0
512,pred_bs1_marginal_expansion,49,1.7341804647346884e-145
512,cont_batch,49,0.0
512,pred_bs1_marginal_expansion,50,1.7627184808837778e-140
512,cont_batch,50,0.0
512,pred_bs1_marginal_expansion,51,1.1770573366852018e-135
512,cont_batch,51,0.0
512,pred_bs1_marginal_expansion,52,5.243131474832173e-131
512,cont_batch,52,0.0
512,pred_bs1_marginal_expansion,53,1.5814846265232967e-126
512,cont_batch,53,0.0
512,pred_bs1_marginal_expansion,54,3.277818454526561e-122
512,cont_batch,54,0.0
512,pred_bs1_marginal_expansion,55,4.735666312597142e-118
512,cont_batch,55,0.0
512,pred_bs1_marginal_expansion,56,4.836690364169951e-114
512,cont_batch,56,0.0
512,pred_bs1_marginal_expansion,57,3.540296114022843e-110
512,cont_batch,57,0.0
512,pred_bs1_marginal_expansion,58,1.8821692525339284e-106
512,cont_batch,58,0.0
512,pred_bs1_marginal_expansion,59,7.362941993932479e-103
512,cont_batch,59,0.0
512,pred_bs1_marginal_expansion,60,2.1463373021544652e-99
512,cont_batch,60,0.0
512,pred_bs1_marginal_expansion,61,4.719619446743699e-96
512,cont_batch,61,0.0
512,pred_bs1_marginal_expansion,62,7.921566344735801e-93
512,cont_batch,62,0.0
512,pred_bs1_marginal_expansion,63,1.0265145859132525e-89
512,cont_batch,63,0.0
512,pred_bs1_marginal_expansion,64,1.038356519733358e-86
512,cont_batch,64,0.0
512,pred_bs1_marginal_expansion,65,8.286225203506478e-84
512,cont_batch,65,0.0
512,pred_bs1_marginal_expansion,66,5.270167705423895e-81
512,cont_batch,66,0.0
512,pred_bs1_marginal_expansion,67,2.6977911471863757e-78
512,cont_batch,67,0.0
512,pred_bs1_marginal_expansion,68,1.1220183195718653e-75
512,cont_batch,68,0.0
512,pred_bs1_marginal_expansion,69,3.825828028384842e-73
512,cont_batch,69,0.0
512,pred_bs1_marginal_expansion,70,1.0788127961560428e-70
512,cont_batch,70,0.0
512,pred_bs1_marginal_expansion,71,2.536632516668107e-68
512,cont_batch,71,0.0
512,pred_bs1_marginal_expansion,72,5.012889615892427e-66
512,cont_batch,72,0.0
512,pred_bs1_marginal_expansion,73,8.3887335806565e-64
512,cont_batch,73,0.0
512,pred_bs1_marginal_expansion,74,1.1972056758560437e-61
512,cont_batch,74,0.0
512,pred_bs1_marginal_expansion,75,1.4669583508383019e-59
512,cont_batch,75,0.0
512,pred_bs1_marginal_expansion,76,1.553036046029819e-57
512,cont_batch,76,0.0
512,pred_bs1_marginal_expansion,77,1.4289751862920277e-55
512,cont_batch,77,0.0
512,pred_bs1_marginal_expansion,78,1.1490565262332073e-53
512,cont_batch,78,0.0
512,pred_bs1_marginal_expansion,79,8.116338201523851e-52
512,cont_batch,79,0.0
512,pred_bs1_marginal_expansion,80,5.059998086886071e-50
512,cont_batch,80,0.0
512,pred_bs1_marginal_expansion,81,2.796601671443175e-48
512,cont_batch,81,0.0
512,pred_bs1_marginal_expansion,82,1.37587178036125e-46
512,cont_batch,82,0.0
512,pred_bs1_marginal_expansion,83,6.04836617731356e-45
512,cont_batch,83,0.0
512,pred_bs1_marginal_expansion,84,2.3841622446524635e-43
512,cont_batch,84,0.0
512,pred_bs1_marginal_expansion,85,8.454458750386226e-42
512,cont_batch,85,0.0
512,pred_bs1_marginal_expansion,86,2.7052221384550385e-40
512,cont_batch,86,0.0
512,pred_bs1_marginal_expansion,87,7.832711735316012e-39
512,cont_batch,87,0.0
512,pred_bs1_marginal_expansion,88,2.0575852297624924e-37
512,cont_batch,88,0.0
512,pred_bs1_marginal_expansion,89,4.9160058438198154e-36
512,cont_batch,89,0.0
512,pred_bs1_marginal_expansion,90,1.070739887024002e-34
512,cont_batch,90,0.0
512,pred_bs1_marginal_expansion,91,2.1307060525183593e-33
512,cont_batch,91,0.0
512,pred_bs1_marginal_expansion,92,3.881780525555114e-32
512,cont_batch,92,0.0
512,pred_bs1_marginal_expansion,93,6.487250479700517e-31
512,cont_batch,93,0.0
512,pred_bs1_marginal_expansion,94,9.963828924272786e-30
512,cont_batch,94,0.0
512,pred_bs1_marginal_expansion,95,1.4089802717632511e-28
512,cont_batch,95,0.0
512,pred_bs1_marginal_expansion,96,1.8375575241642178e-27
512,cont_batch,96,0.0
512,pred_bs1_marginal_expansion,97,2.2138544464252084e-26
512,cont_batch,97,0.0
512,pred_bs1_marginal_expansion,98,2.4678408266327536e-25
512,cont_batch,98,0.0
512,pred_bs1_marginal_expansion,99,2.5492276625960484e-24
512,cont_batch,99,0.0
512,pred_bs1_marginal_expansion,100,2.4437939064102158e-23
512,cont_batch,100,0.0
512,pred_bs1_marginal_expansion,101,2.177236122123015e-22
512,cont_batch,101,0.0
512,pred_bs1_marginal_expansion,102,1.805232000004619e-21
512,cont_batch,102,0.0
512,pred_bs1_marginal_expansion,103,1.3948613368052478e-20
512,cont_batch,103,0.0
512,pred_bs1_marginal_expansion,104,1.0056974066691191e-19
512,cont_batch,104,0.0
512,pred_bs1_marginal_expansion,105,6.774773218445675e-19
512,cont_batch,105,0.0
512,pred_bs1_marginal_expansion,106,4.269260510294564e-18
512,cont_batch,106,0.0
512,pred_bs1_marginal_expansion,107,2.5198127723063172e-17
512,cont_batch,107,0.0
512,pred_bs1_marginal_expansion,108,1.3946280936567255e-16
512,cont_batch,108,0.0
512,pred_bs1_marginal_expansion,109,7.24654753418034e-16
512,cont_batch,109,0.0
512,pred_bs1_marginal_expansion,110,3.5390582912330956e-15
512,cont_batch,110,0.0
512,pred_bs1_marginal_expansion,111,1.6263891928049036e-14
512,cont_batch,111,0.0
512,pred_bs1_marginal_expansion,112,7.041009442136049e-14
512,cont_batch,112,0.0
512,pred_bs1_marginal_expansion,113,2.8748266378064717e-13
512,cont_batch,113,0.0
512,pred_bs1_marginal_expansion,114,1.1082769139946358e-12
512,cont_batch,114,0.0
512,pred_bs1_marginal_expansion,115,4.0386957738385695e-12
512,cont_batch,115,0.0
512,pred_bs1_marginal_expansion,116,1.3928064934825103e-11
512,cont_batch,116,0.0
512,pred_bs1_marginal_expansion,117,4.550962262208085e-11
512,cont_batch,117,0.0
512,pred_bs1_marginal_expansion,118,1.4105577962678202e-10
512,cont_batch,118,0.0
512,pred_bs1_marginal_expansion,119,4.1521505234189624e-10
512,cont_batch,119,0.0
512,pred_bs1_marginal_expansion,120,1.162188066499484e-09
512,cont_batch,120,0.0
512,pred_bs1_marginal_expansion,121,3.096952682545885e-09
512,cont_batch,121,0.0
512,pred_bs1_marginal_expansion,122,7.866618168663175e-09
512,cont_batch,122,0.0
512,pred_bs1_marginal_expansion,123,1.9071444999824306e-08
512,cont_batch,123,0.0
512,pred_bs1_marginal_expansion,124,4.418483173951372e-08
512,cont_batch,124,0.0
512,pred_bs1_marginal_expansion,125,9.795200696475337e-08
512,cont_batch,125,0.0
512,pred_bs1_marginal_expansion,126,2.080481256376915e-07
512,cont_batch,126,0.0
512,pred_bs1_marginal_expansion,127,4.239227340739269e-07
512,cont_batch,127,0.0
512,pred_bs1_marginal_expansion,128,8.297464220151257e-07
512,cont_batch,128,0.0
512,pred_bs1_marginal_expansion,129,1.5620808285696188e-06
512,cont_batch,129,6.944444444444444e-06
512,pred_bs1_marginal_expansion,130,2.832201685461862e-06
512,cont_batch,130,0.0
512,pred_bs1_marginal_expansion,131,4.951871164661888e-06
512,cont_batch,131,0.0
512,pred_bs1_marginal_expansion,132,8.359863543274986e-06
512,cont_batch,132,0.0
512,pred_bs1_marginal_expansion,133,1.3644947300297412e-05
512,cont_batch,133,1.3888888888888888e-05
512,pred_bs1_marginal_expansion,134,2.1559724093912503e-05
512,cont_batch,134,2.7777777777777776e-05
512,pred_bs1_marginal_expansion,135,3.30192069966171e-05
512,cont_batch,135,1.3888888888888888e-05
512,pred_bs1_marginal_expansion,136,4.907871521282174e-05
512,cont_batch,136,5.555555555555555e-05
512,pred_bs1_marginal_expansion,137,7.08877783910243e-05
512,cont_batch,137,0.0001111111111111111
512,pred_bs1_marginal_expansion,138,9.962013883010134e-05
512,cont_batch,138,0.00011805555555555556
512,pred_bs1_marginal_expansion,139,0.00013638408373046774
512,cont_batch,139,0.00013194444444444443
512,pred_bs1_marginal_expansion,140,0.00018212139785957532
512,cont_batch,140,0.0002013888888888889
512,pred_bs1_marginal_expansion,141,0.00023750626129333477
512,cont_batch,141,0.0002916666666666667
512,pred_bs1_marginal_expansion,142,0.0003028566435474099
512,cont_batch,142,0.0002777777777777778
512,pred_bs1_marginal_expansion,143,0.00037806976913981404
512,cont_batch,143,0.00036805555555555555
512,pred_bs1_marginal_expansion,144,0.0004625901722826746
512,cont_batch,144,0.0005416666666666666
512,pred_bs1_marginal_expansion,145,0.0005554143363718338
512,cont_batch,145,0.000625
512,pred_bs1_marginal_expansion,146,0.0006551308715520893
512,cont_batch,146,0.0006597222222222222
512,pred_bs1_marginal_expansion,147,0.0007599906382853512
512,cont_batch,147,0.0007638888888888889
512,pred_bs1_marginal_expansion,148,0.0008679980078863523
512,cont_batch,148,0.0009513888888888889
512,pred_bs1_marginal_expansion,149,0.0009770130217795735
512,cont_batch,149,0.0009375
512,pred_bs1_marginal_expansion,150,0.0010848545917260916
512,cont_batch,150,0.0011458333333333333
512,pred_bs1_marginal_expansion,151,0.0011893967150548759
512,cont_batch,151,0.0012847222222222223
512,pred_bs1_marginal_expansion,152,0.001288652367632039
512,cont_batch,152,0.0011805555555555558
512,pred_bs1_marginal_expansion,153,0.001380842628995506
512,cont_batch,153,0.0014166666666666666
512,pred_bs1_marginal_expansion,154,0.001464451130352941
512,cont_batch,154,0.0015277777777777779
512,pred_bs1_marginal_expansion,155,0.0015382657316395832
512,cont_batch,155,0.0014513888888888888
512,pred_bs1_marginal_expansion,156,0.00160141028595296
512,cont_batch,156,0.001701388888888889
512,pred_bs1_marginal_expansion,157,0.0016533694883625015
512,cont_batch,157,0.0016944444444444446
512,pred_bs1_marginal_expansion,158,0.0016940093079063007
512,cont_batch,158,0.001701388888888889
512,pred_bs1_marginal_expansion,159,0.0017235945920773426
512,cont_batch,159,0.0019097222222222224
512,pred_bs1_marginal_expansion,160,0.0017428043207544045
512,cont_batch,160,0.0017638888888888888
512,pred_bs1_marginal_expansion,161,0.0017527438220034395
512,cont_batch,161,0.0017291666666666666
512,pred_bs1_marginal_expansion,162,0.001754952129671189
512,cont_batch,162,0.0019444444444444444
512,pred_bs1_marginal_expansion,163,0.0017514016006505762
512,cont_batch,163,0.0018680555555555555
512,pred_bs1_marginal_expansion,164,0.0017444859530632074
512,cont_batch,164,0.0015833333333333333
512,pred_bs1_marginal_expansion,165,0.0017369921137283747
512,cont_batch,165,0.0017083333333333334
512,pred_bs1_marginal_expansion,166,0.0017320508318087436
512,cont_batch,166,0.0017916666666666667
512,pred_bs1_marginal_expansion,167,0.0017330611665001034
512,cont_batch,167,0.001673611111111111
512,pred_bs1_marginal_expansion,168,0.00174358497703943
512,cont_batch,168,0.0015902777777777775
512,pred_bs1_marginal_expansion,169,0.001767209684310981
512,cont_batch,169,0.0016527777777777778
512,pred_bs1_marginal_expansion,170,0.0018073809397086576
512,cont_batch,170,0.0016458333333333331
512,pred_bs1_marginal_expansion,171,0.0018672112780756388
512,cont_batch,171,0.001923611111111111
512,pred_bs1_marginal_expansion,172,0.0019492758717731837
512,cont_batch,172,0.0018194444444444443
512,pred_bs1_marginal_expansion,173,0.0020554113514544394
512,cont_batch,173,0.0021111111111111113
512,pred_bs1_marginal_expansion,174,0.002186537316719224
512,cont_batch,174,0.002340277777777778
512,pred_bs1_marginal_expansion,175,0.0023425216183011683
512,cont_batch,175,0.002270833333333333
512,pred_bs1_marginal_expansion,176,0.002522108984858679
512,cont_batch,176,0.0025
512,pred_bs1_marginal_expansion,177,0.0027229277999715426
512,cont_batch,177,0.0027708333333333335
512,pred_bs1_marginal_expansion,178,0.0029415821425902624
512,cont_batch,178,0.0027847222222222223
512,pred_bs1_marginal_expansion,179,0.0031738265555453244
512,cont_batch,179,0.003333333333333333
512,pred_bs1_marginal_expansion,180,0.0034148108553498043
512,cont_batch,180,0.0035138888888888884
512,pred_bs1_marginal_expansion,181,0.0036593732993581087
512,cont_batch,181,0.003625
512,pred_bs1_marginal_expansion,182,0.00390235410131781
512,cont_batch,182,0.0038541666666666668
512,pred_bs1_marginal_expansion,183,0.004138898693520403
512,cont_batch,183,0.004277777777777778
512,pred_bs1_marginal_expansion,184,0.004364721663874448
512,cont_batch,184,0.004208333333333334
512,pred_bs1_marginal_expansion,185,0.00457630761388277
512,cont_batch,185,0.004381944444444444
512,pred_bs1_marginal_expansion,186,0.004771033330839094
512,cont_batch,186,0.004868055555555555
512,pred_bs1_marginal_expansion,187,0.0049472052910180956
512,cont_batch,187,0.0049722222222222225
512,pred_bs1_marginal_expansion,188,0.005104016145216236
512,cont_batch,188,0.005055555555555556
512,pred_bs1_marginal_expansion,189,0.005241432178168022
512,cont_batch,189,0.005187499999999999
512,pred_bs1_marginal_expansion,190,0.0053600298330603
512,cont_batch,190,0.005368055555555556
512,pred_bs1_marginal_expansion,191,0.00546080276321928
512,cont_batch,191,0.005076388888888888
512,pred_bs1_marginal_expansion,192,0.005544961481969158
512,cont_batch,192,0.0052499999999999995
512,pred_bs1_marginal_expansion,193,0.005613745866760461
512,cont_batch,193,0.005652777777777778
512,pred_bs1_marginal_expansion,194,0.005668267118132776
512,cont_batch,194,0.005319444444444444
512,pred_bs1_marginal_expansion,195,0.005709390969677831
512,cont_batch,195,0.0055625
512,pred_bs1_marginal_expansion,196,0.005737668674672084
512,cont_batch,196,0.005597222222222221
512,pred_bs1_marginal_expansion,197,0.0057533171497752885
512,cont_batch,197,0.005930555555555555
512,pred_bs1_marginal_expansion,198,0.005756245089652344
512,cont_batch,198,0.0056458333333333326
512,pred_bs1_marginal_expansion,199,0.005746118182472334
512,cont_batch,199,0.005944444444444444
512,pred_bs1_marginal_expansion,200,0.0057224539188565435
512,cont_batch,200,0.005472222222222222
512,pred_bs1_marginal_expansion,201,0.005684734943299695
512,cont_batch,201,0.005611111111111111
512,pred_bs1_marginal_expansion,202,0.005632529405473643
512,cont_batch,202,0.005958333333333333
512,pred_bs1_marginal_expansion,203,0.0055656072222634145
512,cont_batch,203,0.005493055555555555
512,pred_bs1_marginal_expansion,204,0.005484042410580653
512,cont_batch,204,0.005708333333333333
512,pred_bs1_marginal_expansion,205,0.005388293517609573
512,cont_batch,205,0.005291666666666666
512,pred_bs1_marginal_expansion,206,0.005279256466184054
512,cont_batch,206,0.005354166666666667
512,pred_bs1_marginal_expansion,207,0.005158286647663358
512,cont_batch,207,0.005277777777777777
512,pred_bs1_marginal_expansion,208,0.00502718963521546
512,cont_batch,208,0.004993055555555555
512,pred_bs1_marginal_expansion,209,0.004888182270603841
512,cont_batch,209,0.005020833333333334
512,pred_bs1_marginal_expansion,210,0.004743827932134637
512,cont_batch,210,0.004722222222222222
512,pred_bs1_marginal_expansion,211,0.004596951387610815
512,cont_batch,211,0.004770833333333333
512,pred_bs1_marginal_expansion,212,0.004450539681789847
512,cont_batch,212,0.004472222222222222
512,pred_bs1_marginal_expansion,213,0.004307635958952578
512,cont_batch,213,0.004354166666666667
512,pred_bs1_marginal_expansion,214,0.004171232985531218
512,cont_batch,214,0.004055555555555555
512,pred_bs1_marginal_expansion,215,0.004044172473060815
512,cont_batch,215,0.004013888888888889
512,pred_bs1_marginal_expansion,216,0.003929055209982119
512,cont_batch,216,0.0039027777777777776
512,pred_bs1_marginal_expansion,217,0.0038281656274661542
512,cont_batch,217,0.0038541666666666668
512,pred_bs1_marginal_expansion,218,0.003743412903870668
512,cont_batch,218,0.003881944444444445
512,pred_bs1_marginal_expansion,219,0.003676289212377319
512,cont_batch,219,0.0036249999999999998
512,pred_bs1_marginal_expansion,220,0.0036278443808159845
512,cont_batch,220,0.003659722222222222
512,pred_bs1_marginal_expansion,221,0.003598675178907975
512,cont_batch,221,0.003666666666666667
512,pred_bs1_marginal_expansion,222,0.0035889267540646277
512,cont_batch,222,0.0038680555555555556
512,pred_bs1_marginal_expansion,223,0.0035983034365334836
512,cont_batch,223,0.0033819444444444444
512,pred_bs1_marginal_expansion,224,0.003626086216256464
512,cont_batch,224,0.003736111111111111
512,pred_bs1_marginal_expansion,225,0.0036711546033010266
512,cont_batch,225,0.0037777777777777775
512,pred_bs1_marginal_expansion,226,0.0037320112353036
512,cont_batch,226,0.003548611111111111
512,pred_bs1_marginal_expansion,227,0.0038068083801310534
512,cont_batch,227,0.004152777777777778
512,pred_bs1_marginal_expansion,228,0.003893376284113479
512,cont_batch,228,0.003770833333333333
512,pred_bs1_marginal_expansion,229,0.003989254024498568
512,cont_batch,229,0.0038402777777777775
512,pred_bs1_marginal_expansion,230,0.0040917240451236354
512,cont_batch,230,0.004138888888888889
512,pred_bs1_marginal_expansion,231,0.004197851819743581
512,cont_batch,231,0.004458333333333333
512,pred_bs1_marginal_expansion,232,0.004304532062849131
512,cont_batch,232,0.004298611111111111
512,pred_bs1_marginal_expansion,233,0.00440854259334011
512,cont_batch,233,0.004055555555555555
512,pred_bs1_marginal_expansion,234,0.004506606385117157
512,cont_batch,234,0.004215277777777778
512,pred_bs1_marginal_expansion,235,0.004595461571998447
512,cont_batch,235,0.0048472222222222215
512,pred_bs1_marginal_expansion,236,0.004671938294682662
512,cont_batch,236,0.004736111111111111
512,pred_bs1_marginal_expansion,237,0.004733040379045026
512,cont_batch,237,0.004645833333333333
512,pred_bs1_marginal_expansion,238,0.0047760290140912934
512,cont_batch,238,0.004986111111111111
512,pred_bs1_marginal_expansion,239,0.00479850494301661
512,cont_batch,239,0.0045763888888888885
512,pred_bs1_marginal_expansion,240,0.004798485264893736
512,cont_batch,240,0.004631944444444444
512,pred_bs1_marginal_expansion,241,0.004774470817495715
512,cont_batch,241,0.005041666666666668
512,pred_bs1_marginal_expansion,242,0.004725500297078706
512,cont_batch,242,0.004798611111111112
512,pred_bs1_marginal_expansion,243,0.004651187763086956
512,cont_batch,243,0.004597222222222222
512,pred_bs1_marginal_expansion,244,0.004551740941936102
512,cont_batch,244,0.004270833333333333
512,pred_bs1_marginal_expansion,245,0.004427958727675032
512,cont_batch,245,0.004409722222222222
512,pred_bs1_marginal_expansion,246,0.004281207402805144
512,cont_batch,246,0.004208333333333334
512,pred_bs1_marginal_expansion,247,0.004113376283896242
512,cont_batch,247,0.004138888888888888
512,pred_bs1_marginal_expansion,248,0.003926814643823847
512,cont_batch,248,0.004034722222222222
512,pred_bs1_marginal_expansion,249,0.0037242527902002697
512,cont_batch,249,0.0036458333333333334
512,pred_bs1_marginal_expansion,250,0.0035087110147761936
512,cont_batch,250,0.0033888888888888888
512,pred_bs1_marginal_expansion,251,0.003283400714988516
512,cont_batch,251,0.003319444444444444
512,pred_bs1_marginal_expansion,252,0.0030516222926671196
512,cont_batch,252,0.002909722222222222
512,pred_bs1_marginal_expansion,253,0.0028166644450470556
512,cont_batch,253,0.002861111111111111
512,pred_bs1_marginal_expansion,254,0.0025817091922697433
512,cont_batch,254,0.002777777777777778
512,pred_bs1_marginal_expansion,255,0.002349746466605993
512,cont_batch,255,0.0025763888888888885
512,pred_bs1_marginal_expansion,256,0.002123501371423233
512,cont_batch,256,0.001979166666666667
512,pred_bs1_marginal_expansion,257,0.0019053763640738109
512,cont_batch,257,0.0018472222222222223
512,pred_bs1_marginal_expansion,258,0.0016974096932861756
512,cont_batch,258,0.0017708333333333332
512,pred_bs1_marginal_expansion,259,0.001501250495571417
512,cont_batch,259,0.0014930555555555554
512,pred_bs1_marginal_expansion,260,0.001318150088035782
512,cont_batch,260,0.001284722222222222
512,pred_bs1_marginal_expansion,261,0.0011489682389382726
512,cont_batch,261,0.0012916666666666667
512,pred_bs1_marginal_expansion,262,0.0009941925913085892
512,cont_batch,262,0.0010069444444444444
512,pred_bs1_marginal_expansion,263,0.0008539689837377914
512,cont_batch,263,0.0008125
512,pred_bs1_marginal_expansion,264,0.0007281401657921171
512,cont_batch,264,0.0006875
512,pred_bs1_marginal_expansion,265,0.0006162903393669573
512,cont_batch,265,0.0006180555555555555
512,pred_bs1_marginal_expansion,266,0.0005177930554351194
512,cont_batch,266,0.0004513888888888889
512,pred_bs1_marginal_expansion,267,0.00043186023212834086
512,cont_batch,267,0.00044444444444444447
512,pred_bs1_marginal_expansion,268,0.00035759040199974764
512,cont_batch,268,0.00040972222222222224
512,pred_bs1_marginal_expansion,269,0.0002940147061811209
512,cont_batch,269,0.00034722222222222224
512,pred_bs1_marginal_expansion,270,0.00024013959161069395
512,cont_batch,270,0.0002638888888888889
512,pred_bs1_marginal_expansion,271,0.00019498559505505997
512,cont_batch,271,0.0002291666666666667
512,pred_bs1_marginal_expansion,272,0.00015762197662897248
512,cont_batch,272,0.00018750000000000003
512,pred_bs1_marginal_expansion,273,0.00012719726163552727
512,cont_batch,273,8.333333333333333e-05
512,pred_bs1_marginal_expansion,274,0.00010296593375497293
512,cont_batch,274,0.000125
512,pred_bs1_marginal_expansion,275,8.431157339754594e-05
512,cont_batch,275,0.00015277777777777777
512,pred_bs1_marginal_expansion,276,7.076664121985908e-05
512,cont_batch,276,0.0001111111111111111
512,pred_bs1_marginal_expansion,277,6.202887103265182e-05
512,cont_batch,277,6.944444444444444e-05
512,pred_bs1_marginal_expansion,278,5.797387862446963e-05
512,cont_batch,278,9.722222222222222e-05
512,pred_bs1_marginal_expansion,279,5.866315383899131e-05
512,cont_batch,279,0.000125
512,pred_bs1_marginal_expansion,280,6.43461448324334e-05
512,cont_batch,280,0.000125
512,pred_bs1_marginal_expansion,281,7.545474829406302e-05
512,cont_batch,281,0.00018055555555555555
512,pred_bs1_marginal_expansion,282,9.2588284575974e-05
512,cont_batch,282,0.00019444444444444446
512,pred_bs1_marginal_expansion,283,0.0001164870631552853
512,cont_batch,283,0.0002152777777777778
512,pred_bs1_marginal_expansion,284,0.00014799302126864582
512,cont_batch,284,0.00020833333333333335
512,pred_bs1_marginal_expansion,285,0.0001879967063697828
512,cont_batch,285,0.0003125
512,pred_bs1_marginal_expansion,286,0.00023737108089268936
512,cont_batch,286,0.0003611111111111111
512,pred_bs1_marginal_expansion,287,0.0002968941987816672
512,cont_batch,287,0.0004930555555555555
512,pred_bs1_marginal_expansion,288,0.0003671646046274085
512,cont_batch,288,0.00040277777777777783
512,pred_bs1_marginal_expansion,289,0.00044851513158180087
512,cont_batch,289,0.0005277777777777777
512,pred_bs1_marginal_expansion,290,0.0005409323597501299
512,cont_batch,290,0.0006319444444444444
512,pred_bs1_marginal_expansion,291,0.0006439900526504288
512,cont_batch,291,0.0008333333333333334
512,pred_bs1_marginal_expansion,292,0.0007568051428832845
512,cont_batch,292,0.0007986111111111112
512,pred_bs1_marginal_expansion,293,0.000878024083329202
512,cont_batch,293,0.0009444444444444445
512,pred_bs1_marginal_expansion,294,0.0010058455249903901
512,cont_batch,294,0.0010833333333333333
512,pred_bs1_marginal_expansion,295,0.001138082384419017
512,cont_batch,295,0.0012291666666666666
512,pred_bs1_marginal_expansion,296,0.001272262644584363
512,cont_batch,296,0.001222222222222222
512,pred_bs1_marginal_expansion,297,0.0014057640679324191
512,cont_batch,297,0.0014930555555555556
512,pred_bs1_marginal_expansion,298,0.0015359738776597655
512,cont_batch,298,0.0016805555555555556
512,pred_bs1_marginal_expansion,299,0.001660460921553122
512,cont_batch,299,0.0017499999999999998
512,pred_bs1_marginal_expansion,300,0.0017771453826723822
512,cont_batch,300,0.0016180555555555555
512,pred_bs1_marginal_expansion,301,0.0018844501456076674
512,cont_batch,301,0.0019444444444444446
512,pred_bs1_marginal_expansion,302,0.001981418693050918
512,cont_batch,302,0.001840277777777778
512,pred_bs1_marginal_expansion,303,0.0020677869030839876
512,cont_batch,303,0.0019861111111111112
512,pred_bs1_marginal_expansion,304,0.002144000121652699
512,cont_batch,304,0.0019236111111111112
512,pred_bs1_marginal_expansion,305,0.002211171971507667
512,cont_batch,305,0.0021041666666666665
512,pred_bs1_marginal_expansion,306,0.0022709869550593138
512,cont_batch,306,0.0020555555555555557
512,pred_bs1_marginal_expansion,307,0.002325554371512193
512,cont_batch,307,0.0021875
512,pred_bs1_marginal_expansion,308,0.0023772257748024186
512,cont_batch,308,0.002125
512,pred_bs1_marginal_expansion,309,0.002428391626691138
512,cont_batch,309,0.0021458333333333334
512,pred_bs1_marginal_expansion,310,0.0024812745951868272
512,cont_batch,310,0.0026666666666666666
512,pred_bs1_marginal_expansion,311,0.0025377369662169763
512,cont_batch,311,0.0025
512,pred_bs1_marginal_expansion,312,0.0025991179458855237
512,cont_batch,312,0.002465277777777778
512,pred_bs1_marginal_expansion,313,0.0026661134966791187
512,cont_batch,313,0.002458333333333333
512,pred_bs1_marginal_expansion,314,0.0027387071875125684
512,cont_batch,314,0.002944444444444445
512,pred_bs1_marginal_expansion,315,0.0028161558447358
512,cont_batch,315,0.0027986111111111115
512,pred_bs1_marginal_expansion,316,0.002897029087495266
512,cont_batch,316,0.0028402777777777775
512,pred_bs1_marginal_expansion,317,0.0029792975866981207
512,cont_batch,317,0.0030277777777777777
512,pred_bs1_marginal_expansion,318,0.003060461473155649
512,cont_batch,318,0.003020833333333333
512,pred_bs1_marginal_expansion,319,0.0031377079737380524
512,cont_batch,319,0.0029930555555555557
512,pred_bs1_marginal_expansion,320,0.0032080861647633676
512,cont_batch,320,0.0031180555555555553
512,pred_bs1_marginal_expansion,321,0.003268686651531369
512,cont_batch,321,0.003159722222222222
512,pred_bs1_marginal_expansion,322,0.003316814852966976
512,cont_batch,322,0.003451388888888889
512,pred_bs1_marginal_expansion,323,0.003350148158108926
512,cont_batch,323,0.003291666666666667
512,pred_bs1_marginal_expansion,324,0.0033668692633029643
512,cont_batch,324,0.0033194444444444447
512,pred_bs1_marginal_expansion,325,0.0033657702404219837
512,cont_batch,325,0.003243055555555556
512,pred_bs1_marginal_expansion,326,0.0033463241115568336
512,cont_batch,326,0.0033888888888888888
512,pred_bs1_marginal_expansion,327,0.0033087227564080352
512,cont_batch,327,0.0033749999999999995
512,pred_bs1_marginal_expansion,328,0.0032538817595649597
512,cont_batch,328,0.0031736111111111114
512,pred_bs1_marginal_expansion,329,0.0031834142762546466
512,cont_batch,329,0.0034166666666666664
512,pred_bs1_marginal_expansion,330,0.0030995771585334165
512,cont_batch,330,0.003
512,pred_bs1_marginal_expansion,331,0.0030051934635354723
512,cont_batch,331,0.003048611111111111
512,pred_bs1_marginal_expansion,332,0.0029035560919035367
512,cont_batch,332,0.0030347222222222225
512,pred_bs1_marginal_expansion,333,0.00279831770219283
512,cont_batch,333,0.002895833333333333
512,pred_bs1_marginal_expansion,334,0.0026933722282837707
512,cont_batch,334,0.00229861111111111
512,pred_bs1_marginal_expansion,335,0.0025927332926008527
512,cont_batch,335,0.0025416666666666665
512,pred_bs1_marginal_expansion,336,0.002500414553405708
512,cont_batch,336,0.002534722222222222
512,pred_bs1_marginal_expansion,337,0.0024203165467332217
512,cont_batch,337,0.0025486111111111104
512,pred_bs1_marginal_expansion,338,0.0023561238904220255
512,cont_batch,338,0.002333333333333333
512,pred_bs1_marginal_expansion,339,0.0023112158327508363
512,cont_batch,339,0.00225
512,pred_bs1_marginal_expansion,340,0.002288592094795646
512,cont_batch,340,0.0022083333333333334
512,pred_bs1_marginal_expansion,341,0.0022908148350892234
512,cont_batch,341,0.0020208333333333332
512,pred_bs1_marginal_expansion,342,0.0023199664344529616
512,cont_batch,342,0.0024374999999999996
512,pred_bs1_marginal_expansion,343,0.002377621743788556
512,cont_batch,343,0.002451388888888889
512,pred_bs1_marginal_expansion,344,0.002464832546825452
512,cont_batch,344,0.002215277777777778
512,pred_bs1_marginal_expansion,345,0.0025821213471357816
512,cont_batch,345,0.0027500000000000003
512,pred_bs1_marginal_expansion,346,0.0027294812655607645
512,cont_batch,346,0.002923611111111111
512,pred_bs1_marginal_expansion,347,0.0029063788823523572
512,cont_batch,347,0.0027222222222222222
512,pred_bs1_marginal_expansion,348,0.0031117573015870506
512,cont_batch,348,0.002958333333333333
512,pred_bs1_marginal_expansion,349,0.0033440375432291663
512,cont_batch,349,0.0031805555555555554
512,pred_bs1_marginal_expansion,350,0.0036011175287120395
512,cont_batch,350,0.0036944444444444446
512,pred_bs1_marginal_expansion,351,0.0038803693238497897
512,cont_batch,351,0.0034027777777777776
512,pred_bs1_marginal_expansion,352,0.004178636800270129
512,cont_batch,352,0.004263888888888889
512,pred_bs1_marginal_expansion,353,0.004492237300916297
512,cont_batch,353,0.004423611111111111
512,pred_bs1_marginal_expansion,354,0.004816972053793667
512,cont_batch,354,0.004847222222222222
512,pred_bs1_marginal_expansion,355,0.005148150779336021
512,cont_batch,355,0.005201388888888888
512,pred_bs1_marginal_expansion,356,0.005480636015831859
512,cont_batch,356,0.005666666666666666
512,pred_bs1_marginal_expansion,357,0.0058089120327883765
512,cont_batch,357,0.005736111111111111
512,pred_bs1_marginal_expansion,358,0.0061271817804337565
512,cont_batch,358,0.006409722222222223
512,pred_bs1_marginal_expansion,359,0.006429493194205055
512,cont_batch,359,0.0067916666666666655
512,pred_bs1_marginal_expansion,360,0.006709893494105496
512,cont_batch,360,0.006597222222222222
512,pred_bs1_marginal_expansion,361,0.006962607136670968
512,cont_batch,361,0.00675
512,pred_bs1_marginal_expansion,362,0.007182230104720187
512,cont_batch,362,0.006965277777777778
512,pred_bs1_marginal_expansion,363,0.007363930600270529
512,cont_batch,363,0.007277777777777777
512,pred_bs1_marginal_expansion,364,0.007503644271690618
512,cont_batch,364,0.007631944444444444
512,pred_bs1_marginal_expansion,365,0.007598251134094694
512,cont_batch,365,0.007611111111111111
512,pred_bs1_marginal_expansion,366,0.007645721516000144
512,cont_batch,366,0.0076458333333333335
512,pred_bs1_marginal_expansion,367,0.007645219744789854
512,cont_batch,367,0.0076388888888888895
512,pred_bs1_marginal_expansion,368,0.007597156792762383
512,cont_batch,368,0.008090277777777778
512,pred_bs1_marginal_expansion,369,0.007503186534304088
512,cont_batch,369,0.007743055555555555
512,pred_bs1_marginal_expansion,370,0.0073661442921021955
512,cont_batch,370,0.007534722222222222
512,pred_bs1_marginal_expansion,371,0.007189930578668296
512,cont_batch,371,0.007229166666666667
512,pred_bs1_marginal_expansion,372,0.006979346943272011
512,cont_batch,372,0.006770833333333333
512,pred_bs1_marginal_expansion,373,0.00673989420970897
512,cont_batch,373,0.006791666666666666
512,pred_bs1_marginal_expansion,374,0.006477545805926268
512,cont_batch,374,0.0066875
512,pred_bs1_marginal_expansion,375,0.0061985101219736135
512,cont_batch,375,0.005819444444444444
512,pred_bs1_marginal_expansion,376,0.00590899580735858
512,cont_batch,376,0.005812499999999999
512,pred_bs1_marginal_expansion,377,0.005614992696227358
512,cont_batch,377,0.005652777777777778
512,pred_bs1_marginal_expansion,378,0.0053220788294542735
512,cont_batch,378,0.005131944444444444
512,pred_bs1_marginal_expansion,379,0.00503526113225349
512,cont_batch,379,0.00486111111111111
512,pred_bs1_marginal_expansion,380,0.0047588540741186
512,cont_batch,380,0.005006944444444444
512,pred_bs1_marginal_expansion,381,0.004496397467562599
512,cont_batch,381,0.004291666666666667
512,pred_bs1_marginal_expansion,382,0.004250611798354177
512,cont_batch,382,0.004354166666666667
512,pred_bs1_marginal_expansion,383,0.004023387384783146
512,cont_batch,383,0.004263888888888889
512,pred_bs1_marginal_expansion,384,0.0038158023859275326
512,cont_batch,384,0.0038263888888888883
512,pred_bs1_marginal_expansion,385,0.003628164238993065
512,cont_batch,385,0.0037222222222222223
512,pred_bs1_marginal_expansion,386,0.0034600694013139062
512,cont_batch,386,0.0035902777777777777
512,pred_bs1_marginal_expansion,387,0.0033104771017020366
512,cont_batch,387,0.0032013888888888886
512,pred_bs1_marginal_expansion,388,0.0031777939043640324
512,cont_batch,388,0.0029930555555555552
512,pred_bs1_marginal_expansion,389,0.003059966977007038
512,cont_batch,389,0.0031875
512,pred_bs1_marginal_expansion,390,0.002954584783341575
512,cont_batch,390,0.003159722222222222
512,pred_bs1_marginal_expansion,391,0.002858984311036408
512,cont_batch,391,0.002840277777777778
512,pred_bs1_marginal_expansion,392,0.002770363819506362
512,cont_batch,392,0.0029166666666666664
512,pred_bs1_marginal_expansion,393,0.0026858994778665027
512,cont_batch,393,0.0025625
512,pred_bs1_marginal_expansion,394,0.0026028632936845207
512,cont_batch,394,0.002513888888888889
512,pred_bs1_marginal_expansion,395,0.0025187386175125914
512,cont_batch,395,0.0025902777777777777
512,pred_bs1_marginal_expansion,396,0.002431328496695812
512,cont_batch,396,0.0023888888888888887
512,pred_bs1_marginal_expansion,397,0.002338851491999935
512,cont_batch,397,0.0022638888888888886
512,pred_bs1_marginal_expansion,398,0.002240019464136069
512,cont_batch,398,0.0023125
512,pred_bs1_marginal_expansion,399,0.002134092405079388
512,cont_batch,399,0.0021666666666666666
512,pred_bs1_marginal_expansion,400,0.002020906649283334
512,cont_batch,400,0.002076388888888889
512,pred_bs1_marginal_expansion,401,0.0019008746612020828
512,cont_batch,401,0.0017708333333333332
512,pred_bs1_marginal_expansion,402,0.0017749568687531457
512,cont_batch,402,0.001798611111111111
512,pred_bs1_marginal_expansion,403,0.0016446084359576533
512,cont_batch,403,0.0015763888888888891
512,pred_bs1_marginal_expansion,404,0.0015117061437975312
512,cont_batch,404,0.0015416666666666664
512,pred_bs1_marginal_expansion,405,0.001378462382637786
512,cont_batch,405,0.0013402777777777777
512,pred_bs1_marginal_expansion,406,0.0012473344017666364
512,cont_batch,406,0.001138888888888889
512,pred_bs1_marginal_expansion,407,0.001120937236737478
512,cont_batch,407,0.0011250000000000001
512,pred_bs1_marginal_expansion,408,0.0010019680653469232
512,cont_batch,408,0.0010347222222222222
512,pred_bs1_marginal_expansion,409,0.0008931481566278284
512,cont_batch,409,0.0009583333333333333
512,pred_bs1_marginal_expansion,410,0.0007971862058272678
512,cont_batch,410,0.0007916666666666666
512,pred_bs1_marginal_expansion,411,0.0007167639133740138
512,cont_batch,411,0.0006805555555555556
512,pred_bs1_marginal_expansion,412,0.0006545414571103584
512,cont_batch,412,0.0006736111111111112
512,pred_bs1_marginal_expansion,413,0.0006131773562433052
512,cont_batch,413,0.0005694444444444444
512,pred_bs1_marginal_expansion,414,0.0005953544761916334
512,cont_batch,414,0.0007152777777777778
512,pred_bs1_marginal_expansion,415,0.0006038019007930127
512,cont_batch,415,0.0005763888888888889
512,pred_bs1_marginal_expansion,416,0.0006413013774573668
512,cont_batch,416,0.0006041666666666666
512,pred_bs1_marginal_expansion,417,0.0007106672191183994
512,cont_batch,417,0.0008125000000000001
512,pred_bs1_marginal_expansion,418,0.0008146900194168256
512,cont_batch,418,0.0007291666666666666
512,pred_bs1_marginal_expansion,419,0.000956037281773348
512,cont_batch,419,0.000923611111111111
512,pred_bs1_marginal_expansion,420,0.0011371079327908453
512,cont_batch,420,0.0010833333333333333
512,pred_bs1_marginal_expansion,421,0.0013598424240304679
512,cont_batch,421,0.0011458333333333333
512,pred_bs1_marginal_expansion,422,0.0016254953646055944
512,cont_batch,422,0.0017638888888888888
512,pred_bs1_marginal_expansion,423,0.001934382941930144
512,cont_batch,423,0.001979166666666667
512,pred_bs1_marginal_expansion,424,0.002285622312202229
512,cont_batch,424,0.0023194444444444443
512,pred_bs1_marginal_expansion,425,0.0026768842002253363
512,cont_batch,425,0.002638888888888889
512,pred_bs1_marginal_expansion,426,0.0031041826827359975
512,cont_batch,426,0.0034375000000000005
512,pred_bs1_marginal_expansion,427,0.0035617271279879178
512,cont_batch,427,0.003534722222222222
512,pred_bs1_marginal_expansion,428,0.00404186018831835
512,cont_batch,428,0.0036875
512,pred_bs1_marginal_expansion,429,0.004535102365965823
512,cont_batch,429,0.004611111111111111
512,pred_bs1_marginal_expansion,430,0.005030317930711646
512,cont_batch,430,0.004993055555555555
512,pred_bs1_marginal_expansion,431,0.005515009010381112
512,cont_batch,431,0.005527777777777778
512,pred_bs1_marginal_expansion,432,0.005975734910244848
512,cont_batch,432,0.005715277777777778
512,pred_bs1_marginal_expansion,433,0.0063986428314174075
512,cont_batch,433,0.006034722222222223
512,pred_bs1_marginal_expansion,434,0.006770085091797459
512,cont_batch,434,0.006868055555555555
512,pred_bs1_marginal_expansion,435,0.007077287826322575
512,cont_batch,435,0.0072430555555555555
512,pred_bs1_marginal_expansion,436,0.0073090281331384425
512,cont_batch,436,0.00701388888888889
512,pred_bs1_marginal_expansion,437,0.007456271819602884
512,cont_batch,437,0.0073124999999999996
512,pred_bs1_marginal_expansion,438,0.007512723111217614
512,cont_batch,438,0.0076527777777777774
512,pred_bs1_marginal_expansion,439,0.007475241353787368
512,cont_batch,439,0.0074375
512,pred_bs1_marginal_expansion,440,0.007344087822396522
512,cont_batch,440,0.0071180555555555546
512,pred_bs1_marginal_expansion,441,0.0071229777103387695
512,cont_batch,441,0.0071736111111111115
512,pred_bs1_marginal_expansion,442,0.006818927208218607
512,cont_batch,442,0.006881944444444444
512,pred_bs1_marginal_expansion,443,0.00644190194169077
512,cont_batch,443,0.006388888888888889
512,pred_bs1_marginal_expansion,444,0.006004289343902966
512,cont_batch,444,0.006215277777777778
512,pred_bs1_marginal_expansion,445,0.005520232174351129
512,cont_batch,445,0.005819444444444444
512,pred_bs1_marginal_expansion,446,0.0050048718671649745
512,cont_batch,446,0.004965277777777778
512,pred_bs1_marginal_expansion,447,0.004473557497117879
512,cont_batch,447,0.004527777777777778
512,pred_bs1_marginal_expansion,448,0.003941078126429928
512,cont_batch,448,0.004340277777777778
512,pred_bs1_marginal_expansion,449,0.003420972908465135
512,cont_batch,449,0.0034930555555555557
512,pred_bs1_marginal_expansion,450,0.0029249649277590427
512,cont_batch,450,0.0027916666666666667
512,pred_bs1_marginal_expansion,451,0.0024625522628751993
512,cont_batch,451,0.0025833333333333337
512,pred_bs1_marginal_expansion,452,0.0020407745519244345
512,cont_batch,452,0.0019166666666666668
512,pred_bs1_marginal_expansion,453,0.0016641571133235561
512,cont_batch,453,0.0017430555555555556
512,pred_bs1_marginal_expansion,454,0.001334819218280966
512,cont_batch,454,0.0013194444444444445
512,pred_bs1_marginal_expansion,455,0.0010527200828020886
512,cont_batch,455,0.0010972222222222223
512,pred_bs1_marginal_expansion,456,0.000816006844847687
512,cont_batch,456,0.0007222222222222222
512,pred_bs1_marginal_expansion,457,0.0006214239873919152
512,cont_batch,457,0.0005625
512,pred_bs1_marginal_expansion,458,0.0004647435130789956
512,cont_batch,458,0.00041666666666666675
512,pred_bs1_marginal_expansion,459,0.0003411792148340601
512,cont_batch,459,0.0003888888888888889
512,pred_bs1_marginal_expansion,460,0.00024575565983026053
512,cont_batch,460,0.00020833333333333335
512,pred_bs1_marginal_expansion,461,0.00017361173082186573
512,cont_batch,461,0.00013194444444444443
512,pred_bs1_marginal_expansion,462,0.00012022836721976869
512,cont_batch,462,0.00013194444444444443
512,pred_bs1_marginal_expansion,463,8.157925324186572e-05
512,cont_batch,463,9.722222222222223e-05
512,pred_bs1_marginal_expansion,464,5.421063752050768e-05
512,cont_batch,464,4.1666666666666665e-05
512,pred_bs1_marginal_expansion,465,3.526165765554984e-05
512,cont_batch,465,4.1666666666666665e-05
512,pred_bs1_marginal_expansion,466,2.243932080022811e-05
512,cont_batch,466,5.555555555555555e-05
512,pred_bs1_marginal_expansion,467,1.3962858699478912e-05
512,cont_batch,467,6.944444444444444e-06
512,pred_bs1_marginal_expansion,468,8.490994421933588e-06
512,cont_batch,468,1.3888888888888888e-05
512,pred_bs1_marginal_expansion,469,5.04332268078575e-06
512,cont_batch,469,0.0
512,pred_bs1_marginal_expansion,470,2.924120140001176e-06
512,cont_batch,470,6.944444444444444e-06
512,pred_bs1_marginal_expansion,471,1.6539841365311386e-06
512,cont_batch,471,0.0
512,pred_bs1_marginal_expansion,472,9.121219655452074e-07
512,cont_batch,472,0.0
512,pred_bs1_marginal_expansion,473,4.900915241967683e-07
512,cont_batch,473,0.0
512,pred_bs1_marginal_expansion,474,2.563952274751522e-07
512,cont_batch,474,0.0
512,pred_bs1_marginal_expansion,475,1.3051016807078937e-07
512,cont_batch,475,0.0
512,pred_bs1_marginal_expansion,476,6.458919471485927e-08
512,cont_batch,476,0.0
512,pred_bs1_marginal_expansion,477,3.10542373390307e-08
512,cont_batch,477,0.0
512,pred_bs1_marginal_expansion,478,1.4493563414245525e-08
512,cont_batch,478,0.0
512,pred_bs1_marginal_expansion,479,6.560734506592497e-09
512,cont_batch,479,0.0
512,pred_bs1_marginal_expansion,480,2.877812108984899e-09
512,cont_batch,480,0.0
512,pred_bs1_marginal_expansion,481,1.222060753517757e-09
512,cont_batch,481,0.0
512,pred_bs1_marginal_expansion,482,5.018882022940956e-10
512,cont_batch,482,0.0
512,pred_bs1_marginal_expansion,483,1.9913226160609831e-10
512,cont_batch,483,0.0
512,pred_bs1_marginal_expansion,484,7.624363177842039e-11
512,cont_batch,484,0.0
512,pred_bs1_marginal_expansion,485,2.8136284968560742e-11
512,cont_batch,485,0.0
512,pred_bs1_marginal_expansion,486,9.99466250502699e-12
512,cont_batch,486,0.0
512,pred_bs1_marginal_expansion,487,3.41275156282943e-12
512,cont_batch,487,0.0
512,pred_bs1_marginal_expansion,488,1.1184664305830005e-12
512,cont_batch,488,0.0
512,pred_bs1_marginal_expansion,489,3.5126068720359247e-13
512,cont_batch,489,0.0
512,pred_bs1_marginal_expansion,490,1.0552669849062134e-13
512,cont_batch,490,0.0
512,pred_bs1_marginal_expansion,491,3.02674552088434e-14
512,cont_batch,491,0.0
512,pred_bs1_marginal_expansion,492,8.275787462726706e-15
512,cont_batch,492,0.0
512,pred_bs1_marginal_expansion,493,2.141805251672702e-15
512,cont_batch,493,0.0
512,pred_bs1_marginal_expansion,494,5.273559366969504e-16
512,cont_batch,494,0.0
512,pred_bs1_marginal_expansion,495,1.2027416100105886e-16
512,cont_batch,495,0.0
512,pred_bs1_marginal_expansion,496,2.3129646346357478e-17
512,cont_batch,496,0.0
512,pred_bs1_marginal_expansion,497,4.625929269271496e-18
512,cont_batch,497,0.0
512,pred_bs1_marginal_expansion,498,0.0
512,cont_batch,498,0.0
512,pred_bs1_marginal_expansion,499,0.0
512,cont_batch,499,0.0
512,pred_bs1_marginal_expansion,500,0.0
512,cont_batch,500,0.0
512,pred_bs1_marginal_expansion,501,0.0
512,cont_batch,501,0.0
512,pred_bs1_marginal_expansion,502,0.0
512,cont_batch,502,0.0
512,pred_bs1_marginal_expansion,503,0.0
512,cont_batch,503,0.0
512,pred_bs1_marginal_expansion,504,0.0
512,cont_batch,504,0.0
512,pred_bs1_marginal_expansion,505,0.0
512,cont_batch,505,0.0
512,pred_bs1_marginal_expansion,506,0.0
512,cont_batch,506,0.0
512,pred_bs1_marginal_expansion,507,0.0
512,cont_batch,507,0.0
512,pred_bs1_marginal_expansion,508,0.0
512,cont_batch,508,0.0
512,pred_bs1_marginal_expansion,509,0.0
512,cont_batch,509,0.0
512,pred_bs1_marginal_expansion,510,0.0
512,cont_batch,510,0.0
512,pred_bs1_marginal_expansion,511,0.0
512,cont_batch,511,0.0
512,pred_bs1_marginal_expansion,512,0.0
512,cont_batch,512,0.0
1024,pred_bs1_marginal_expansion,0,0.0
1024,cont_batch,0,0.0
1024,pred_bs1_marginal_expansion,1,0.0
1024,cont_batch,1,0.0
1024,pred_bs1_marginal_expansion,2,0.0
1024,cont_batch,2,0.0
1024,pred_bs1_marginal_expansion,3,0.0
1024,cont_batch,3,0.0
1024,pred_bs1_marginal_expansion,4,0.0
1024,cont_batch,4,0.0
1024,pred_bs1_marginal_expansion,5,0.0
1024,cont_batch,5,0.0
1024,pred_bs1_marginal_expansion,6,0.0
1024,cont_batch,6,0.0
1024,pred_bs1_marginal_expansion,7,0.0
1024,cont_batch,7,0.0
1024,pred_bs1_marginal_expansion,8,0.0
1024,cont_batch,8,0.0
1024,pred_bs1_marginal_expansion,9,0.0
1024,cont_batch,9,0.0
1024,pred_bs1_marginal_expansion,10,0.0
1024,cont_batch,10,0.0
1024,pred_bs1_marginal_expansion,11,0.0
1024,cont_batch,11,0.0
1024,pred_bs1_marginal_expansion,12,0.0
1024,cont_batch,12,0.0
1024,pred_bs1_marginal_expansion,13,0.0
1024,cont_batch,13,0.0
1024,pred_bs1_marginal_expansion,14,0.0
1024,cont_batch,14,0.0
1024,pred_bs1_marginal_expansion,15,0.0
1024,cont_batch,15,0.0
1024,pred_bs1_marginal_expansion,16,0.0
1024,cont_batch,16,0.0
1024,pred_bs1_marginal_expansion,17,0.0
1024,cont_batch,17,0.0
1024,pred_bs1_marginal_expansion,18,0.0
1024,cont_batch,18,0.0
1024,pred_bs1_marginal_expansion,19,0.0
1024,cont_batch,19,0.0
1024,pred_bs1_marginal_expansion,20,0.0
1024,cont_batch,20,0.0
1024,pred_bs1_marginal_expansion,21,0.0
1024,cont_batch,21,0.0
1024,pred_bs1_marginal_expansion,22,0.0
1024,cont_batch,22,0.0
1024,pred_bs1_marginal_expansion,23,0.0
1024,cont_batch,23,0.0
1024,pred_bs1_marginal_expansion,24,0.0
1024,cont_batch,24,0.0
1024,pred_bs1_marginal_expansion,25,0.0
1024,cont_batch,25,0.0
1024,pred_bs1_marginal_expansion,26,0.0
1024,cont_batch,26,0.0
1024,pred_bs1_marginal_expansion,27,0.0
1024,cont_batch,27,0.0
1024,pred_bs1_marginal_expansion,28,0.0
1024,cont_batch,28,0.0
1024,pred_bs1_marginal_expansion,29,0.0
1024,cont_batch,29,0.0
1024,pred_bs1_marginal_expansion,30,0.0
1024,cont_batch,30,0.0
1024,pred_bs1_marginal_expansion,31,0.0
1024,cont_batch,31,0.0
1024,pred_bs1_marginal_expansion,32,0.0
1024,cont_batch,32,0.0
1024,pred_bs1_marginal_expansion,33,0.0
1024,cont_batch,33,0.0
1024,pred_bs1_marginal_expansion,34,0.0
1024,cont_batch,34,0.0
1024,pred_bs1_marginal_expansion,35,0.0
1024,cont_batch,35,0.0
1024,pred_bs1_marginal_expansion,36,0.0
1024,cont_batch,36,0.0
1024,pred_bs1_marginal_expansion,37,0.0
1024,cont_batch,37,0.0
1024,pred_bs1_marginal_expansion,38,0.0
1024,cont_batch,38,0.0
1024,pred_bs1_marginal_expansion,39,0.0
1024,cont_batch,39,0.0
1024,pred_bs1_marginal_expansion,40,0.0
1024,cont_batch,40,0.0
1024,pred_bs1_marginal_expansion,41,0.0
1024,cont_batch,41,0.0
1024,pred_bs1_marginal_expansion,42,0.0
1024,cont_batch,42,0.0
1024,pred_bs1_marginal_expansion,43,0.0
1024,cont_batch,43,0.0
1024,pred_bs1_marginal_expansion,44,0.0
1024,cont_batch,44,0.0
1024,pred_bs1_marginal_expansion,45,0.0
1024,cont_batch,45,0.0
1024,pred_bs1_marginal_expansion,46,0.0
1024,cont_batch,46,0.0
1024,pred_bs1_marginal_expansion,47,0.0
1024,cont_batch,47,0.0
1024,pred_bs1_marginal_expansion,48,0.0
1024,cont_batch,48,0.0
1024,pred_bs1_marginal_expansion,49,0.0
1024,cont_batch,49,0.0
1024,pred_bs1_marginal_expansion,50,0.0
1024,cont_batch,50,0.0
1024,pred_bs1_marginal_expansion,51,0.0
1024,cont_batch,51,0.0
1024,pred_bs1_marginal_expansion,52,0.0
1024,cont_batch,52,0.0
1024,pred_bs1_marginal_expansion,53,0.0
1024,cont_batch,53,0.0
1024,pred_bs1_marginal_expansion,54,0.0
1024,cont_batch,54,0.0
1024,pred_bs1_marginal_expansion,55,0.0
1024,cont_batch,55,0.0
1024,pred_bs1_marginal_expansion,56,0.0
1024,cont_batch,56,0.0
1024,pred_bs1_marginal_expansion,57,0.0
1024,cont_batch,57,0.0
1024,pred_bs1_marginal_expansion,58,0.0
1024,cont_batch,58,0.0
1024,pred_bs1_marginal_expansion,59,0.0
1024,cont_batch,59,0.0
1024,pred_bs1_marginal_expansion,60,0.0
1024,cont_batch,60,0.0
1024,pred_bs1_marginal_expansion,61,0.0
1024,cont_batch,61,0.0
1024,pred_bs1_marginal_expansion,62,0.0
1024,cont_batch,62,0.0
1024,pred_bs1_marginal_expansion,63,0.0
1024,cont_batch,63,0.0
1024,pred_bs1_marginal_expansion,64,0.0
1024,cont_batch,64,0.0
1024,pred_bs1_marginal_expansion,65,0.0
1024,cont_batch,65,0.0
1024,pred_bs1_marginal_expansion,66,0.0
1024,cont_batch,66,0.0
1024,pred_bs1_marginal_expansion,67,0.0
1024,cont_batch,67,0.0
1024,pred_bs1_marginal_expansion,68,0.0
1024,cont_batch,68,0.0
1024,pred_bs1_marginal_expansion,69,0.0
1024,cont_batch,69,0.0
1024,pred_bs1_marginal_expansion,70,0.0
1024,cont_batch,70,0.0
1024,pred_bs1_marginal_expansion,71,0.0
1024,cont_batch,71,0.0
1024,pred_bs1_marginal_expansion,72,0.0
1024,cont_batch,72,0.0
1024,pred_bs1_marginal_expansion,73,0.0
1024,cont_batch,73,0.0
1024,pred_bs1_marginal_expansion,74,0.0
1024,cont_batch,74,0.0
1024,pred_bs1_marginal_expansion,75,0.0
1024,cont_batch,75,0.0
1024,pred_bs1_marginal_expansion,76,0.0
1024,cont_batch,76,0.0
1024,pred_bs1_marginal_expansion,77,0.0
1024,cont_batch,77,0.0
1024,pred_bs1_marginal_expansion,78,0.0
1024,cont_batch,78,0.0
1024,pred_bs1_marginal_expansion,79,0.0
1024,cont_batch,79,0.0
1024,pred_bs1_marginal_expansion,80,0.0
1024,cont_batch,80,0.0
1024,pred_bs1_marginal_expansion,81,0.0
1024,cont_batch,81,0.0
1024,pred_bs1_marginal_expansion,82,0.0
1024,cont_batch,82,0.0
1024,pred_bs1_marginal_expansion,83,0.0
1024,cont_batch,83,0.0
1024,pred_bs1_marginal_expansion,84,0.0
1024,cont_batch,84,0.0
1024,pred_bs1_marginal_expansion,85,0.0
1024,cont_batch,85,0.0
1024,pred_bs1_marginal_expansion,86,0.0
1024,cont_batch,86,0.0
1024,pred_bs1_marginal_expansion,87,0.0
1024,cont_batch,87,0.0
1024,pred_bs1_marginal_expansion,88,0.0
1024,cont_batch,88,0.0
1024,pred_bs1_marginal_expansion,89,5e-324
1024,cont_batch,89,0.0
1024,pred_bs1_marginal_expansion,90,1.98406e-318
1024,cont_batch,90,0.0
1024,pred_bs1_marginal_expansion,91,1.019212235127e-312
1024,cont_batch,91,0.0
1024,pred_bs1_marginal_expansion,92,4.0798201897337185e-307
1024,cont_batch,92,0.0
1024,pred_bs1_marginal_expansion,93,1.2780968935968955e-301
1024,cont_batch,93,0.0
1024,pred_bs1_marginal_expansion,94,3.147011093910548e-296
1024,cont_batch,94,0.0
1024,pred_bs1_marginal_expansion,95,6.1164457112475495e-291
1024,cont_batch,95,0.0
1024,pred_bs1_marginal_expansion,96,9.423509977804841e-286
1024,cont_batch,96,0.0
1024,pred_bs1_marginal_expansion,97,1.1557892781789343e-280
1024,cont_batch,97,0.0
1024,pred_bs1_marginal_expansion,98,1.1332632082362763e-275
1024,cont_batch,98,0.0
1024,pred_bs1_marginal_expansion,99,8.920660389966976e-271
1024,cont_batch,99,0.0
1024,pred_bs1_marginal_expansion,100,5.661075004409632e-266
1024,cont_batch,100,0.0
1024,pred_bs1_marginal_expansion,101,2.9083777786393767e-261
1024,cont_batch,101,0.0
1024,pred_bs1_marginal_expansion,102,1.2146704596824327e-256
1024,cont_batch,102,0.0
1024,pred_bs1_marginal_expansion,103,4.141116506405404e-252
1024,cont_batch,103,0.0
1024,pred_bs1_marginal_expansion,104,1.1572079955250078e-247
1024,cont_batch,104,0.0
1024,pred_bs1_marginal_expansion,105,2.6614006823201555e-243
1024,cont_batch,105,0.0
1024,pred_bs1_marginal_expansion,106,5.05787456981194e-239
1024,cont_batch,106,0.0
1024,pred_bs1_marginal_expansion,107,7.974824149181296e-235
1024,cont_batch,107,0.0
1024,pred_bs1_marginal_expansion,108,1.0473358980045897e-230
1024,cont_batch,108,0.0
1024,pred_bs1_marginal_expansion,109,1.1501579877841437e-226
1024,cont_batch,109,0.0
1024,pred_bs1_marginal_expansion,110,1.0602465823276785e-222
1024,cont_batch,110,0.0
1024,pred_bs1_marginal_expansion,111,8.235311755197436e-219
1024,cont_batch,111,0.0
1024,pred_bs1_marginal_expansion,112,5.409984480606905e-215
1024,cont_batch,112,0.0
1024,pred_bs1_marginal_expansion,113,3.016793765059351e-211
1024,cont_batch,113,0.0
1024,pred_bs1_marginal_expansion,114,1.4331458670416006e-207
1024,cont_batch,114,0.0
1024,pred_bs1_marginal_expansion,115,5.8205210769528226e-204
1024,cont_batch,115,0.0
1024,pred_bs1_marginal_expansion,116,2.027968201804002e-200
1024,cont_batch,116,0.0
1024,pred_bs1_marginal_expansion,117,6.082174407540917e-197
1024,cont_batch,117,0.0
1024,pred_bs1_marginal_expansion,118,1.5754171303425252e-193
1024,cont_batch,118,0.0
1024,pred_bs1_marginal_expansion,119,3.5357557717860226e-190
1024,cont_batch,119,0.0
1024,pred_bs1_marginal_expansion,120,6.897655184017743e-187
1024,cont_batch,120,0.0
1024,pred_bs1_marginal_expansion,121,1.1732983282000765e-183
1024,cont_batch,121,0.0
1024,pred_bs1_marginal_expansion,122,1.7455508120090666e-180
1024,cont_batch,122,0.0
1024,pred_bs1_marginal_expansion,123,2.278130128104338e-177
1024,cont_batch,123,0.0
1024,pred_bs1_marginal_expansion,124,2.6159448653395475e-174
1024,cont_batch,124,0.0
1024,pred_bs1_marginal_expansion,125,2.6505945481314263e-171
1024,cont_batch,125,0.0
1024,pred_bs1_marginal_expansion,126,2.3766390392465357e-168
1024,cont_batch,126,0.0
1024,pred_bs1_marginal_expansion,127,1.8910803795150922e-165
1024,cont_batch,127,0.0
1024,pred_bs1_marginal_expansion,128,1.3390202827002796e-162
1024,cont_batch,128,0.0
1024,pred_bs1_marginal_expansion,129,8.460203656802976e-160
1024,cont_batch,129,0.0
1024,pred_bs1_marginal_expansion,130,4.7825534220940727e-157
1024,cont_batch,130,0.0
1024,pred_bs1_marginal_expansion,131,2.4253571784375956e-154
1024,cont_batch,131,0.0
1024,pred_bs1_marginal_expansion,132,1.1062726234762924e-151
1024,cont_batch,132,0.0
1024,pred_bs1_marginal_expansion,133,4.55024058513582e-149
1024,cont_batch,133,0.0
1024,pred_bs1_marginal_expansion,134,1.6919510786005415e-146
1024,cont_batch,134,0.0
1024,pred_bs1_marginal_expansion,135,5.70160407044464e-144
1024,cont_batch,135,0.0
1024,pred_bs1_marginal_expansion,136,1.7454774887364013e-141
1024,cont_batch,136,0.0
1024,pred_bs1_marginal_expansion,137,4.8659482885346695e-139
1024,cont_batch,137,0.0
1024,pred_bs1_marginal_expansion,138,1.2381099322290086e-136
1024,cont_batch,138,0.0
1024,pred_bs1_marginal_expansion,139,2.881805096569148e-134
1024,cont_batch,139,0.0
1024,pred_bs1_marginal_expansion,140,6.149363557819851e-132
1024,cont_batch,140,0.0
1024,pred_bs1_marginal_expansion,141,1.20551436643474e-129
1024,cont_batch,141,0.0
1024,pred_bs1_marginal_expansion,142,2.1755882104259716e-127
1024,cont_batch,142,0.0
1024,pred_bs1_marginal_expansion,143,3.6215681992509543e-125
1024,cont_batch,143,0.0
1024,pred_bs1_marginal_expansion,144,5.5712613040901956e-123
1024,cont_batch,144,0.0
1024,pred_bs1_marginal_expansion,145,7.934799118398248e-121
1024,cont_batch,145,0.0
1024,pred_bs1_marginal_expansion,146,1.0480935824618896e-118
1024,cont_batch,146,0.0
1024,pred_bs1_marginal_expansion,147,1.286085749601377e-116
1024,cont_batch,147,0.0
1024,pred_bs1_marginal_expansion,148,1.4683783811393612e-114
1024,cont_batch,148,0.0
1024,pred_bs1_marginal_expansion,149,1.5623052531389153e-112
1024,cont_batch,149,0.0
1024,pred_bs1_marginal_expansion,150,1.5512631696360323e-110
1024,cont_batch,150,0.0
1024,pred_bs1_marginal_expansion,151,1.4394606584293667e-108
1024,cont_batch,151,0.0
1024,pred_bs1_marginal_expansion,152,1.2499259872667392e-106
1024,cont_batch,152,0.0
1024,pred_bs1_marginal_expansion,153,1.0169229526643737e-104
1024,cont_batch,153,0.0
1024,pred_bs1_marginal_expansion,154,7.761309801285696e-103
1024,cont_batch,154,0.0
1024,pred_bs1_marginal_expansion,155,5.5632084488240586e-101
1024,cont_batch,155,0.0
1024,pred_bs1_marginal_expansion,156,3.749182281142348e-99
1024,cont_batch,156,0.0
1024,pred_bs1_marginal_expansion,157,2.378071712867703e-97
1024,cont_batch,157,0.0
1024,pred_bs1_marginal_expansion,158,1.4211067118967723e-95
1024,cont_batch,158,0.0
1024,pred_bs1_marginal_expansion,159,8.008645945984948e-94
1024,cont_batch,159,0.0
1024,pred_bs1_marginal_expansion,160,4.260119186479687e-92
1024,cont_batch,160,0.0
1024,pred_bs1_marginal_expansion,161,2.140906249277486e-90
1024,cont_batch,161,0.0
1024,pred_bs1_marginal_expansion,162,1.0173122252885347e-88
1024,cont_batch,162,0.0
1024,pred_bs1_marginal_expansion,163,4.574509765424942e-87
1024,cont_batch,163,0.0
1024,pred_bs1_marginal_expansion,164,1.9480853399023362e-85
1024,cont_batch,164,0.0
1024,pred_bs1_marginal_expansion,165,7.862693668209404e-84
1024,cont_batch,165,0.0
1024,pred_bs1_marginal_expansion,166,3.009884175925788e-82
1024,cont_batch,166,0.0
1024,pred_bs1_marginal_expansion,167,1.0935720831133766e-80
1024,cont_batch,167,0.0
1024,pred_bs1_marginal_expansion,168,3.7736203813706926e-79
1024,cont_batch,168,0.0
1024,pred_bs1_marginal_expansion,169,1.2375610008447391e-77
1024,cont_batch,169,0.0
1024,pred_bs1_marginal_expansion,170,3.859652424676372e-76
1024,cont_batch,170,0.0
1024,pred_bs1_marginal_expansion,171,1.14543433078014e-74
1024,cont_batch,171,0.0
1024,pred_bs1_marginal_expansion,172,3.236622440463588e-73
1024,cont_batch,172,0.0
1024,pred_bs1_marginal_expansion,173,8.712961740814387e-72
1024,cont_batch,173,0.0
1024,pred_bs1_marginal_expansion,174,2.2358189140380964e-70
1024,cont_batch,174,0.0
1024,pred_bs1_marginal_expansion,175,5.471961835955473e-69
1024,cont_batch,175,0.0
1024,pred_bs1_marginal_expansion,176,1.2779605399497342e-67
1024,cont_batch,176,0.0
1024,pred_bs1_marginal_expansion,177,2.849615106636765e-66
1024,cont_batch,177,0.0
1024,pred_bs1_marginal_expansion,178,6.0697409553406724e-65
1024,cont_batch,178,0.0
1024,pred_bs1_marginal_expansion,179,1.235619622028875e-63
1024,cont_batch,179,0.0
1024,pred_bs1_marginal_expansion,180,2.4051412204388176e-62
1024,cont_batch,180,0.0
1024,pred_bs1_marginal_expansion,181,4.478609635393999e-61
1024,cont_batch,181,0.0
1024,pred_bs1_marginal_expansion,182,7.981672355871977e-60
1024,cont_batch,182,0.0
1024,pred_bs1_marginal_expansion,183,1.3620393070259254e-58
1024,cont_batch,183,0.0
1024,pred_bs1_marginal_expansion,184,2.226504091138074e-57
1024,cont_batch,184,0.0
1024,pred_bs1_marginal_expansion,185,3.4880670403819114e-56
1024,cont_batch,185,0.0
1024,pred_bs1_marginal_expansion,186,5.2391341526434186e-55
1024,cont_batch,186,0.0
1024,pred_bs1_marginal_expansion,187,7.547971329810324e-54
1024,cont_batch,187,0.0
1024,pred_bs1_marginal_expansion,188,1.0434618957666491e-52
1024,cont_batch,188,0.0
1024,pred_bs1_marginal_expansion,189,1.3847624563577637e-51
1024,cont_batch,189,0.0
1024,pred_bs1_marginal_expansion,190,1.7648192153361808e-50
1024,cont_batch,190,0.0
1024,pred_bs1_marginal_expansion,191,2.16084019954777e-49
1024,cont_batch,191,0.0
1024,pred_bs1_marginal_expansion,192,2.5427937425438812e-48
1024,cont_batch,192,0.0
1024,pred_bs1_marginal_expansion,193,2.876945267478085e-47
1024,cont_batch,193,0.0
1024,pred_bs1_marginal_expansion,194,3.1307421644169434e-46
1024,cont_batch,194,0.0
1024,pred_bs1_marginal_expansion,195,3.27807414520808e-45
1024,cont_batch,195,0.0
1024,pred_bs1_marginal_expansion,196,3.30372389823217e-44
1024,cont_batch,196,0.0
1024,pred_bs1_marginal_expansion,197,3.2059524372147423e-43
1024,cont_batch,197,0.0
1024,pred_bs1_marginal_expansion,198,2.9966129512268247e-42
1024,cont_batch,198,0.0
1024,pred_bs1_marginal_expansion,199,2.69881627914772e-41
1024,cont_batch,199,0.0
1024,pred_bs1_marginal_expansion,200,2.3427762778076832e-40
1024,cont_batch,200,0.0
1024,pred_bs1_marginal_expansion,201,1.9608561310282022e-39
1024,cont_batch,201,0.0
1024,pred_bs1_marginal_expansion,202,1.5829146221935437e-38
1024,cont_batch,202,0.0
1024,pred_bs1_marginal_expansion,203,1.232827756988399e-37
1024,cont_batch,203,0.0
1024,pred_bs1_marginal_expansion,204,9.26645702742171e-37
1024,cont_batch,204,0.0
1024,pred_bs1_marginal_expansion,205,6.723907465329379e-36
1024,cont_batch,205,0.0
1024,pred_bs1_marginal_expansion,206,4.71144308588187e-35
1024,cont_batch,206,0.0
1024,pred_bs1_marginal_expansion,207,3.188858829774195e-34
1024,cont_batch,207,0.0
1024,pred_bs1_marginal_expansion,208,2.085394926886261e-33
1024,cont_batch,208,0.0
1024,pred_bs1_marginal_expansion,209,1.3180547869337486e-32
1024,cont_batch,209,0.0
1024,pred_bs1_marginal_expansion,210,8.05358779912415e-32
1024,cont_batch,210,0.0
1024,pred_bs1_marginal_expansion,211,4.758535180874326e-31
1024,cont_batch,211,0.0
1024,pred_bs1_marginal_expansion,212,2.719575579189003e-30
1024,cont_batch,212,0.0
1024,pred_bs1_marginal_expansion,213,1.5037932524880977e-29
1024,cont_batch,213,0.0
1024,pred_bs1_marginal_expansion,214,8.047277738991313e-29
1024,cont_batch,214,0.0
1024,pred_bs1_marginal_expansion,215,4.168677249939196e-28
1024,cont_batch,215,0.0
1024,pred_bs1_marginal_expansion,216,2.090984051587748e-27
1024,cont_batch,216,0.0
1024,pred_bs1_marginal_expansion,217,1.0158312560401064e-26
1024,cont_batch,217,0.0
1024,pred_bs1_marginal_expansion,218,4.7810892347452235e-26
1024,cont_batch,218,0.0
1024,pred_bs1_marginal_expansion,219,2.1806383237947274e-25
1024,cont_batch,219,0.0
1024,pred_bs1_marginal_expansion,220,9.64073940081104e-25
1024,cont_batch,220,0.0
1024,pred_bs1_marginal_expansion,221,4.132633569655832e-24
1024,cont_batch,221,0.0
1024,pred_bs1_marginal_expansion,222,1.7181259153870258e-23
1024,cont_batch,222,0.0
1024,pred_bs1_marginal_expansion,223,6.929760237118133e-23
1024,cont_batch,223,0.0
1024,pred_bs1_marginal_expansion,224,2.712328069563986e-22
1024,cont_batch,224,0.0
1024,pred_bs1_marginal_expansion,225,1.0305162796709367e-21
1024,cont_batch,225,0.0
1024,pred_bs1_marginal_expansion,226,3.8017734542928805e-21
1024,cont_batch,226,0.0
1024,pred_bs1_marginal_expansion,227,1.3622875608238303e-20
1024,cont_batch,227,0.0
1024,pred_bs1_marginal_expansion,228,4.7428275689190703e-20
1024,cont_batch,228,0.0
1024,pred_bs1_marginal_expansion,229,1.604830041916163e-19
1024,cont_batch,229,0.0
1024,pred_bs1_marginal_expansion,230,5.279386369822454e-19
1024,cont_batch,230,0.0
1024,pred_bs1_marginal_expansion,231,1.6890494458813564e-18
1024,cont_batch,231,0.0
1024,pred_bs1_marginal_expansion,232,5.2571436219213825e-18
1024,cont_batch,232,0.0
1024,pred_bs1_marginal_expansion,233,1.592399562615248e-17
1024,cont_batch,233,0.0
1024,pred_bs1_marginal_expansion,234,4.695665496403655e-17
1024,cont_batch,234,0.0
1024,pred_bs1_marginal_expansion,235,1.3484509844524672e-16
1024,cont_batch,235,0.0
1024,pred_bs1_marginal_expansion,236,3.772400500052327e-16
1024,cont_batch,236,0.0
1024,pred_bs1_marginal_expansion,237,1.0284856889498262e-15
1024,cont_batch,237,0.0
1024,pred_bs1_marginal_expansion,238,2.7335755076159532e-15
1024,cont_batch,238,0.0
1024,pred_bs1_marginal_expansion,239,7.085522956095995e-15
1024,cont_batch,239,0.0
1024,pred_bs1_marginal_expansion,240,1.791749630835671e-14
1024,cont_batch,240,0.0
1024,pred_bs1_marginal_expansion,241,4.4218559994070846e-14
1024,cont_batch,241,0.0
1024,pred_bs1_marginal_expansion,242,1.0653971124610898e-13
1024,cont_batch,242,0.0
1024,pred_bs1_marginal_expansion,243,2.5070107488686023e-13
1024,cont_batch,243,0.0
1024,pred_bs1_marginal_expansion,244,5.76364060092922e-13
1024,cont_batch,244,0.0
1024,pred_bs1_marginal_expansion,245,1.2950658047092425e-12
1024,cont_batch,245,0.0
1024,pred_bs1_marginal_expansion,246,2.8451102057161318e-12
1024,cont_batch,246,0.0
1024,pred_bs1_marginal_expansion,247,6.113310202959333e-12
1024,cont_batch,247,0.0
1024,pred_bs1_marginal_expansion,248,1.2852310982754686e-11
1024,cont_batch,248,0.0
1024,pred_bs1_marginal_expansion,249,2.6446630988198905e-11
1024,cont_batch,249,0.0
1024,pred_bs1_marginal_expansion,250,5.32844104148107e-11
1024,cont_batch,250,0.0
1024,pred_bs1_marginal_expansion,251,1.051541483970864e-10
1024,cont_batch,251,0.0
1024,pred_bs1_marginal_expansion,252,2.033313055379963e-10
1024,cont_batch,252,0.0
1024,pred_bs1_marginal_expansion,253,3.8537917116678333e-10
1024,cont_batch,253,0.0
1024,pred_bs1_marginal_expansion,254,7.16196773539644e-10
1024,cont_batch,254,0.0
1024,pred_bs1_marginal_expansion,255,1.3055396371763552e-09
1024,cont_batch,255,0.0
1024,pred_bs1_marginal_expansion,256,2.335147480685182e-09
1024,cont_batch,256,0.0
1024,pred_bs1_marginal_expansion,257,4.099752958495869e-09
1024,cont_batch,257,0.0
1024,pred_bs1_marginal_expansion,258,7.067607808589281e-09
1024,cont_batch,258,0.0
1024,pred_bs1_marginal_expansion,259,1.1967698259151307e-08
1024,cont_batch,259,0.0
1024,pred_bs1_marginal_expansion,260,1.991242819483804e-08
1024,cont_batch,260,0.0
1024,pred_bs1_marginal_expansion,261,3.256606082820632e-08
1024,cont_batch,261,0.0
1024,pred_bs1_marginal_expansion,262,5.237039488293829e-08
1024,cont_batch,262,0.0
1024,pred_bs1_marginal_expansion,263,8.283971739176964e-08
1024,cont_batch,263,0.0
1024,pred_bs1_marginal_expansion,264,1.2893669211501046e-07
1024,cont_batch,264,0.0
1024,pred_bs1_marginal_expansion,265,1.975391801089812e-07
1024,cont_batch,265,0.0
1024,pred_bs1_marginal_expansion,266,2.9800476897480144e-07
1024,cont_batch,266,0.0
1024,pred_bs1_marginal_expansion,267,4.4283484526268657e-07
1024,cont_batch,267,0.0
1024,pred_bs1_marginal_expansion,268,6.484333913089497e-07
1024,cont_batch,268,0.0
1024,pred_bs1_marginal_expansion,269,9.359475595652258e-07
1024,cont_batch,269,0.0
1024,pred_bs1_marginal_expansion,270,1.3321679604284155e-06
1024,cont_batch,270,0.0
1024,pred_bs1_marginal_expansion,271,1.8704572175562356e-06
1024,cont_batch,271,0.0
1024,pred_bs1_marginal_expansion,272,2.591666603542489e-06
1024,cont_batch,272,0.0
1024,pred_bs1_marginal_expansion,273,3.5449934584479425e-06
1024,cont_batch,273,0.0
1024,pred_bs1_marginal_expansion,274,4.788727556485443e-06
1024,cont_batch,274,0.0
1024,pred_bs1_marginal_expansion,275,6.390833373063033e-06
1024,cont_batch,275,0.0
1024,pred_bs1_marginal_expansion,276,8.429317740890475e-06
1024,cont_batch,276,1.6666666666666667e-05
1024,pred_bs1_marginal_expansion,277,1.0992338673785365e-05
1024,cont_batch,277,1.6666666666666667e-05
1024,pred_bs1_marginal_expansion,278,1.4178020724561924e-05
1024,cont_batch,278,0.0
1024,pred_bs1_marginal_expansion,279,1.809395424950762e-05
1024,cont_batch,279,1.6666666666666667e-05
1024,pred_bs1_marginal_expansion,280,2.2856369178337517e-05
1024,cont_batch,280,8.333333333333334e-06
1024,pred_bs1_marginal_expansion,281,2.858898698092959e-05
1024,cont_batch,281,4.1666666666666665e-05
1024,pred_bs1_marginal_expansion,282,3.5421566169784834e-05
1024,cont_batch,282,4.9999999999999996e-05
1024,pred_bs1_marginal_expansion,283,4.34881657964094e-05
1024,cont_batch,283,3.3333333333333335e-05
1024,pred_bs1_marginal_expansion,284,5.292515730803093e-05
1024,cont_batch,284,4.9999999999999996e-05
1024,pred_bs1_marginal_expansion,285,6.386901763172314e-05
1024,cont_batch,285,8.333333333333333e-05
1024,pred_bs1_marginal_expansion,286,7.64539357671866e-05
1024,cont_batch,286,0.000125
1024,pred_bs1_marginal_expansion,287,9.080926228553917e-05
1024,cont_batch,287,7.5e-05
1024,pred_bs1_marginal_expansion,288,0.00010705682706322109
1024,cont_batch,288,8.333333333333333e-05
1024,pred_bs1_marginal_expansion,289,0.00012530814664120452
1024,cont_batch,289,0.00019999999999999998
1024,pred_bs1_marginal_expansion,290,0.00014566154006106398
1024,cont_batch,290,0.00013333333333333334
1024,pred_bs1_marginal_expansion,291,0.00016819917200741044
1024,cont_batch,291,0.00014166666666666665
1024,pred_bs1_marginal_expansion,292,0.0001929840453592967
1024,cont_batch,292,0.00019166666666666667
1024,pred_bs1_marginal_expansion,293,0.00022005697213495852
1024,cont_batch,293,0.0003416666666666667
1024,pred_bs1_marginal_expansion,294,0.00024943356222144645
1024,cont_batch,294,0.00030833333333333337
1024,pred_bs1_marginal_expansion,295,0.00028110128256287026
1024,cont_batch,295,0.00023333333333333333
1024,pred_bs1_marginal_expansion,296,0.0003150166546652039
1024,cont_batch,296,0.00035833333333333333
1024,pred_bs1_marginal_expansion,297,0.00035110267401081006
1024,cont_batch,297,0.0003916666666666667
1024,pred_bs1_marginal_expansion,298,0.00038924654970526535
1024,cont_batch,298,0.0003916666666666667
1024,pred_bs1_marginal_expansion,299,0.0004292978748160337
1024,cont_batch,299,0.00042500000000000003
1024,pred_bs1_marginal_expansion,300,0.00047106734581631545
1024,cont_batch,300,0.00042500000000000003
1024,pred_bs1_marginal_expansion,301,0.0005143261519599954
1024,cont_batch,301,0.00055
1024,pred_bs1_marginal_expansion,302,0.0005588061512043588
1024,cont_batch,302,0.00042500000000000003
1024,pred_bs1_marginal_expansion,303,0.0006042009378131098
1024,cont_batch,303,0.0007333333333333333
1024,pred_bs1_marginal_expansion,304,0.0006501678877851417
1024,cont_batch,304,0.000725
1024,pred_bs1_marginal_expansion,305,0.0006963312420674099
1024,cont_batch,305,0.0007
1024,pred_bs1_marginal_expansion,306,0.000742286255008866
1024,cont_batch,306,0.0006416666666666667
1024,pred_bs1_marginal_expansion,307,0.0007876043978741474
1024,cont_batch,307,0.0008250000000000001
1024,pred_bs1_marginal_expansion,308,0.0008318395662454578
1024,cont_batch,308,0.000925
1024,pred_bs1_marginal_expansion,309,0.0008745351978542584
1024,cont_batch,309,0.0007833333333333334
1024,pred_bs1_marginal_expansion,310,0.0009152321658922768
1024,cont_batch,310,0.001
1024,pred_bs1_marginal_expansion,311,0.0009534772745274073
1024,cont_batch,311,0.0011083333333333333
1024,pred_bs1_marginal_expansion,312,0.0009888321503194132
1024,cont_batch,312,0.00095
1024,pred_bs1_marginal_expansion,313,0.0010208822974320977
1024,cont_batch,313,0.001
1024,pred_bs1_marginal_expansion,314,0.0010492460675869777
1024,cont_batch,314,0.0009916666666666667
1024,pred_bs1_marginal_expansion,315,0.0010735832887436999
1024,cont_batch,315,0.0010416666666666667
1024,pred_bs1_marginal_expansion,316,0.0010936033001205875
1024,cont_batch,316,0.0010666666666666665
1024,pred_bs1_marginal_expansion,317,0.0011090721556138014
1024,cont_batch,317,0.0010333333333333334
1024,pred_bs1_marginal_expansion,318,0.00111981878228594
1024,cont_batch,318,0.001175
1024,pred_bs1_marginal_expansion,319,0.0011257399146386295
1024,cont_batch,319,0.0010666666666666667
1024,pred_bs1_marginal_expansion,320,0.0011268036673203986
1024,cont_batch,320,0.00105
1024,pred_bs1_marginal_expansion,321,0.001123051656955416
1024,cont_batch,321,0.0010666666666666667
1024,pred_bs1_marginal_expansion,322,0.0011145996359230486
1024,cont_batch,322,0.0009916666666666667
1024,pred_bs1_marginal_expansion,323,0.001101636654726528
1024,cont_batch,323,0.001125
1024,pred_bs1_marginal_expansion,324,0.0010844228226826035
1024,cont_batch,324,0.0012583333333333333
1024,pred_bs1_marginal_expansion,325,0.0010632857865167532
1024,cont_batch,325,0.0011499999999999998
1024,pred_bs1_marginal_expansion,326,0.0010386160904584303
1024,cont_batch,326,0.0009666666666666666
1024,pred_bs1_marginal_expansion,327,0.001010861617350743
1024,cont_batch,327,0.0010500000000000002
1024,pred_bs1_marginal_expansion,328,0.0009805213356072024
1024,cont_batch,328,0.00095
1024,pred_bs1_marginal_expansion,329,0.0009481385897867853
1024,cont_batch,329,0.0008666666666666667
1024,pred_bs1_marginal_expansion,330,0.0009142941713812951
1024,cont_batch,330,0.0010916666666666666
1024,pred_bs1_marginal_expansion,331,0.0008795993901153618
1024,cont_batch,331,0.00085
1024,pred_bs1_marginal_expansion,332,0.0008446893343588887
1024,cont_batch,332,0.0008333333333333333
1024,pred_bs1_marginal_expansion,333,0.0008102164627100669
1024,cont_batch,333,0.0009
1024,pred_bs1_marginal_expansion,334,0.0007768446093117557
1024,cont_batch,334,0.0007833333333333334
1024,pred_bs1_marginal_expansion,335,0.0007452434159065766
1024,cont_batch,335,0.0007416666666666667
1024,pred_bs1_marginal_expansion,336,0.0007160831286402155
1024,cont_batch,336,0.0007416666666666666
1024,pred_bs1_marginal_expansion,337,0.0006900296226543557
1024,cont_batch,337,0.0006833333333333333
1024,pred_bs1_marginal_expansion,338,0.000667739449550305
1024,cont_batch,338,0.0005499999999999999
1024,pred_bs1_marginal_expansion,339,0.0006498546491022158
1024,cont_batch,339,0.0007333333333333333
1024,pred_bs1_marginal_expansion,340,0.000636997034706665
1024,cont_batch,340,0.0006666666666666666
1024,pred_bs1_marginal_expansion,341,0.0006297616585869076
1024,cont_batch,341,0.0006500000000000001
1024,pred_bs1_marginal_expansion,342,0.0006287091928609323
1024,cont_batch,342,0.000675
1024,pred_bs1_marginal_expansion,343,0.0006343570289195473
1024,cont_batch,343,0.0006000000000000001
1024,pred_bs1_marginal_expansion,344,0.0006471689994717262
1024,cont_batch,344,0.0006333333333333333
1024,pred_bs1_marginal_expansion,345,0.0006675437610701373
1024,cont_batch,345,0.0005499999999999999
1024,pred_bs1_marginal_expansion,346,0.000695802031751513
1024,cont_batch,346,0.0007750000000000001
1024,pred_bs1_marginal_expansion,347,0.0007321730473757511
1024,cont_batch,347,0.0007333333333333333
1024,pred_bs1_marginal_expansion,348,0.0007767807669945505
1024,cont_batch,348,0.0007666666666666667
1024,pred_bs1_marginal_expansion,349,0.0008296305067183594
1024,cont_batch,349,0.0006916666666666666
1024,pred_bs1_marginal_expansion,350,0.0008905967972719082
1024,cont_batch,350,0.0010249999999999999
1024,pred_bs1_marginal_expansion,351,0.0009594133289610702
1024,cont_batch,351,0.0010583333333333334
1024,pred_bs1_marginal_expansion,352,0.0010356658581412647
1024,cont_batch,352,0.0010333333333333334
1024,pred_bs1_marginal_expansion,353,0.0011187888953787977
1024,cont_batch,353,0.0011583333333333333
1024,pred_bs1_marginal_expansion,354,0.001208066876426985
1024,cont_batch,354,0.0013249999999999998
1024,pred_bs1_marginal_expansion,355,0.0013026403375574144
1024,cont_batch,355,0.0012416666666666665
1024,pred_bs1_marginal_expansion,356,0.0014015173871478536
1024,cont_batch,356,0.001475
1024,pred_bs1_marginal_expansion,357,0.0015035905002180694
1024,cont_batch,357,0.0014333333333333333
1024,pred_bs1_marginal_expansion,358,0.0016076583798383768
1024,cont_batch,358,0.0015416666666666667
1024,pred_bs1_marginal_expansion,359,0.0017124523483902818
1024,cont_batch,359,0.0017083333333333334
1024,pred_bs1_marginal_expansion,360,0.0018166664718232489
1024,cont_batch,360,0.0021166666666666664
1024,pred_bs1_marginal_expansion,361,0.0019189903987290096
1024,cont_batch,361,0.001908333333333333
1024,pred_bs1_marginal_expansion,362,0.002018143727519623
1024,cont_batch,362,0.002083333333333333
1024,pred_bs1_marginal_expansion,363,0.0021129106091384775
1024,cont_batch,363,0.0021333333333333334
1024,pred_bs1_marginal_expansion,364,0.0022021732554062964
1024,cont_batch,364,0.002191666666666667
1024,pred_bs1_marginal_expansion,365,0.0022849430542306007
1024,cont_batch,365,0.0022083333333333334
1024,pred_bs1_marginal_expansion,366,0.0023603880892705325
1024,cont_batch,366,0.002225
1024,pred_bs1_marginal_expansion,367,0.0024278560152638682
1024,cont_batch,367,0.002275
1024,pred_bs1_marginal_expansion,368,0.002486891440497943
1024,cont_batch,368,0.002283333333333333
1024,pred_bs1_marginal_expansion,369,0.0025372472021891333
1024,cont_batch,369,0.002258333333333333
1024,pred_bs1_marginal_expansion,370,0.002578889175295186
1024,cont_batch,370,0.002483333333333333
1024,pred_bs1_marginal_expansion,371,0.002611994516371043
1024,cont_batch,371,0.002608333333333333
1024,pred_bs1_marginal_expansion,372,0.0026369434986888794
1024,cont_batch,372,0.0029
1024,pred_bs1_marginal_expansion,373,0.002654305331022647
1024,cont_batch,373,0.0028416666666666664
1024,pred_bs1_marginal_expansion,374,0.0026648185604047163
1024,cont_batch,374,0.0026416666666666667
1024,pred_bs1_marginal_expansion,375,0.0026693668312535107
1024,cont_batch,375,0.0025833333333333333
1024,pred_bs1_marginal_expansion,376,0.0026689509044157075
1024,cont_batch,376,0.0025833333333333337
1024,pred_bs1_marginal_expansion,377,0.002664657927169928
1024,cont_batch,377,0.002625
1024,pred_bs1_marginal_expansion,378,0.002657628989114432
1024,cont_batch,378,0.0027916666666666667
1024,pred_bs1_marginal_expansion,379,0.0026490260009679315
1024,cont_batch,379,0.0027416666666666666
1024,pred_bs1_marginal_expansion,380,0.0026399988977689353
1024,cont_batch,380,0.0026249999999999997
1024,pred_bs1_marginal_expansion,381,0.0026316540998523566
1024,cont_batch,381,0.002458333333333333
1024,pred_bs1_marginal_expansion,382,0.0026250250708785864
1024,cont_batch,382,0.0023
1024,pred_bs1_marginal_expansion,383,0.0026210456986014395
1024,cont_batch,383,0.002416666666666667
1024,pred_bs1_marginal_expansion,384,0.0026205270978671377
1024,cont_batch,384,0.002775
1024,pred_bs1_marginal_expansion,385,0.0026241383027788066
1024,cont_batch,385,0.002608333333333333
1024,pred_bs1_marginal_expansion,386,0.0026323911814726893
1024,cont_batch,386,0.0027
1024,pred_bs1_marginal_expansion,387,0.002645629777383586
1024,cont_batch,387,0.0026
1024,pred_bs1_marginal_expansion,388,0.002664024158333197
1024,cont_batch,388,0.0027
1024,pred_bs1_marginal_expansion,389,0.00268756874199284
1024,cont_batch,389,0.002608333333333333
1024,pred_bs1_marginal_expansion,390,0.002716084964666603
1024,cont_batch,390,0.0023833333333333332
1024,pred_bs1_marginal_expansion,391,0.002749228070126085
1024,cont_batch,391,0.00265
1024,pred_bs1_marginal_expansion,392,0.00278649771734662
1024,cont_batch,392,0.0026416666666666663
1024,pred_bs1_marginal_expansion,393,0.0028272520389247373
1024,cont_batch,393,0.002925
1024,pred_bs1_marginal_expansion,394,0.0028707247262064637
1024,cont_batch,394,0.002983333333333333
1024,pred_bs1_marginal_expansion,395,0.00291604467150276
1024,cont_batch,395,0.0031249999999999997
1024,pred_bs1_marginal_expansion,396,0.0029622576621376327
1024,cont_batch,396,0.003
1024,pred_bs1_marginal_expansion,397,0.0030083495948123604
1024,cont_batch,397,0.003383333333333333
1024,pred_bs1_marginal_expansion,398,0.003053270662462703
1024,cont_batch,398,0.00295
1024,pred_bs1_marginal_expansion,399,0.0030959599586103527
1024,cont_batch,399,0.003391666666666667
1024,pred_bs1_marginal_expansion,400,0.0031353699473799872
1024,cont_batch,400,0.003175
1024,pred_bs1_marginal_expansion,401,0.0031704902602527367
1024,cont_batch,401,0.003075
1024,pred_bs1_marginal_expansion,402,0.0032003703039550522
1024,cont_batch,402,0.0032166666666666663
1024,pred_bs1_marginal_expansion,403,0.003224140197458025
1024,cont_batch,403,0.003208333333333334
1024,pred_bs1_marginal_expansion,404,0.0032410295995239768
1024,cont_batch,404,0.003258333333333333
1024,pred_bs1_marginal_expansion,405,0.0032503840413125856
1024,cont_batch,405,0.003125
1024,pred_bs1_marginal_expansion,406,0.0032516784401113207
1024,cont_batch,406,0.0032500000000000003
1024,pred_bs1_marginal_expansion,407,0.003244527539225993
1024,cont_batch,407,0.003208333333333333
1024,pred_bs1_marginal_expansion,408,0.003228693093827493
1024,cont_batch,408,0.0032666666666666664
1024,pred_bs1_marginal_expansion,409,0.0032040877014018077
1024,cont_batch,409,0.0030999999999999995
1024,pred_bs1_marginal_expansion,410,0.0031707752562058315
1024,cont_batch,410,0.002958333333333333
1024,pred_bs1_marginal_expansion,411,0.0031289680878897937
1024,cont_batch,411,0.0030166666666666666
1024,pred_bs1_marginal_expansion,412,0.0030790209226409684
1024,cont_batch,412,0.0031999999999999993
1024,pred_bs1_marginal_expansion,413,0.0030214218792061925
1024,cont_batch,413,0.003266666666666667
1024,pred_bs1_marginal_expansion,414,0.0029567807793332906
1024,cont_batch,414,0.003275
1024,pred_bs1_marginal_expansion,415,0.0028858151113605396
1024,cont_batch,415,0.002391666666666667
1024,pred_bs1_marginal_expansion,416,0.0028093340347090288
1024,cont_batch,416,0.002575
1024,pred_bs1_marginal_expansion,417,0.0027282208513492922
1024,cont_batch,417,0.0030166666666666666
1024,pred_bs1_marginal_expansion,418,0.002643414396487787
1024,cont_batch,418,0.002483333333333333
1024,pred_bs1_marginal_expansion,419,0.0025558898147674753
1024,cont_batch,419,0.0024083333333333335
1024,pred_bs1_marginal_expansion,420,0.002466639189869616
1024,cont_batch,420,0.0026416666666666667
1024,pred_bs1_marginal_expansion,421,0.002376652484979476
1024,cont_batch,421,0.0021249999999999997
1024,pred_bs1_marginal_expansion,422,0.0022868992297791226
1024,cont_batch,422,0.002275
1024,pred_bs1_marginal_expansion,423,0.0021983113574149766
1024,cont_batch,423,0.002116666666666667
1024,pred_bs1_marginal_expansion,424,0.0021117675534802773
1024,cont_batch,424,0.0019333333333333333
1024,pred_bs1_marginal_expansion,425,0.0020280794299783285
1024,cont_batch,425,0.0021
1024,pred_bs1_marginal_expansion,426,0.0019479797818718193
1024,cont_batch,426,0.0020916666666666666
1024,pred_bs1_marginal_expansion,427,0.0018721131240798418
1024,cont_batch,427,0.0020166666666666666
1024,pred_bs1_marginal_expansion,428,0.001801028644189773
1024,cont_batch,428,0.0019583333333333336
1024,pred_bs1_marginal_expansion,429,0.0017351756423904918
1024,cont_batch,429,0.0018416666666666666
1024,pred_bs1_marginal_expansion,430,0.0016749014669364395
1024,cont_batch,430,0.0018499999999999999
1024,pred_bs1_marginal_expansion,431,0.0016204518921646752
1024,cont_batch,431,0.0015583333333333332
1024,pred_bs1_marginal_expansion,432,0.0015719738282068683
1024,cont_batch,432,0.0015666666666666667
1024,pred_bs1_marginal_expansion,433,0.001529520198241957
1024,cont_batch,433,0.001391666666666667
1024,pred_bs1_marginal_expansion,434,0.0014930567714486207
1024,cont_batch,434,0.0014916666666666667
1024,pred_bs1_marginal_expansion,435,0.0014624706986963425
1024,cont_batch,435,0.0015916666666666666
1024,pred_bs1_marginal_expansion,436,0.0014375804640731236
1024,cont_batch,436,0.0013333333333333333
1024,pred_bs1_marginal_expansion,437,0.0014181469391953364
1024,cont_batch,437,0.001425
1024,pred_bs1_marginal_expansion,438,0.0014038852091361705
1024,cont_batch,438,0.0014666666666666667
1024,pred_bs1_marginal_expansion,439,0.0013944768290430284
1024,cont_batch,439,0.0016416666666666667
1024,pred_bs1_marginal_expansion,440,0.0013895821689706217
1024,cont_batch,440,0.0013
1024,pred_bs1_marginal_expansion,441,0.0013888525111561177
1024,cont_batch,441,0.001225
1024,pred_bs1_marginal_expansion,442,0.0013919415784672858
1024,cont_batch,442,0.0013083333333333332
1024,pred_bs1_marginal_expansion,443,0.0013985161947214567
1024,cont_batch,443,0.0014416666666666666
1024,pred_bs1_marginal_expansion,444,0.001408265806449613
1024,cont_batch,444,0.0013833333333333334
1024,pred_bs1_marginal_expansion,445,0.00142091063063168
1024,cont_batch,445,0.0015166666666666666
1024,pred_bs1_marginal_expansion,446,0.0014362082333371784
1024,cont_batch,446,0.0013333333333333335
1024,pred_bs1_marginal_expansion,447,0.0014539583888774602
1024,cont_batch,447,0.0014416666666666666
1024,pred_bs1_marginal_expansion,448,0.0014740061172062882
1024,cont_batch,448,0.001425
1024,pred_bs1_marginal_expansion,449,0.0014962428475886315
1024,cont_batch,449,0.0013083333333333334
1024,pred_bs1_marginal_expansion,450,0.001520605707870696
1024,cont_batch,450,0.001525
1024,pred_bs1_marginal_expansion,451,0.001547074989797642
1024,cont_batch,451,0.0018166666666666665
1024,pred_bs1_marginal_expansion,452,0.0015756698904470915
1024,cont_batch,452,0.0015666666666666665
1024,pred_bs1_marginal_expansion,453,0.0016064426767540907
1024,cont_batch,453,0.0016583333333333333
1024,pred_bs1_marginal_expansion,454,0.0016394714630749252
1024,cont_batch,454,0.0016083333333333334
1024,pred_bs1_marginal_expansion,455,0.0016748518297423343
1024,cont_batch,455,0.0017333333333333333
1024,pred_bs1_marginal_expansion,456,0.0017126875424238821
1024,cont_batch,456,0.0017083333333333332
1024,pred_bs1_marginal_expansion,457,0.0017530806571687766
1024,cont_batch,457,0.001875
1024,pred_bs1_marginal_expansion,458,0.0017961213133891323
1024,cont_batch,458,0.0017666666666666666
1024,pred_bs1_marginal_expansion,459,0.0018418775263726057
1024,cont_batch,459,0.0017166666666666667
1024,pred_bs1_marginal_expansion,460,0.0018903852918100753
1024,cont_batch,460,0.0019
1024,pred_bs1_marginal_expansion,461,0.0019416393073210133
1024,cont_batch,461,0.0020916666666666666
1024,pred_bs1_marginal_expansion,462,0.0019955846001264666
1024,cont_batch,462,0.002033333333333333
1024,pred_bs1_marginal_expansion,463,0.002052109326315486
1024,cont_batch,463,0.002175
1024,pred_bs1_marginal_expansion,464,0.002111038976215651
1024,cont_batch,464,0.0022166666666666667
1024,pred_bs1_marginal_expansion,465,0.002172132182902668
1024,cont_batch,465,0.002183333333333333
1024,pred_bs1_marginal_expansion,466,0.0022350782881709226
1024,cont_batch,466,0.0021166666666666664
1024,pred_bs1_marginal_expansion,467,0.002299496772992567
1024,cont_batch,467,0.002225
1024,pred_bs1_marginal_expansion,468,0.0023649386095520005
1024,cont_batch,468,0.0024666666666666665
1024,pred_bs1_marginal_expansion,469,0.002430889540113073
1024,cont_batch,469,0.002166666666666667
1024,pred_bs1_marginal_expansion,470,0.002496775236060316
1024,cont_batch,470,0.0026583333333333333
1024,pred_bs1_marginal_expansion,471,0.0025619682396854004
1024,cont_batch,471,0.0025583333333333335
1024,pred_bs1_marginal_expansion,472,0.0026257965432331686
1024,cont_batch,472,0.0023833333333333332
1024,pred_bs1_marginal_expansion,473,0.0026875536153414224
1024,cont_batch,473,0.0026999999999999997
1024,pred_bs1_marginal_expansion,474,0.0027465096459631626
1024,cont_batch,474,0.0028
1024,pred_bs1_marginal_expansion,475,0.002801923747851541
1024,cont_batch,475,0.002766666666666667
1024,pred_bs1_marginal_expansion,476,0.0028530568267360595
1024,cont_batch,476,0.0027749999999999997
1024,pred_bs1_marginal_expansion,477,0.0028991848141173295
1024,cont_batch,477,0.002816666666666666
1024,pred_bs1_marginal_expansion,478,0.0029396119466263185
1024,cont_batch,478,0.002958333333333333
1024,pred_bs1_marginal_expansion,479,0.002973683774325501
1024,cont_batch,479,0.002866666666666667
1024,pred_bs1_marginal_expansion,480,0.003000799587259124
1024,cont_batch,480,0.003133333333333333
1024,pred_bs1_marginal_expansion,481,0.003020423964618759
1024,cont_batch,481,0.0031249999999999997
1024,pred_bs1_marginal_expansion,482,0.0030320971738701033
1024,cont_batch,482,0.0031416666666666663
1024,pred_bs1_marginal_expansion,483,0.0030354441770802775
1024,cont_batch,483,0.0029916666666666668
1024,pred_bs1_marginal_expansion,484,0.0030301820378594536
1024,cont_batch,484,0.0028083333333333333
1024,pred_bs1_marginal_expansion,485,0.0030161255636519976
1024,cont_batch,485,0.0031166666666666665
1024,pred_bs1_marginal_expansion,486,0.0029931910633569122
1024,cont_batch,486,0.0028166666666666665
1024,pred_bs1_marginal_expansion,487,0.0029613981481639343
1024,cont_batch,487,0.002958333333333333
1024,pred_bs1_marginal_expansion,488,0.0029208695526451883
1024,cont_batch,488,0.0029916666666666668
1024,pred_bs1_marginal_expansion,489,0.0028718290021755577
1024,cont_batch,489,0.0028083333333333333
1024,pred_bs1_marginal_expansion,490,0.0028145972002685676
1024,cont_batch,490,0.003183333333333333
1024,pred_bs1_marginal_expansion,491,0.0027495860540960545
1024,cont_batch,491,0.002675
1024,pred_bs1_marginal_expansion,492,0.0026772912970440678
1024,cont_batch,492,0.0027666666666666664
1024,pred_bs1_marginal_expansion,493,0.002598283702596839
1024,cont_batch,493,0.002666666666666666
1024,pred_bs1_marginal_expansion,494,0.0025131991132857716
1024,cont_batch,494,0.0023666666666666667
1024,pred_bs1_marginal_expansion,495,0.002422727530950671
1024,cont_batch,495,0.002683333333333333
1024,pred_bs1_marginal_expansion,496,0.0023276015300467447
1024,cont_batch,496,0.002375
1024,pred_bs1_marginal_expansion,497,0.002228584263498084
1024,cont_batch,497,0.0021916666666666664
1024,pred_bs1_marginal_expansion,498,0.0021264573310474364
1024,cont_batch,498,0.002241666666666667
1024,pred_bs1_marginal_expansion,499,0.0020220087730496656
1024,cont_batch,499,0.001958333333333333
1024,pred_bs1_marginal_expansion,500,0.0019160214390728037
1024,cont_batch,500,0.0018999999999999998
1024,pred_bs1_marginal_expansion,501,0.001809261960655102
1024,cont_batch,501,0.0015666666666666667
1024,pred_bs1_marginal_expansion,502,0.001702470532527319
1024,cont_batch,502,0.0015999999999999999
1024,pred_bs1_marginal_expansion,503,0.001596351677005404
1024,cont_batch,503,0.0018
1024,pred_bs1_marginal_expansion,504,0.0014915661335138369
1024,cont_batch,504,0.0014583333333333334
1024,pred_bs1_marginal_expansion,505,0.0013887239803075135
1024,cont_batch,505,0.001425
1024,pred_bs1_marginal_expansion,506,0.0012883790595885757
1024,cont_batch,506,0.0013666666666666666
1024,pred_bs1_marginal_expansion,507,0.0011910247415059818
1024,cont_batch,507,0.001325
1024,pred_bs1_marginal_expansion,508,0.0010970910280614418
1024,cont_batch,508,0.0012416666666666665
1024,pred_bs1_marginal_expansion,509,0.0010069429656015623
1024,cont_batch,509,0.0009333333333333333
1024,pred_bs1_marginal_expansion,510,0.0009208803053936134
1024,cont_batch,510,0.0008166666666666667
1024,pred_bs1_marginal_expansion,511,0.0008391383260947749
1024,cont_batch,511,0.0007916666666666665
1024,pred_bs1_marginal_expansion,512,0.000761889710687396
1024,cont_batch,512,0.0007999999999999999
1024,pred_bs1_marginal_expansion,513,0.0006892473535581716
1024,cont_batch,513,0.0005833333333333333
1024,pred_bs1_marginal_expansion,514,0.0006212679613935462
1024,cont_batch,514,0.0006249999999999999
1024,pred_bs1_marginal_expansion,515,0.0005579563041315925
1024,cont_batch,515,0.000525
1024,pred_bs1_marginal_expansion,516,0.0004992699694229392
1024,cont_batch,516,0.0005333333333333334
1024,pred_bs1_marginal_expansion,517,0.0004451244754124577
1024,cont_batch,517,0.00036666666666666667
1024,pred_bs1_marginal_expansion,518,0.0003953986019189257
1024,cont_batch,518,0.0003666666666666666
1024,pred_bs1_marginal_expansion,519,0.000349939808560856
1024,cont_batch,519,0.000375
1024,pred_bs1_marginal_expansion,520,0.0003085696196746271
1024,cont_batch,520,0.0003083333333333333
1024,pred_bs1_marginal_expansion,521,0.0002710888691901285
1024,cont_batch,521,0.000175
1024,pred_bs1_marginal_expansion,522,0.00023728271351529699
1024,cont_batch,522,0.0002583333333333333
1024,pred_bs1_marginal_expansion,523,0.00020692533619988166
1024,cont_batch,523,0.00018333333333333334
1024,pred_bs1_marginal_expansion,524,0.000179784284197762
1024,cont_batch,524,0.00025
1024,pred_bs1_marginal_expansion,525,0.00015562439137396152
1024,cont_batch,525,0.00019999999999999998
1024,pred_bs1_marginal_expansion,526,0.0001342112600561927
1024,cont_batch,526,7.500000000000001e-05
1024,pred_bs1_marginal_expansion,527,0.00011531428553619845
1024,cont_batch,527,7.500000000000001e-05
1024,pred_bs1_marginal_expansion,528,9.870922117742482e-05
1024,cont_batch,528,9.166666666666665e-05
1024,pred_bs1_marginal_expansion,529,8.418029296244538e-05
1024,cont_batch,529,7.5e-05
1024,pred_bs1_marginal_expansion,530,7.152188179722551e-05
1024,cont_batch,530,7.500000000000001e-05
1024,pred_bs1_marginal_expansion,531,6.053979958898281e-05
1024,cont_batch,531,6.666666666666667e-05
1024,pred_bs1_marginal_expansion,532,5.105219106888949e-05
1024,cont_batch,532,5.833333333333333e-05
1024,pred_bs1_marginal_expansion,533,4.2890097578704324e-05
1024,cont_batch,533,5.833333333333333e-05
1024,pred_bs1_marginal_expansion,534,3.5897721715256065e-05
1024,cont_batch,534,4.166666666666667e-05
1024,pred_bs1_marginal_expansion,535,2.9932432967391144e-05
1024,cont_batch,535,4.166666666666667e-05
1024,pred_bs1_marginal_expansion,536,2.4864554476621848e-05
1024,cont_batch,536,0.0
1024,pred_bs1_marginal_expansion,537,2.0576969991207613e-05
1024,cont_batch,537,8.333333333333334e-06
1024,pred_bs1_marginal_expansion,538,1.6964588177143677e-05
1024,cont_batch,538,2.4999999999999998e-05
1024,pred_bs1_marginal_expansion,539,1.3933698895997572e-05
1024,cont_batch,539,8.333333333333334e-06
1024,pred_bs1_marginal_expansion,540,1.1401253058459663e-05
1024,cont_batch,540,2.5e-05
1024,pred_bs1_marginal_expansion,541,9.294094397655573e-06
1024,cont_batch,541,0.0
1024,pred_bs1_marginal_expansion,542,7.548168145940397e-06
1024,cont_batch,542,8.333333333333334e-06
1024,pred_bs1_marginal_expansion,543,6.107728292175371e-06
1024,cont_batch,543,0.0
1024,pred_bs1_marginal_expansion,544,4.9245619733931125e-06
1024,cont_batch,544,1.6666666666666667e-05
1024,pred_bs1_marginal_expansion,545,3.9572467213079655e-06
1024,cont_batch,545,8.333333333333334e-06
1024,pred_bs1_marginal_expansion,546,3.170453828036352e-06
1024,cont_batch,546,0.0
1024,pred_bs1_marginal_expansion,547,2.5343090790566284e-06
1024,cont_batch,547,0.0
1024,pred_bs1_marginal_expansion,548,2.0238205680035928e-06
1024,cont_batch,548,0.0
1024,pred_bs1_marginal_expansion,549,1.6183822744618207e-06
1024,cont_batch,549,0.0
1024,pred_bs1_marginal_expansion,550,1.301361546673385e-06
1024,cont_batch,550,0.0
1024,pred_bs1_marginal_expansion,551,1.0597785507803072e-06
1024,cont_batch,551,0.0
1024,pred_bs1_marginal_expansion,552,8.840860618002031e-07
1024,cont_batch,552,0.0
1024,pred_bs1_marginal_expansion,553,7.680585777686716e-07
1024,cont_batch,553,0.0
1024,pred_bs1_marginal_expansion,554,7.088004962076593e-07
1024,cont_batch,554,8.333333333333334e-06
1024,pred_bs1_marginal_expansion,555,7.068838182325798e-07
1024,cont_batch,555,0.0
1024,pred_bs1_marginal_expansion,556,7.666263090079797e-07
1024,cont_batch,556,0.0
1024,pred_bs1_marginal_expansion,557,8.965209693014226e-07
1024,cont_batch,557,0.0
1024,pred_bs1_marginal_expansion,558,1.1098267459378115e-06
1024,cont_batch,558,0.0
1024,pred_bs1_marginal_expansion,559,1.4253282812696239e-06
1024,cont_batch,559,8.333333333333334e-06
1024,pred_bs1_marginal_expansion,560,1.8682688158164115e-06
1024,cont_batch,560,8.333333333333334e-06
1024,pred_bs1_marginal_expansion,561,2.4714547651881625e-06
1024,cont_batch,561,2.4999999999999998e-05
1024,pred_bs1_marginal_expansion,562,3.276522692220086e-06
1024,cont_batch,562,3.3333333333333335e-05
1024,pred_bs1_marginal_expansion,563,4.3353491748564194e-06
1024,cont_batch,563,2.4999999999999998e-05
1024,pred_bs1_marginal_expansion,564,5.711571353770357e-06
1024,cont_batch,564,4.1666666666666665e-05
1024,pred_bs1_marginal_expansion,565,7.482170842551729e-06
1024,cont_batch,565,8.333333333333334e-06
1024,pred_bs1_marginal_expansion,566,9.739056550634876e-06
1024,cont_batch,566,3.3333333333333335e-05
1024,pred_bs1_marginal_expansion,567,1.2590563438268492e-05
1024,cont_batch,567,4.1666666666666665e-05
1024,pred_bs1_marginal_expansion,568,1.6162765245153745e-05
1024,cont_batch,568,1.6666666666666667e-05
1024,pred_bs1_marginal_expansion,569,2.060048107990755e-05
1024,cont_batch,569,4.9999999999999996e-05
1024,pred_bs1_marginal_expansion,570,2.6067840002126304e-05
1024,cont_batch,570,6.666666666666667e-05
1024,pred_bs1_marginal_expansion,571,3.274825619487344e-05
1024,cont_batch,571,9.999999999999999e-05
1024,pred_bs1_marginal_expansion,572,4.084366198747474e-05
1024,cont_batch,572,0.00013333333333333334
1024,pred_bs1_marginal_expansion,573,5.057284884241556e-05
1024,cont_batch,573,0.00011666666666666667
1024,pred_bs1_marginal_expansion,574,6.216877930418281e-05
1024,cont_batch,574,0.00014166666666666665
1024,pred_bs1_marginal_expansion,575,7.587475731665692e-05
1024,cont_batch,575,0.000175
1024,pred_bs1_marginal_expansion,576,9.193938116866534e-05
1024,cont_batch,576,0.00015
1024,pred_bs1_marginal_expansion,577,0.00011061025278649052
1024,cont_batch,577,0.00019166666666666667
1024,pred_bs1_marginal_expansion,578,0.00013212647835486927
1024,cont_batch,578,0.0002666666666666667
1024,pred_bs1_marginal_expansion,579,0.00015671006644342456
1024,cont_batch,579,0.00025833333333333334
1024,pred_bs1_marginal_expansion,580,0.00018455640793635193
1024,cont_batch,580,0.00024166666666666664
1024,pred_bs1_marginal_expansion,581,0.00021582410302390333
1024,cont_batch,581,0.000275
1024,pred_bs1_marginal_expansion,582,0.0002506244792894586
1024,cont_batch,582,0.00031666666666666665
1024,pred_bs1_marginal_expansion,583,0.0002890112158294826
1024,cont_batch,583,0.00036666666666666667
1024,pred_bs1_marginal_expansion,584,0.0003309705454103364
1024,cont_batch,584,0.00045000000000000004
1024,pred_bs1_marginal_expansion,585,0.00037641254405275783
1024,cont_batch,585,0.0005416666666666666
1024,pred_bs1_marginal_expansion,586,0.0004251640300363251
1024,cont_batch,586,0.000525
1024,pred_bs1_marginal_expansion,587,0.0004769635781249053
1024,cont_batch,587,0.0005166666666666667
1024,pred_bs1_marginal_expansion,588,0.0005314591075660998
1024,cont_batch,588,0.0005666666666666666
1024,pred_bs1_marginal_expansion,589,0.0005882084238134851
1024,cont_batch,589,0.0007083333333333334
1024,pred_bs1_marginal_expansion,590,0.0006466829859482358
1024,cont_batch,590,0.0006083333333333333
1024,pred_bs1_marginal_expansion,591,0.0007062750387917752
1024,cont_batch,591,0.0006666666666666666
1024,pred_bs1_marginal_expansion,592,0.0007663080971366686
1024,cont_batch,592,0.0007416666666666666
1024,pred_bs1_marginal_expansion,593,0.0008260506077531758
1024,cont_batch,593,0.0009416666666666666
1024,pred_bs1_marginal_expansion,594,0.0008847324523951513
1024,cont_batch,594,0.0008083333333333333
1024,pred_bs1_marginal_expansion,595,0.0009415638021621157
1024,cont_batch,595,0.0009416666666666666
1024,pred_bs1_marginal_expansion,596,0.0009957557002452078
1024,cont_batch,596,0.0009750000000000001
1024,pred_bs1_marginal_expansion,597,0.0010465416453354541
1024,cont_batch,597,0.0009083333333333334
1024,pred_bs1_marginal_expansion,598,0.0010931993790537714
1024,cont_batch,598,0.001125
1024,pred_bs1_marginal_expansion,599,0.0011350720526405913
1024,cont_batch,599,0.001075
1024,pred_bs1_marginal_expansion,600,0.001171587962963272
1024,cont_batch,600,0.001125
1024,pred_bs1_marginal_expansion,601,0.0012022781048292139
1024,cont_batch,601,0.0011
1024,pred_bs1_marginal_expansion,602,0.0012267908819802
1024,cont_batch,602,0.0010583333333333332
1024,pred_bs1_marginal_expansion,603,0.001244903446591542
1024,cont_batch,603,0.0011833333333333333
1024,pred_bs1_marginal_expansion,604,0.0012565292883091566
1024,cont_batch,604,0.001175
1024,pred_bs1_marginal_expansion,605,0.0012617218590999589
1024,cont_batch,605,0.00105
1024,pred_bs1_marginal_expansion,606,0.0012606741890842637
1024,cont_batch,606,0.0011083333333333331
1024,pred_bs1_marginal_expansion,607,0.0012537146111516596
1024,cont_batch,607,0.0011416666666666667
1024,pred_bs1_marginal_expansion,608,0.0012412988593845133
1024,cont_batch,608,0.0011583333333333333
1024,pred_bs1_marginal_expansion,609,0.0012239989308034046
1024,cont_batch,609,0.0013333333333333333
1024,pred_bs1_marginal_expansion,610,0.0012024891963894292
1024,cont_batch,610,0.0011666666666666668
1024,pred_bs1_marginal_expansion,611,0.0011775303127965675
1024,cont_batch,611,0.0010416666666666667
1024,pred_bs1_marginal_expansion,612,0.0011499515200377234
1024,cont_batch,612,0.0009916666666666667
1024,pred_bs1_marginal_expansion,613,0.0011206319143771991
1024,cont_batch,613,0.0011083333333333333
1024,pred_bs1_marginal_expansion,614,0.0010904812630231108
1024,cont_batch,614,0.0010166666666666668
1024,pred_bs1_marginal_expansion,615,0.0010604208829682806
1024,cont_batch,615,0.001075
1024,pred_bs1_marginal_expansion,616,0.0010313650458835713
1024,cont_batch,616,0.0009416666666666666
1024,pred_bs1_marginal_expansion,617,0.0010042033004563496
1024,cont_batch,617,0.0012000000000000001
1024,pred_bs1_marginal_expansion,618,0.0009797840284441332
1024,cont_batch,618,0.0009916666666666667
1024,pred_bs1_marginal_expansion,619,0.000958899476220056
1024,cont_batch,619,0.0008750000000000001
1024,pred_bs1_marginal_expansion,620,0.0009422724336140128
1024,cont_batch,620,0.0007916666666666666
1024,pred_bs1_marginal_expansion,621,0.0009305446695586244
1024,cont_batch,621,0.000875
1024,pred_bs1_marginal_expansion,622,0.000924267181160923
1024,cont_batch,622,0.0007333333333333333
1024,pred_bs1_marginal_expansion,623,0.0009238922701549088
1024,cont_batch,623,0.0008083333333333333
1024,pred_bs1_marginal_expansion,624,0.0009297674281024254
1024,cont_batch,624,0.0008916666666666666
1024,pred_bs1_marginal_expansion,625,0.0009421309882933945
1024,cont_batch,625,0.0010083333333333333
1024,pred_bs1_marginal_expansion,626,0.0009611094867803417
1024,cont_batch,626,0.0010166666666666666
1024,pred_bs1_marginal_expansion,627,0.000986716665739806
1024,cont_batch,627,0.0011083333333333333
1024,pred_bs1_marginal_expansion,628,0.0010188540477378263
1024,cont_batch,628,0.0010333333333333334
1024,pred_bs1_marginal_expansion,629,0.0010573130079620766
1024,cont_batch,629,0.0010666666666666665
1024,pred_bs1_marginal_expansion,630,0.0011017782716827578
1024,cont_batch,630,0.0011083333333333333
1024,pred_bs1_marginal_expansion,631,0.0011518327649228835
1024,cont_batch,631,0.0010416666666666667
1024,pred_bs1_marginal_expansion,632,0.0012069637467508564
1024,cont_batch,632,0.001
1024,pred_bs1_marginal_expansion,633,0.001266570150894947
1024,cont_batch,633,0.0011666666666666665
1024,pred_bs1_marginal_expansion,634,0.0013299710620967816
1024,cont_batch,634,0.0012333333333333332
1024,pred_bs1_marginal_expansion,635,0.0013964152482950232
1024,cont_batch,635,0.0014166666666666668
1024,pred_bs1_marginal_expansion,636,0.0014650916630508054
1024,cont_batch,636,0.0016166666666666669
1024,pred_bs1_marginal_expansion,637,0.0015351408234126915
1024,cont_batch,637,0.0016166666666666666
1024,pred_bs1_marginal_expansion,638,0.0016056669566313045
1024,cont_batch,638,0.0015916666666666666
1024,pred_bs1_marginal_expansion,639,0.001675750794677088
1024,cont_batch,639,0.0015666666666666667
1024,pred_bs1_marginal_expansion,640,0.0017444628789626947
1024,cont_batch,640,0.001775
1024,pred_bs1_marginal_expansion,641,0.0018108772191587526
1024,cont_batch,641,0.001958333333333333
1024,pred_bs1_marginal_expansion,642,0.00187408513058529
1024,cont_batch,642,0.001875
1024,pred_bs1_marginal_expansion,643,0.0019332090552353722
1024,cont_batch,643,0.0017833333333333334
1024,pred_bs1_marginal_expansion,644,0.0019874161532813417
1024,cont_batch,644,0.00215
1024,pred_bs1_marginal_expansion,645,0.002035931436496893
1024,cont_batch,645,0.0019416666666666666
1024,pred_bs1_marginal_expansion,646,0.002078050203787976
1024,cont_batch,646,0.0020833333333333337
1024,pred_bs1_marginal_expansion,647,0.0021131495335256606
1024,cont_batch,647,0.002266666666666667
1024,pred_bs1_marginal_expansion,648,0.002140698589056297
1024,cont_batch,648,0.0019083333333333335
1024,pred_bs1_marginal_expansion,649,0.002160267503503793
1024,cont_batch,649,0.0020416666666666665
1024,pred_bs1_marginal_expansion,650,0.002171534628716846
1024,cont_batch,650,0.002116666666666667
1024,pred_bs1_marginal_expansion,651,0.0021742919609878354
1024,cont_batch,651,0.0022166666666666663
1024,pred_bs1_marginal_expansion,652,0.0021684485926427494
1024,cont_batch,652,0.00245
1024,pred_bs1_marginal_expansion,653,0.0021540320830516456
1024,cont_batch,653,0.0020583333333333335
1024,pred_bs1_marginal_expansion,654,0.0021311876933765364
1024,cont_batch,654,0.0022333333333333333
1024,pred_bs1_marginal_expansion,655,0.0021001754846997765
1024,cont_batch,655,0.002075
1024,pred_bs1_marginal_expansion,656,0.0020613653368534847
1024,cont_batch,656,0.002225
1024,pred_bs1_marginal_expansion,657,0.002015230002640032
1024,cont_batch,657,0.002033333333333333
1024,pred_bs1_marginal_expansion,658,0.0019623363668738823
1024,cont_batch,658,0.001975
1024,pred_bs1_marginal_expansion,659,0.0019033351290764415
1024,cont_batch,659,0.0017416666666666665
1024,pred_bs1_marginal_expansion,660,0.001838949170784429
1024,cont_batch,660,0.0017916666666666667
1024,pred_bs1_marginal_expansion,661,0.00176996090104761
1024,cont_batch,661,0.0017333333333333333
1024,pred_bs1_marginal_expansion,662,0.0016971988958960978
1024,cont_batch,662,0.0016249999999999997
1024,pred_bs1_marginal_expansion,663,0.0016215241580031993
1024,cont_batch,663,0.0018083333333333335
1024,pred_bs1_marginal_expansion,664,0.0015438163217017218
1024,cont_batch,664,0.001575
1024,pred_bs1_marginal_expansion,665,0.0014649601159496572
1024,cont_batch,665,0.001575
1024,pred_bs1_marginal_expansion,666,0.0013858323749833836
1024,cont_batch,666,0.0013666666666666669
1024,pred_bs1_marginal_expansion,667,0.0013072898543591567
1024,cont_batch,667,0.001475
1024,pred_bs1_marginal_expansion,668,0.0012301580710696847
1024,cont_batch,668,0.0014666666666666667
1024,pred_bs1_marginal_expansion,669,0.0011552213421764756
1024,cont_batch,669,0.0010416666666666667
1024,pred_bs1_marginal_expansion,670,0.001083214149425825
1024,cont_batch,670,0.00115
1024,pred_bs1_marginal_expansion,671,0.001014813909822896
1024,cont_batch,671,0.00095
1024,pred_bs1_marginal_expansion,672,0.0009506351863727079
1024,cont_batch,672,0.0010833333333333333
1024,pred_bs1_marginal_expansion,673,0.0008912253310958392
1024,cont_batch,673,0.0008500000000000001
1024,pred_bs1_marginal_expansion,674,0.0008370615157702042
1024,cont_batch,674,0.0007499999999999999
1024,pred_bs1_marginal_expansion,675,0.0007885490758168882
1024,cont_batch,675,0.0007833333333333334
1024,pred_bs1_marginal_expansion,676,0.000746021070306945
1024,cont_batch,676,0.0005416666666666666
1024,pred_bs1_marginal_expansion,677,0.0007097389464478455
1024,cont_batch,677,0.0006916666666666666
1024,pred_bs1_marginal_expansion,678,0.0006798941900822645
1024,cont_batch,678,0.0006833333333333333
1024,pred_bs1_marginal_expansion,679,0.0006566108441122341
1024,cont_batch,679,0.000525
1024,pred_bs1_marginal_expansion,680,0.0006399487832025745
1024,cont_batch,680,0.00065
1024,pred_bs1_marginal_expansion,681,0.0006299076444807297
1024,cont_batch,681,0.00075
1024,pred_bs1_marginal_expansion,682,0.0006264313283572858
1024,cont_batch,682,0.0006583333333333333
1024,pred_bs1_marginal_expansion,683,0.0006294129994429234
1024,cont_batch,683,0.0007083333333333333
1024,pred_bs1_marginal_expansion,684,0.0006387005328332936
1024,cont_batch,684,0.0005833333333333333
1024,pred_bs1_marginal_expansion,685,0.0006541023640627512
1024,cont_batch,685,0.0005333333333333334
1024,pred_bs1_marginal_expansion,686,0.000675393710088016
1024,cont_batch,686,0.0006749999999999999
1024,pred_bs1_marginal_expansion,687,0.0007023231324611929
1024,cont_batch,687,0.0006666666666666666
1024,pred_bs1_marginal_expansion,688,0.0007346194113543408
1024,cont_batch,688,0.0007333333333333332
1024,pred_bs1_marginal_expansion,689,0.0007719986898028496
1024,cont_batch,689,0.0009333333333333333
1024,pred_bs1_marginal_expansion,690,0.0008141718314493417
1024,cont_batch,690,0.0007999999999999999
1024,pred_bs1_marginal_expansion,691,0.0008608519126557104
1024,cont_batch,691,0.0009333333333333333
1024,pred_bs1_marginal_expansion,692,0.0009117617422656899
1024,cont_batch,692,0.0008333333333333333
1024,pred_bs1_marginal_expansion,693,0.0009666412710638734
1024,cont_batch,693,0.0011416666666666665
1024,pred_bs1_marginal_expansion,694,0.0010252547202002527
1024,cont_batch,694,0.0008833333333333334
1024,pred_bs1_marginal_expansion,695,0.0010873972258869538
1024,cont_batch,695,0.001025
1024,pred_bs1_marginal_expansion,696,0.0011529007692671308
1024,cont_batch,696,0.0010750000000000002
1024,pred_bs1_marginal_expansion,697,0.001221639138198401
1024,cont_batch,697,0.0012166666666666667
1024,pred_bs1_marginal_expansion,698,0.0012935316545885347
1024,cont_batch,698,0.0011833333333333333
1024,pred_bs1_marginal_expansion,699,0.0013685453992693178
1024,cont_batch,699,0.0013583333333333334
1024,pred_bs1_marginal_expansion,700,0.0014466956783897103
1024,cont_batch,700,0.0014250000000000003
1024,pred_bs1_marginal_expansion,701,0.0015280445023910533
1024,cont_batch,701,0.001916666666666667
1024,pred_bs1_marginal_expansion,702,0.0016126968917150966
1024,cont_batch,702,0.00135
1024,pred_bs1_marginal_expansion,703,0.0017007948824301962
1024,cont_batch,703,0.0016
1024,pred_bs1_marginal_expansion,704,0.0017925091790154224
1024,cont_batch,704,0.002025
1024,pred_bs1_marginal_expansion,705,0.0018880284888942514
1024,cont_batch,705,0.0017333333333333335
1024,pred_bs1_marginal_expansion,706,0.0019875466709912185
1024,cont_batch,706,0.0020666666666666667
1024,pred_bs1_marginal_expansion,707,0.0020912479350854002
1024,cont_batch,707,0.0019666666666666665
1024,pred_bs1_marginal_expansion,708,0.00219929043559182
1024,cont_batch,708,0.002516666666666666
1024,pred_bs1_marginal_expansion,709,0.0023117887076183853
1024,cont_batch,709,0.0023083333333333332
1024,pred_bs1_marginal_expansion,710,0.0024287954894232737
1024,cont_batch,710,0.002683333333333333
1024,pred_bs1_marginal_expansion,711,0.0025502835582233573
1024,cont_batch,711,0.0025916666666666666
1024,pred_bs1_marginal_expansion,712,0.0026761282703617766
1024,cont_batch,712,0.002533333333333333
1024,pred_bs1_marginal_expansion,713,0.002806091537480216
1024,cont_batch,713,0.0028750000000000004
1024,pred_bs1_marginal_expansion,714,0.0029398079831338686
1024,cont_batch,714,0.00285
1024,pred_bs1_marginal_expansion,715,0.0030767740065913225
1024,cont_batch,715,0.002841666666666667
1024,pred_bs1_marginal_expansion,716,0.0032163404302256162
1024,cont_batch,716,0.003116666666666667
1024,pred_bs1_marginal_expansion,717,0.0033577093238252886
1024,cont_batch,717,0.0035250000000000004
1024,pred_bs1_marginal_expansion,718,0.0034999354843851327
1024,cont_batch,718,0.0032416666666666666
1024,pred_bs1_marginal_expansion,719,0.0036419329064800747
1024,cont_batch,719,0.0033583333333333334
1024,pred_bs1_marginal_expansion,720,0.0037824864104270333
1024,cont_batch,720,0.003908333333333333
1024,pred_bs1_marginal_expansion,721,0.003920268409228862
1024,cont_batch,721,0.003416666666666667
1024,pred_bs1_marginal_expansion,722,0.004053860597528637
1024,cont_batch,722,0.004008333333333333
1024,pred_bs1_marginal_expansion,723,0.0041817801451261545
1024,cont_batch,723,0.003875
1024,pred_bs1_marginal_expansion,724,0.004302509782223045
1024,cont_batch,724,0.0045000000000000005
1024,pred_bs1_marginal_expansion,725,0.004414530982588567
1024,cont_batch,725,0.004183333333333333
1024,pred_bs1_marginal_expansion,726,0.004516359293277829
1024,cont_batch,726,0.0047
1024,pred_bs1_marginal_expansion,727,0.004606580732729985
1024,cont_batch,727,0.004733333333333333
1024,pred_bs1_marginal_expansion,728,0.004683888090746116
1024,cont_batch,728,0.004841666666666667
1024,pred_bs1_marginal_expansion,729,0.004747115918655138
1024,cont_batch,729,0.0049499999999999995
1024,pred_bs1_marginal_expansion,730,0.004795273000244171
1024,cont_batch,730,0.005108333333333333
1024,pred_bs1_marginal_expansion,731,0.0048275711445864245
1024,cont_batch,731,0.004591666666666667
1024,pred_bs1_marginal_expansion,732,0.00484344924082291
1024,cont_batch,732,0.005008333333333333
1024,pred_bs1_marginal_expansion,733,0.004842591658654591
1024,cont_batch,733,0.004658333333333334
1024,pred_bs1_marginal_expansion,734,0.004824940262300937
1024,cont_batch,734,0.004758333333333333
1024,pred_bs1_marginal_expansion,735,0.004790699522594177
1024,cont_batch,735,0.004883333333333333
1024,pred_bs1_marginal_expansion,736,0.004740334453430118
1024,cont_batch,736,0.0048
1024,pred_bs1_marginal_expansion,737,0.0046745613546024965
1024,cont_batch,737,0.004583333333333333
1024,pred_bs1_marginal_expansion,738,0.004594331603291491
1024,cont_batch,738,0.004658333333333334
1024,pred_bs1_marginal_expansion,739,0.004500808988834899
1024,cont_batch,739,0.0047666666666666664
1024,pred_bs1_marginal_expansion,740,0.004395341320839431
1024,cont_batch,740,0.004458333333333333
1024,pred_bs1_marginal_expansion,741,0.004279427247734393
1024,cont_batch,741,0.0044
1024,pred_bs1_marginal_expansion,742,0.004154679393581784
1024,cont_batch,742,0.0038666666666666667
1024,pred_bs1_marginal_expansion,743,0.00402278504805288
1024,cont_batch,743,0.0036916666666666664
1024,pred_bs1_marginal_expansion,744,0.0038854657226336433
1024,cont_batch,744,0.004333333333333333
1024,pred_bs1_marginal_expansion,745,0.003744436912502144
1024,cont_batch,745,0.00375
1024,pred_bs1_marginal_expansion,746,0.0036013693773745753
1024,cont_batch,746,0.0035749999999999996
1024,pred_bs1_marginal_expansion,747,0.003457853177487813
1024,cont_batch,747,0.003408333333333333
1024,pred_bs1_marginal_expansion,748,0.0033153655767821423
1024,cont_batch,748,0.003183333333333333
1024,pred_bs1_marginal_expansion,749,0.00317524375965843
1024,cont_batch,749,0.003241666666666666
1024,pred_bs1_marginal_expansion,750,0.0030386631083731347
1024,cont_batch,750,0.0029666666666666665
1024,pred_bs1_marginal_expansion,751,0.0029066215635573578
1024,cont_batch,751,0.0027999999999999995
1024,pred_bs1_marginal_expansion,752,0.0027799303502523227
1024,cont_batch,752,0.0027916666666666663
1024,pred_bs1_marginal_expansion,753,0.002659211106613365
1024,cont_batch,753,0.0026583333333333333
1024,pred_bs1_marginal_expansion,754,0.0025448992117405225
1024,cont_batch,754,0.0026999999999999997
1024,pred_bs1_marginal_expansion,755,0.002437252882855877
1024,cont_batch,755,0.0022666666666666664
1024,pred_bs1_marginal_expansion,756,0.002336367409027061
1024,cont_batch,756,0.0023666666666666667
1024,pred_bs1_marginal_expansion,757,0.0022421937163419913
1024,cont_batch,757,0.0023083333333333332
1024,pred_bs1_marginal_expansion,758,0.0021545603240406834
1024,cont_batch,758,0.00215
1024,pred_bs1_marginal_expansion,759,0.0020731976571085027
1024,cont_batch,759,0.0021249999999999997
1024,pred_bs1_marginal_expansion,760,0.0019977636306973984
1024,cont_batch,760,0.001925
1024,pred_bs1_marginal_expansion,761,0.0019278694163319243
1024,cont_batch,761,0.0020749999999999996
1024,pred_bs1_marginal_expansion,762,0.0018631043381366994
1024,cont_batch,762,0.0017833333333333334
1024,pred_bs1_marginal_expansion,763,0.0018030589263050897
1024,cont_batch,763,0.001875
1024,pred_bs1_marginal_expansion,764,0.001747345270616772
1024,cont_batch,764,0.0019416666666666666
1024,pred_bs1_marginal_expansion,765,0.0016956139631773466
1024,cont_batch,765,0.0018333333333333335
1024,pred_bs1_marginal_expansion,766,0.0016475670899840764
1024,cont_batch,766,0.001775
1024,pred_bs1_marginal_expansion,767,0.0016029669180514996
1024,cont_batch,767,0.0016
1024,pred_bs1_marginal_expansion,768,0.0015616401205441298
1024,cont_batch,768,0.001425
1024,pred_bs1_marginal_expansion,769,0.001523477578898572
1024,cont_batch,769,0.0015583333333333332
1024,pred_bs1_marginal_expansion,770,0.0014884299900328384
1024,cont_batch,770,0.001583333333333333
1024,pred_bs1_marginal_expansion,771,0.0014564996814892105
1024,cont_batch,771,0.0013166666666666665
1024,pred_bs1_marginal_expansion,772,0.0014277291907345265
1024,cont_batch,772,0.001375
1024,pred_bs1_marginal_expansion,773,0.0014021872914145765
1024,cont_batch,773,0.001425
1024,pred_bs1_marginal_expansion,774,0.0013799532444731962
1024,cont_batch,774,0.001475
1024,pred_bs1_marginal_expansion,775,0.0013611001126938845
1024,cont_batch,775,0.0012833333333333332
1024,pred_bs1_marginal_expansion,776,0.0013456780012420244
1024,cont_batch,776,0.0013916666666666665
1024,pred_bs1_marginal_expansion,777,0.001333698074332856
1024,cont_batch,777,0.0015
1024,pred_bs1_marginal_expansion,778,0.0013251181497191216
1024,cont_batch,778,0.0012833333333333334
1024,pred_bs1_marginal_expansion,779,0.001319830591225761
1024,cont_batch,779,0.0013583333333333334
1024,pred_bs1_marginal_expansion,780,0.0013176531085200606
1024,cont_batch,780,0.001425
1024,pred_bs1_marginal_expansion,781,0.0013183229377476634
1024,cont_batch,781,0.0012499999999999998
1024,pred_bs1_marginal_expansion,782,0.0013214947223018421
1024,cont_batch,782,0.0012333333333333332
1024,pred_bs1_marginal_expansion,783,0.001326742246586235
1024,cont_batch,783,0.0012666666666666666
1024,pred_bs1_marginal_expansion,784,0.0013335640041585214
1024,cont_batch,784,0.0012333333333333332
1024,pred_bs1_marginal_expansion,785,0.0013413924123953217
1024,cont_batch,785,0.0012083333333333334
1024,pred_bs1_marginal_expansion,786,0.001349606326069237
1024,cont_batch,786,0.0014416666666666666
1024,pred_bs1_marginal_expansion,787,0.0013575463587830242
1024,cont_batch,787,0.0014416666666666666
1024,pred_bs1_marginal_expansion,788,0.0013645324000736044
1024,cont_batch,788,0.0013666666666666666
1024,pred_bs1_marginal_expansion,789,0.0013698826226311263
1024,cont_batch,789,0.0014833333333333332
1024,pred_bs1_marginal_expansion,790,0.0013729332121364146
1024,cont_batch,790,0.0013166666666666665
1024,pred_bs1_marginal_expansion,791,0.001373058024474993
1024,cont_batch,791,0.0012666666666666666
1024,pred_bs1_marginal_expansion,792,0.0013696873825119935
1024,cont_batch,792,0.0014083333333333333
1024,pred_bs1_marginal_expansion,793,0.0013623252665346645
1024,cont_batch,793,0.0014249999999999998
1024,pred_bs1_marginal_expansion,794,0.0013505642267745634
1024,cont_batch,794,0.001275
1024,pred_bs1_marginal_expansion,795,0.0013340974492424501
1024,cont_batch,795,0.0013583333333333334
1024,pred_bs1_marginal_expansion,796,0.001312727532542972
1024,cont_batch,796,0.001325
1024,pred_bs1_marginal_expansion,797,0.0012863716769453092
1024,cont_batch,797,0.0013
1024,pred_bs1_marginal_expansion,798,0.0012550631409742217
1024,cont_batch,798,0.0012916666666666667
1024,pred_bs1_marginal_expansion,799,0.0012189489776471404
1024,cont_batch,799,0.0012083333333333334
1024,pred_bs1_marginal_expansion,800,0.001178284214833596
1024,cont_batch,800,0.0011
1024,pred_bs1_marginal_expansion,801,0.0011334227847885233
1024,cont_batch,801,0.0012749999999999999
1024,pred_bs1_marginal_expansion,802,0.0010848056306882424
1024,cont_batch,802,0.0010666666666666667
1024,pred_bs1_marginal_expansion,803,0.001032946517324101
1024,cont_batch,803,0.0010083333333333333
1024,pred_bs1_marginal_expansion,804,0.0009784161453620347
1024,cont_batch,804,0.0007833333333333334
1024,pred_bs1_marginal_expansion,805,0.0009218252112220203
1024,cont_batch,805,0.0009916666666666665
1024,pred_bs1_marginal_expansion,806,0.0008638070669577269
1024,cont_batch,806,0.0009416666666666666
1024,pred_bs1_marginal_expansion,807,0.0008050006173003078
1024,cont_batch,807,0.0008666666666666666
1024,pred_bs1_marginal_expansion,808,0.0007460340468596745
1024,cont_batch,808,0.0007833333333333334
1024,pred_bs1_marginal_expansion,809,0.0006875099027281975
1024,cont_batch,809,0.0005
1024,pred_bs1_marginal_expansion,810,0.000629991971486308
1024,cont_batch,810,0.0006916666666666667
1024,pred_bs1_marginal_expansion,811,0.0005739942900490794
1024,cont_batch,811,0.0005749999999999999
1024,pred_bs1_marginal_expansion,812,0.0005199725229658322
1024,cont_batch,812,0.00045000000000000004
1024,pred_bs1_marginal_expansion,813,0.0004683178304154174
1024,cont_batch,813,0.00042500000000000003
1024,pred_bs1_marginal_expansion,814,0.00041935324677558496
1024,cont_batch,814,0.00044166666666666665
1024,pred_bs1_marginal_expansion,815,0.0003733324941824701
1024,cont_batch,815,0.00030833333333333337
1024,pred_bs1_marginal_expansion,816,0.00033044107288545473
1024,cont_batch,816,0.0002833333333333333
1024,pred_bs1_marginal_expansion,817,0.00029079940342065897
1024,cont_batch,817,0.0003
1024,pred_bs1_marginal_expansion,818,0.00025446774643296516
1024,cont_batch,818,0.00021666666666666666
1024,pred_bs1_marginal_expansion,819,0.00022145259498857086
1024,cont_batch,819,0.00019166666666666667
1024,pred_bs1_marginal_expansion,820,0.00019171422098000516
1024,cont_batch,820,0.00018333333333333334
1024,pred_bs1_marginal_expansion,821,0.00016517506016641207
1024,cont_batch,821,0.00018333333333333334
1024,pred_bs1_marginal_expansion,822,0.00014172863728167804
1024,cont_batch,822,0.00015833333333333332
1024,pred_bs1_marginal_expansion,823,0.00012124876047798361
1024,cont_batch,823,0.00015833333333333332
1024,pred_bs1_marginal_expansion,824,0.0001035987498553352
1024,cont_batch,824,0.000125
1024,pred_bs1_marginal_expansion,825,8.864050445874603e-05
1024,cont_batch,825,6.666666666666667e-05
1024,pred_bs1_marginal_expansion,826,7.6243252452135e-05
1024,cont_batch,826,5.833333333333333e-05
1024,pred_bs1_marginal_expansion,827,6.629186703533688e-05
1024,cont_batch,827,6.666666666666667e-05
1024,pred_bs1_marginal_expansion,828,5.86946632998094e-05
1024,cont_batch,828,7.500000000000001e-05
1024,pred_bs1_marginal_expansion,829,5.339061644028631e-05
1024,cont_batch,829,5.833333333333333e-05
1024,pred_bs1_marginal_expansion,830,5.0355958044880314e-05
1024,cont_batch,830,5.833333333333333e-05
1024,pred_bs1_marginal_expansion,831,4.961011380832699e-05
1024,cont_batch,831,7.500000000000001e-05
1024,pred_bs1_marginal_expansion,832,5.122094294088144e-05
1024,cont_batch,832,3.3333333333333335e-05
1024,pred_bs1_marginal_expansion,833,5.530922752860129e-05
1024,cont_batch,833,6.666666666666667e-05
1024,pred_bs1_marginal_expansion,834,6.205234061241049e-05
1024,cont_batch,834,5.833333333333333e-05
1024,pred_bs1_marginal_expansion,835,7.168699688496411e-05
1024,cont_batch,835,9.166666666666667e-05
1024,pred_bs1_marginal_expansion,836,8.451096230734693e-05
1024,cont_batch,836,6.666666666666667e-05
1024,pred_bs1_marginal_expansion,837,0.00010088357166366217
1024,cont_batch,837,9.999999999999999e-05
1024,pred_bs1_marginal_expansion,838,0.00012122487938214343
1024,cont_batch,838,6.666666666666667e-05
1024,pred_bs1_marginal_expansion,839,0.00014601325222323832
1024,cont_batch,839,0.0002
1024,pred_bs1_marginal_expansion,840,0.00017578120587317033
1024,cont_batch,840,0.00014166666666666668
1024,pred_bs1_marginal_expansion,841,0.0002111092939781749
1024,cont_batch,841,0.0002
1024,pred_bs1_marginal_expansion,842,0.00025261788002714025
1024,cont_batch,842,0.00017499999999999997
1024,pred_bs1_marginal_expansion,843,0.0003009566613119475
1024,cont_batch,843,0.0003166666666666667
1024,pred_bs1_marginal_expansion,844,0.0003567918706245227
1024,cont_batch,844,0.0003166666666666667
1024,pred_bs1_marginal_expansion,845,0.00042079115492457285
1024,cont_batch,845,0.0004
1024,pred_bs1_marginal_expansion,846,0.0004936062193831146
1024,cont_batch,846,0.000475
1024,pred_bs1_marginal_expansion,847,0.0005758534271189885
1024,cont_batch,847,0.0006583333333333334
1024,pred_bs1_marginal_expansion,848,0.000668092655743285
1024,cont_batch,848,0.0006333333333333334
1024,pred_bs1_marginal_expansion,849,0.0007708048264247752
1024,cont_batch,849,0.0008416666666666666
1024,pred_bs1_marginal_expansion,850,0.0008843686339059734
1024,cont_batch,850,0.00085
1024,pred_bs1_marginal_expansion,851,0.0010090371102764925
1024,cont_batch,851,0.0010416666666666667
1024,pred_bs1_marginal_expansion,852,0.001144914744870799
1024,cont_batch,852,0.0011833333333333333
1024,pred_bs1_marginal_expansion,853,0.0012919359509251166
1024,cont_batch,853,0.0011333333333333334
1024,pred_bs1_marginal_expansion,854,0.0014498457108261915
1024,cont_batch,854,0.0014333333333333333
1024,pred_bs1_marginal_expansion,855,0.001618183240985679
1024,cont_batch,855,0.0017
1024,pred_bs1_marginal_expansion,856,0.0017962694911480225
1024,cont_batch,856,0.0017666666666666666
1024,pred_bs1_marginal_expansion,857,0.001983199229182422
1024,cont_batch,857,0.0018833333333333332
1024,pred_bs1_marginal_expansion,858,0.0021778383613213076
1024,cont_batch,858,0.002175
1024,pred_bs1_marginal_expansion,859,0.002378827001040481
1024,cont_batch,859,0.0024749999999999998
1024,pred_bs1_marginal_expansion,860,0.0025845886315312705
1024,cont_batch,860,0.0022583333333333335
1024,pred_bs1_marginal_expansion,861,0.0027933455125726003
1024,cont_batch,861,0.0029333333333333334
1024,pred_bs1_marginal_expansion,862,0.003003140270277865
1024,cont_batch,862,0.003275
1024,pred_bs1_marginal_expansion,863,0.0032118633864607164
1024,cont_batch,863,0.00335
1024,pred_bs1_marginal_expansion,864,0.0034172860832023897
1024,cont_batch,864,0.0034333333333333334
1024,pred_bs1_marginal_expansion,865,0.003617097887810624
1024,cont_batch,865,0.003675
1024,pred_bs1_marginal_expansion,866,0.0038089479742239216
1024,cont_batch,866,0.00385
1024,pred_bs1_marginal_expansion,867,0.003990489218420449
1024,cont_batch,867,0.003933333333333334
1024,pred_bs1_marginal_expansion,868,0.004159423786064477
1024,cont_batch,868,0.004525
1024,pred_bs1_marginal_expansion,869,0.004313548996819899
1024,cont_batch,869,0.004200000000000001
1024,pred_bs1_marginal_expansion,870,0.0044508021858052855
1024,cont_batch,870,0.004658333333333334
1024,pred_bs1_marginal_expansion,871,0.004569303309603363
1024,cont_batch,871,0.004608333333333333
1024,pred_bs1_marginal_expansion,872,0.004667394121033004
1024,cont_batch,872,0.004608333333333333
1024,pred_bs1_marginal_expansion,873,0.004743672858455597
1024,cont_batch,873,0.004591666666666667
1024,pred_bs1_marginal_expansion,874,0.004797023554639035
1024,cont_batch,874,0.004908333333333333
1024,pred_bs1_marginal_expansion,875,0.004826639257676552
1024,cont_batch,875,0.004541666666666666
1024,pred_bs1_marginal_expansion,876,0.004832038660510445
1024,cont_batch,876,0.004824999999999999
1024,pred_bs1_marginal_expansion,877,0.004813075845110365
1024,cont_batch,877,0.004541666666666667
1024,pred_bs1_marginal_expansion,878,0.004769943050156166
1024,cont_batch,878,0.004666666666666666
1024,pred_bs1_marginal_expansion,879,0.0047031665580160266
1024,cont_batch,879,0.004733333333333333
1024,pred_bs1_marginal_expansion,880,0.004613595959474385
1024,cont_batch,880,0.0044
1024,pred_bs1_marginal_expansion,881,0.0045023871895708036
1024,cont_batch,881,0.004316666666666667
1024,pred_bs1_marginal_expansion,882,0.0043709798331009846
1024,cont_batch,882,0.004458333333333333
1024,pred_bs1_marginal_expansion,883,0.004221069276707542
1024,cont_batch,883,0.004066666666666666
1024,pred_bs1_marginal_expansion,884,0.004054574341087906
1024,cont_batch,884,0.004125
1024,pred_bs1_marginal_expansion,885,0.00387360106865069
1024,cont_batch,885,0.0039250000000000005
1024,pred_bs1_marginal_expansion,886,0.0036804033765615828
1024,cont_batch,886,0.0035083333333333334
1024,pred_bs1_marginal_expansion,887,0.003477341319977161
1024,cont_batch,887,0.003808333333333333
1024,pred_bs1_marginal_expansion,888,0.003266837749814549
1024,cont_batch,888,0.0032166666666666667
1024,pred_bs1_marginal_expansion,889,0.003051334195959188
1024,cont_batch,889,0.0028666666666666667
1024,pred_bs1_marginal_expansion,890,0.0028332468583882847
1024,cont_batch,890,0.002758333333333333
1024,pred_bs1_marginal_expansion,891,0.002614923639788982
1024,cont_batch,891,0.002458333333333333
1024,pred_bs1_marginal_expansion,892,0.002398603194842054
1024,cont_batch,892,0.0024916666666666663
1024,pred_bs1_marginal_expansion,893,0.0021863769927812824
1024,cont_batch,893,0.00225
1024,pred_bs1_marginal_expansion,894,0.001980155379268503
1024,cont_batch,894,0.001975
1024,pred_bs1_marginal_expansion,895,0.0017816385707769
1024,cont_batch,895,0.0019166666666666666
1024,pred_bs1_marginal_expansion,896,0.0015922934122185365
1024,cont_batch,896,0.0014166666666666668
1024,pred_bs1_marginal_expansion,897,0.0014133365732420888
1024,cont_batch,897,0.001466666666666667
1024,pred_bs1_marginal_expansion,898,0.0012457246529872603
1024,cont_batch,898,0.0012916666666666667
1024,pred_bs1_marginal_expansion,899,0.0010901514152266605
1024,cont_batch,899,0.0011666666666666668
1024,pred_bs1_marginal_expansion,900,0.0009470520988538731
1024,cont_batch,900,0.0010583333333333332
1024,pred_bs1_marginal_expansion,901,0.0008166144603167778
1024,cont_batch,901,0.0008583333333333333
1024,pred_bs1_marginal_expansion,902,0.0006987959245938015
1024,cont_batch,902,0.0009333333333333333
1024,pred_bs1_marginal_expansion,903,0.000593345969917359
1024,cont_batch,903,0.000525
1024,pred_bs1_marginal_expansion,904,0.0004998326673345402
1024,cont_batch,904,0.0005416666666666666
1024,pred_bs1_marginal_expansion,905,0.00041767215397284674
1024,cont_batch,905,0.0004333333333333333
1024,pred_bs1_marginal_expansion,906,0.00034615974833871355
1024,cont_batch,906,0.0003333333333333334
1024,pred_bs1_marginal_expansion,907,0.00028450142040070664
1024,cont_batch,907,0.0002833333333333333
1024,pred_bs1_marginal_expansion,908,0.0002318444058759249
1024,cont_batch,908,0.0002666666666666666
1024,pred_bs1_marginal_expansion,909,0.0001873058942616911
1024,cont_batch,909,0.00014166666666666668
1024,pred_bs1_marginal_expansion,910,0.00014999891030360396
1024,cont_batch,910,0.00018333333333333334
1024,pred_bs1_marginal_expansion,911,0.00011905473216585372
1024,cont_batch,911,0.00018333333333333334
1024,pred_bs1_marginal_expansion,912,9.364142849024865e-05
1024,cont_batch,912,8.333333333333333e-05
1024,pred_bs1_marginal_expansion,913,7.297833309315618e-05
1024,cont_batch,913,7.5e-05
1024,pred_bs1_marginal_expansion,914,5.634649450689251e-05
1024,cont_batch,914,2.4999999999999998e-05
1024,pred_bs1_marginal_expansion,915,4.309532529632913e-05
1024,cont_batch,915,5.833333333333333e-05
1024,pred_bs1_marginal_expansion,916,3.2645824411573835e-05
1024,cont_batch,916,6.666666666666667e-05
1024,pred_bs1_marginal_expansion,917,2.449085030301518e-05
1024,cont_batch,917,4.166666666666667e-05
1024,pred_bs1_marginal_expansion,918,1.8192982702211466e-05
1024,cont_batch,918,8.333333333333334e-06
1024,pred_bs1_marginal_expansion,919,1.3380529938424488e-05
1024,cont_batch,919,8.333333333333334e-06
1024,pred_bs1_marginal_expansion,920,9.742222161546181e-06
1024,cont_batch,920,8.333333333333334e-06
1024,pred_bs1_marginal_expansion,921,7.021086371341203e-06
1024,cont_batch,921,8.333333333333334e-06
1024,pred_bs1_marginal_expansion,922,5.007934992982499e-06
1024,cont_batch,922,0.0
1024,pred_bs1_marginal_expansion,923,3.5348240890002224e-06
1024,cont_batch,923,0.0
1024,pred_bs1_marginal_expansion,924,2.4687576006127126e-06
1024,cont_batch,924,0.0
1024,pred_bs1_marginal_expansion,925,1.705836456658559e-06
1024,cont_batch,925,0.0
1024,pred_bs1_marginal_expansion,926,1.1659806501880983e-06
1024,cont_batch,926,8.333333333333334e-06
1024,pred_bs1_marginal_expansion,927,7.882915583623521e-07
1024,cont_batch,927,0.0
1024,pred_bs1_marginal_expansion,928,5.270724855455096e-07
1024,cont_batch,928,0.0
1024,pred_bs1_marginal_expansion,929,3.48487992911835e-07
1024,cont_batch,929,0.0
1024,pred_bs1_marginal_expansion,930,2.2781640848327582e-07
1024,cont_batch,930,0.0
1024,pred_bs1_marginal_expansion,931,1.4723367799951412e-07
1024,cont_batch,931,0.0
1024,pred_bs1_marginal_expansion,932,9.405872017365082e-08
1024,cont_batch,932,0.0
1024,pred_bs1_marginal_expansion,933,5.9388848232718306e-08
1024,cont_batch,933,0.0
1024,pred_bs1_marginal_expansion,934,3.7056826107662e-08
1024,cont_batch,934,0.0
1024,pred_bs1_marginal_expansion,935,2.2847140235260338e-08
1024,cont_batch,935,0.0
1024,pred_bs1_marginal_expansion,936,1.3916750340089053e-08
1024,cont_batch,936,0.0
1024,pred_bs1_marginal_expansion,937,8.373892607105296e-09
1024,cont_batch,937,0.0
1024,pred_bs1_marginal_expansion,938,4.976692197233842e-09
1024,cont_batch,938,0.0
1024,pred_bs1_marginal_expansion,939,2.920904203692247e-09
1024,cont_batch,939,0.0
1024,pred_bs1_marginal_expansion,940,1.6927593678624682e-09
1024,cont_batch,940,0.0
1024,pred_bs1_marginal_expansion,941,9.685267911748353e-10
1024,cont_batch,941,0.0
1024,pred_bs1_marginal_expansion,942,5.470190689305094e-10
1024,cont_batch,942,0.0
1024,pred_bs1_marginal_expansion,943,3.049315568566984e-10
1024,cont_batch,943,0.0
1024,pred_bs1_marginal_expansion,944,1.6774310644211222e-10
1024,cont_batch,944,0.0
1024,pred_bs1_marginal_expansion,945,9.104609196194e-11
1024,cont_batch,945,0.0
1024,pred_bs1_marginal_expansion,946,4.875090146387128e-11
1024,cont_batch,946,0.0
1024,pred_bs1_marginal_expansion,947,2.5747649382938183e-11
1024,cont_batch,947,0.0
1024,pred_bs1_marginal_expansion,948,1.3410758614718066e-11
1024,cont_batch,948,0.0
1024,pred_bs1_marginal_expansion,949,6.887402685210961e-12
1024,cont_batch,949,0.0
1024,pred_bs1_marginal_expansion,950,3.487127253620767e-12
1024,cont_batch,950,0.0
1024,pred_bs1_marginal_expansion,951,1.740251461453585e-12
1024,cont_batch,951,0.0
1024,pred_bs1_marginal_expansion,952,8.558709296835324e-13
1024,cont_batch,952,0.0
1024,pred_bs1_marginal_expansion,953,4.147376886365347e-13
1024,cont_batch,953,0.0
1024,pred_bs1_marginal_expansion,954,1.9798052086628086e-13
1024,cont_batch,954,0.0
1024,pred_bs1_marginal_expansion,955,9.308294875628075e-14
1024,cont_batch,955,0.0
1024,pred_bs1_marginal_expansion,956,4.309515707253312e-14
1024,cont_batch,956,0.0
1024,pred_bs1_marginal_expansion,957,1.9637069748057437e-14
1024,cont_batch,957,0.0
1024,pred_bs1_marginal_expansion,958,8.817021187231446e-15
1024,cont_batch,958,0.0
1024,pred_bs1_marginal_expansion,959,3.885780586188045e-15
1024,cont_batch,959,0.0
1024,pred_bs1_marginal_expansion,960,1.6930901125533621e-15
1024,cont_batch,960,0.0
1024,pred_bs1_marginal_expansion,961,7.216449660063511e-16
1024,cont_batch,961,0.0
1024,pred_bs1_marginal_expansion,962,3.006854025026463e-16
1024,cont_batch,962,0.0
1024,pred_bs1_marginal_expansion,963,1.2490009027032999e-16
1024,cont_batch,963,0.0
1024,pred_bs1_marginal_expansion,964,5.08852219619863e-17
1024,cont_batch,964,0.0
1024,pred_bs1_marginal_expansion,965,9.251858538542963e-18
1024,cont_batch,965,0.0
1024,pred_bs1_marginal_expansion,966,9.251858538542963e-18
1024,cont_batch,966,0.0
1024,pred_bs1_marginal_expansion,967,9.251858538542963e-18
1024,cont_batch,967,0.0
1024,pred_bs1_marginal_expansion,968,0.0
1024,cont_batch,968,0.0
1024,pred_bs1_marginal_expansion,969,0.0
1024,cont_batch,969,0.0
1024,pred_bs1_marginal_expansion,970,0.0
1024,cont_batch,970,0.0
1024,pred_bs1_marginal_expansion,971,0.0
1024,cont_batch,971,0.0
1024,pred_bs1_marginal_expansion,972,0.0
1024,cont_batch,972,0.0
1024,pred_bs1_marginal_expansion,973,0.0
1024,cont_batch,973,0.0
1024,pred_bs1_marginal_expansion,974,0.0
1024,cont_batch,974,0.0
1024,pred_bs1_marginal_expansion,975,0.0
1024,cont_batch,975,0.0
1024,pred_bs1_marginal_expansion,976,0.0
1024,cont_batch,976,0.0
1024,pred_bs1_marginal_expansion,977,0.0
1024,cont_batch,977,0.0
1024,pred_bs1_marginal_expansion,978,0.0
1024,cont_batch,978,0.0
1024,pred_bs1_marginal_expansion,979,0.0
1024,cont_batch,979,0.0
1024,pred_bs1_marginal_expansion,980,0.0
1024,cont_batch,980,0.0
1024,pred_bs1_marginal_expansion,981,0.0
1024,cont_batch,981,0.0
1024,pred_bs1_marginal_expansion,982,0.0
1024,cont_batch,982,0.0
1024,pred_bs1_marginal_expansion,983,0.0
1024,cont_batch,983,0.0
1024,pred_bs1_marginal_expansion,984,0.0
1024,cont_batch,984,0.0
1024,pred_bs1_marginal_expansion,985,0.0
1024,cont_batch,985,0.0
1024,pred_bs1_marginal_expansion,986,0.0
1024,cont_batch,986,0.0
1024,pred_bs1_marginal_expansion,987,0.0
1024,cont_batch,987,0.0
1024,pred_bs1_marginal_expansion,988,0.0
1024,cont_batch,988,0.0
1024,pred_bs1_marginal_expansion,989,0.0
1024,cont_batch,989,0.0
1024,pred_bs1_marginal_expansion,990,0.0
1024,cont_batch,990,0.0
1024,pred_bs1_marginal_expansion,991,0.0
1024,cont_batch,991,0.0
1024,pred_bs1_marginal_expansion,992,0.0
1024,cont_batch,992,0.0
1024,pred_bs1_marginal_expansion,993,0.0
1024,cont_batch,993,0.0
1024,pred_bs1_marginal_expansion,994,0.0
1024,cont_batch,994,0.0
1024,pred_bs1_marginal_expansion,995,0.0
1024,cont_batch,995,0.0
1024,pred_bs1_marginal_expansion,996,0.0
1024,cont_batch,996,0.0
1024,pred_bs1_marginal_expansion,997,0.0
1024,cont_batch,997,0.0
1024,pred_bs1_marginal_expansion,998,0.0
1024,cont_batch,998,0.0
1024,pred_bs1_marginal_expansion,999,0.0
1024,cont_batch,999,0.0
1024,pred_bs1_marginal_expansion,1000,0.0
1024,cont_batch,1000,0.0
1024,pred_bs1_marginal_expansion,1001,0.0
1024,cont_batch,1001,0.0
1024,pred_bs1_marginal_expansion,1002,0.0
1024,cont_batch,1002,0.0
1024,pred_bs1_marginal_expansion,1003,0.0
1024,cont_batch,1003,0.0
1024,pred_bs1_marginal_expansion,1004,0.0
1024,cont_batch,1004,0.0
1024,pred_bs1_marginal_expansion,1005,0.0
1024,cont_batch,1005,0.0
1024,pred_bs1_marginal_expansion,1006,0.0
1024,cont_batch,1006,0.0
1024,pred_bs1_marginal_expansion,1007,0.0
1024,cont_batch,1007,0.0
1024,pred_bs1_marginal_expansion,1008,0.0
1024,cont_batch,1008,0.0
1024,pred_bs1_marginal_expansion,1009,0.0
1024,cont_batch,1009,0.0
1024,pred_bs1_marginal_expansion,1010,0.0
1024,cont_batch,1010,0.0
1024,pred_bs1_marginal_expansion,1011,0.0
1024,cont_batch,1011,0.0
1024,pred_bs1_marginal_expansion,1012,0.0
1024,cont_batch,1012,0.0
1024,pred_bs1_marginal_expansion,1013,0.0
1024,cont_batch,1013,0.0
1024,pred_bs1_marginal_expansion,1014,0.0
1024,cont_batch,1014,0.0
1024,pred_bs1_marginal_expansion,1015,0.0
1024,cont_batch,1015,0.0
1024,pred_bs1_marginal_expansion,1016,0.0
1024,cont_batch,1016,0.0
1024,pred_bs1_marginal_expansion,1017,0.0
1024,cont_batch,1017,0.0
1024,pred_bs1_marginal_expansion,1018,0.0
1024,cont_batch,1018,0.0
1024,pred_bs1_marginal_expansion,1019,0.0
1024,cont_batch,1019,0.0
1024,pred_bs1_marginal_expansion,1020,0.0
1024,cont_batch,1020,0.0
1024,pred_bs1_marginal_expansion,1021,0.0
1024,cont_batch,1021,0.0
1024,pred_bs1_marginal_expansion,1022,0.0
1024,cont_batch,1022,0.0
1024,pred_bs1_marginal_expansion,1023,0.0
1024,cont_batch,1023,0.0
1024,pred_bs1_marginal_expansion,1024,0.0
1024,cont_batch,1024,0.0
